nan,nan,nan,-0.10651494562625885,-0.005270172376185656,-0.9942971467971802,-0.044463612139225006,0.4568043351173401,-1.2921075820922852,0.05224493891000748,0.4650096297264099,-1.2962148189544678,0.25628820061683655,0.49397963285446167,-1.2924234867095947,-0.23572978377342224,0.5001260638237,-1.2953460216522217,0.0,0.0011626571649685502,0.00010110061703016981,0.0013564333785325289,-0.0025190904270857573,0.0024264149833470583,0.0007751047378405929,-0.0021315379999578,-0.0010110063012689352,-0.003875523805618286,-0.0021315379999578,0.00010110061703016981,0.0,0.0,0.0,0.0,0.0,0.0,0.0,0.0,0.0,0.0,0.0,0.0,-0.04765955245494843,1.2651996223640443,-2.795922389316559,0.05542531657218933,1.2570107383441926,-2.7918233669281007,-0.33465831825733183,1.3002458235931398,-2.795055329608917,0.3551756182670593,1.2941116854858399,-2.7921386397361756
nan,nan,nan,-0.10649927705526352,-0.0052846018224954605,-0.9942987561225891,-0.044463612139225006,0.4568043351173401,-1.2921233177185059,0.05224493891000748,0.4650096297264099,-1.2962305545806885,0.25625792145729065,0.49400991201400757,-1.2924392223358154,-0.23569950461387634,0.5001563429832458,-1.295330286026001,-0.0007751047378405929,0.0021315379999578,-0.00040440246812067926,0.0013564333785325289,-0.005619509611278772,0.0012132074916735291,-0.001937761902809143,0.0025190904270857573,-0.001718710525892675,-0.0005813285824842751,-0.00019377618446014822,0.00040440246812067926,0.0,0.0,0.0,0.0,0.0,0.0,0.0,0.0,0.0,0.0,0.0,0.0,-0.047564042329788205,1.2653896030807497,-2.7956299596786502,0.055314243793487546,1.2572171296501158,-2.7915391517639163,-0.3335868587017059,1.3003655714416502,-2.794764637565613,0.35406304187774656,1.2942437261962891,-2.7918537927627565
nan,nan,nan,-0.10649944841861725,-0.005252609960734844,-0.9942988753318787,-0.04443333297967911,0.4568043351173401,-1.2921233177185059,0.05221465975046158,0.4650096297264099,-1.2962305545806885,0.25622764229774475,0.49400991201400757,-1.2923917770385742,-0.23566922545433044,0.5001260638237,-1.295330286026001,-0.0007751047378405929,0.003487971378490329,-0.0010110063012689352,-0.0017439856892451644,-0.0029066430870443583,0.0007077043410390615,-0.001937761902809143,0.0025190904270857573,-0.0005055031506344676,0.0009688809514045715,0.0005813285824842751,-0.0005055031506344676,0.0,0.0,0.0,0.0,0.0,0.0,0.0,0.0,0.0,0.0,0.0,0.0,-0.04746853220462799,1.2655795837974548,-2.7953375300407406,0.055203171014785765,1.2574235209560394,-2.7912549365997315,-0.33251539914608,1.300485319290161,-2.794473945522308,0.35295046548843384,1.2943757669067382,-2.791568945789337
nan,nan,nan,-0.10649474710226059,-0.00525351706892252,-0.9942994117736816,-0.04443333297967911,0.4567437767982483,-1.2921233177185059,0.05224493891000748,0.4650399088859558,-1.2962148189544678,0.25619736313819885,0.49397963285446167,-1.2923917770385742,-0.23563894629478455,0.500095784664154,-1.295330286026001,-0.0009688809514045715,-0.0023253143299371004,-0.0007077043410390615,0.0027128667570650578,-0.0005813285824842751,0.0023253143299371004,-0.003294195281341672,-0.0011626571649685502,0.0,-0.00019377618446014822,-0.004650628659874201,0.0,0.0,0.0,0.0,0.0,0.0,0.0,0.0,0.0,0.0,0.0,0.0,0.0,-0.04737302207946777,1.2657695645141602,-2.795045100402832,0.055092098236083985,1.257629912261963,-2.7909707214355466,-0.3314439395904541,1.300605067138672,-2.794183253479004,0.3518378890991211,1.2945078076171874,-2.7912840988159178
nan,nan,nan,-0.10654328018426895,-0.005279280710965395,-0.9942940473556519,-0.04440305382013321,0.4567740559577942,-1.2921233177185059,0.05224493891000748,0.4650399088859558,-1.2962462902069092,0.25622764229774475,0.49400991201400757,-1.2923917770385742,-0.23563894629478455,0.5001260638237,-1.295330286026001,0.0021315379999578,0.00019377618446014822,-0.0007077043410390615,0.0009688809514045715,-0.0013564333785325289,-0.0009099055896513164,0.0,0.0023253143299371004,-0.001415408682078123,-0.0015502094756811857,-0.0027128667570650578,-0.0005055031506344676,0.0,0.0,0.0,0.0,0.0,0.0,0.0,0.0,0.0,0.0,0.0,0.0,-0.04727751195430756,1.2659595452308656,-2.794752670764923,0.054981025457382204,1.2578363035678863,-2.790686506271362,-0.33037248003482816,1.3007248149871826,-2.7938925614356993,0.35072531270980833,1.2946398483276367,-2.7909992518424986
nan,nan,nan,-0.10652226209640503,-0.0052894242107868195,-0.9942962527275085,-0.04440305382013321,0.4567740559577942,-1.2921233177185059,0.05221465975046158,0.4650701880455017,-1.2962305545806885,0.25616708397865295,0.49400991201400757,-1.2923917770385742,-0.23557838797569275,0.5001563429832458,-1.2953145503997803,0.001937761902809143,0.00019377618446014822,-0.0011121068382635713,-0.0007751047378405929,0.0007751047378405929,0.00040440246812067926,-0.0015502094756811857,0.0017439856892451644,-0.0012132074916735291,0.0005813285824842751,-0.00019377618446014822,0.0,0.0,0.0,0.0,0.0,0.0,0.0,0.0,0.0,0.0,0.0,0.0,0.0,-0.047182001829147335,1.2661495259475708,-2.7944602411270143,0.05486995267868042,1.2580426948738097,-2.7904022911071777,-0.32930102047920223,1.3008445628356933,-2.793601869392395,0.3496127363204956,1.2947718890380857,-2.7907144048690795
nan,nan,nan,-0.10648001730442047,-0.005254095420241356,-0.9943009614944458,-0.04440305382013321,0.4567740559577942,-1.2921233177185059,0.05224493891000748,0.4650399088859558,-1.2962305545806885,0.25613680481910706,0.49404019117355347,-1.2923760414123535,-0.23551782965660095,0.5001563429832458,-1.2953145503997803,0.0011626571649685502,0.0,-0.0011121068382635713,0.001937761902809143,-0.0027128667570650578,0.00040440246812067926,-0.0015502094756811857,0.004650628659874201,0.00010110061703016981,0.0009688809514045715,-0.00019377618446014822,-0.00040440246812067926,0.0,0.0,0.0,0.0,0.0,0.0,0.0,0.0,0.0,0.0,0.0,0.0,-0.04708649170398712,1.266339506664276,-2.7941678114891055,0.05475887989997864,1.2582490861797333,-2.7901180759429933,-0.3282295609235763,1.300964310684204,-2.7933111773490906,0.34850015993118283,1.2949039297485352,-2.7904295578956604
nan,nan,nan,-0.10650037229061127,-0.0053102015517652035,-0.9942984580993652,-0.04437277466058731,0.4567740559577942,-1.2921233177185059,0.05224493891000748,0.4650399088859558,-1.2962305545806885,0.25613680481910706,0.49400991201400757,-1.2923917770385742,-0.23551782965660095,0.5001563429832458,-1.2953145503997803,0.0025190904270857573,0.0,-0.0011121068382635713,0.0009688809514045715,0.0009688809514045715,0.0003033018729183823,0.0,0.0021315379999578,-0.001415408682078123,-0.0021315379999578,-0.0021315379999578,-0.0003033018729183823,0.0,0.0,0.0,0.0,0.0,0.0,0.0,0.0,0.0,0.0,0.0,0.0,-0.046990981578826904,1.2665294873809814,-2.7938753818511963,0.054647807121276856,1.2584554774856567,-2.789833860778809,-0.3271581013679504,1.3010840585327148,-2.7930204853057865,0.3473875835418701,1.2950359704589844,-2.7901447109222413
nan,nan,nan,-0.10648880898952484,-0.00532329548150301,-0.9942996501922607,-0.04440305382013321,0.456834614276886,-1.2921075820922852,0.05224493891000748,0.4650096297264099,-1.2962305545806885,0.25607624650001526,0.49397963285446167,-1.2923917770385742,-0.23545727133750916,0.5001563429832458,-1.295330286026001,-0.0005813285824842751,0.0023253143299371004,0.0005055031506344676,0.0013564333785325289,-0.0029066430870443583,0.0011121068382635713,-0.0007751047378405929,0.0,-0.0010110063012689352,-0.0042630759999156,-0.0017439856892451644,-0.001516509335488081,0.0,0.0,0.0,0.0,0.0,0.0,0.0,0.0,0.0,0.0,0.0,0.0,-0.04689547145366669,1.2667194680976868,-2.793582952213287,0.05453673434257507,1.2586618687915803,-2.789549645614624,-0.32608664181232455,1.3012038063812257,-2.7927297932624815,0.3462750071525574,1.2951680111694337,-2.7898598639488217
nan,nan,nan,-0.10650850832462311,-0.005346763413399458,-0.9942973852157593,-0.04437277466058731,0.456834614276886,-1.2921233177185059,0.05224493891000748,0.46510034799575806,-1.2962305545806885,0.25598546862602234,0.49397963285446167,-1.2923917770385742,-0.23539671301841736,0.5001866221427917,-1.2952828407287598,0.0011626571649685502,0.0011626571649685502,-0.0010110063012689352,0.0007751047378405929,-0.0015502094756811857,0.001415408682078123,-0.001937761902809143,-0.00038755236892029643,-0.00040440246812067926,-0.001937761902809143,0.0009688809514045715,0.002931918017566204,0.0,0.0,0.0,0.0,0.0,0.0,0.0,0.0,0.0,0.0,0.0,0.0,-0.046799961328506466,1.2669094488143922,-2.7932905225753784,0.05442566156387329,1.2588682600975039,-2.789265430450439,-0.3250151822566986,1.3013235542297363,-2.792439101219177,0.3451624307632446,1.295300051879883,-2.7895750169754026
nan,nan,nan,-0.10646799206733704,-0.005343875847756863,-0.9943017959594727,-0.04440305382013321,0.4568043351173401,-1.2921075820922852,0.052275218069553375,0.4650399088859558,-1.2962148189544678,0.25595518946647644,0.49397963285446167,-1.2923760414123535,-0.23533615469932556,0.5001866221427917,-1.295330286026001,-0.0025190904270857573,-0.0009688809514045715,0.0005055031506344676,0.0029066430870443583,-0.007363495416939259,0.0018198111793026328,-0.0021315379999578,-0.00019377618446014822,0.0003033018729183823,-0.0009688809514045715,0.0009688809514045715,-0.001516509335488081,0.0,0.0,0.0,0.0,0.0,0.0,0.0,0.0,0.0,0.0,0.0,0.0,-0.04670445120334625,1.2670994295310973,-2.7929980929374696,0.05431458878517151,1.259074651403427,-2.7889812152862548,-0.3239437227010727,1.301443302078247,-2.792148409175873,0.3440498543739319,1.295432092590332,-2.7892901700019834
nan,nan,nan,-0.1064429059624672,-0.0053706387989223,-0.9943042993545532,-0.04434249550104141,0.4568043351173401,-1.2921075820922852,0.052275218069553375,0.46510034799575806,-1.2962305545806885,0.25592491030693054,0.49400991201400757,-1.2922813892364502,-0.23527559638023376,0.5001563429832458,-1.2952196598052979,0.001937761902809143,-0.0015502094756811857,-0.0010110063012689352,0.0023253143299371004,-0.0015502094756811857,-0.00040440246812067926,0.0009688809514045715,0.001937761902809143,0.00010110061703016981,-0.0015502094756811857,-0.0025190904270857573,0.0027297167107462883,0.0,0.0,0.0,0.0,0.0,0.0,0.0,0.0,0.0,0.0,0.0,0.0,-0.046608941078186035,1.2672894102478027,-2.7927056632995604,0.05420351600646973,1.2592810427093506,-2.7886970001220703,-0.32287226314544676,1.3015630499267579,-2.7918577171325683,0.3429372779846191,1.2955641333007812,-2.7890053230285643
nan,nan,nan,-0.10641638934612274,-0.005392588209360838,-0.9943070411682129,-0.04434249550104141,0.4568648934364319,-1.2921075820922852,0.05221465975046158,0.46513062715530396,-1.2962305545806885,0.25583407282829285,0.49400991201400757,-1.2920444011688232,-0.23521503806114197,0.5001563429832458,-1.2952196598052979,0.001937761902809143,0.003875523805618286,-0.0007077043410390615,-0.0017439856892451644,0.0013564333785325289,-0.0003033018729183823,-0.0015502094756811857,0.0005813285824842751,0.0,-0.00019377618446014822,-0.0021315379999578,0.0024264149833470583,0.0,0.0,0.0,0.0,0.0,0.0,0.0,0.0,0.0,0.0,0.0,0.0,-0.04651343095302582,1.2674793909645081,-2.7924132336616516,0.05409244322776794,1.2594874340152742,-2.788412784957886,-0.3218008035898209,1.3016827977752685,-2.791567025089264,0.3418247015953064,1.2956961740112305,-2.788720476055145
nan,nan,nan,-0.10639328509569168,-0.005355635192245245,-0.9943097233772278,-0.04440305382013321,0.4568648934364319,-1.2920918464660645,0.052275218069553375,0.4650701880455017,-1.2962148189544678,0.25583407282829285,0.49407047033309937,-1.2917284965515137,-0.23509392142295837,0.5001866221427917,-1.2952353954315186,-0.0017439856892451644,0.0042630759999156,0.00020220123406033963,0.003875523805618286,-0.0017439856892451644,0.0006066037458367646,0.0,0.004456852562725544,-0.0010110063012689352,0.0007751047378405929,0.0,0.0010110063012689352,0.0,0.0,0.0,0.0,0.0,0.0,0.0,0.0,0.0,0.0,0.0,0.0,-0.0464179208278656,1.2676693716812135,-2.7921208040237424,0.05398137044906616,1.2596938253211976,-2.788128569793701,-0.32072934403419495,1.3018025456237794,-2.791276333045959,0.34071212520599364,1.2958282147216797,-2.788435629081726
nan,nan,nan,-0.10642269998788834,-0.0053190854378044605,-0.994306743144989,-0.044463612139225006,0.456834614276886,-1.2920918464660645,0.05224493891000748,0.4650701880455017,-1.2962305545806885,0.25574323534965515,0.49404019117355347,-1.2916178703308105,-0.23500308394432068,0.5002169013023376,-1.2952513694763184,-0.0027128667570650578,0.0005813285824842751,0.00040440246812067926,0.0007751047378405929,-0.0017439856892451644,-0.0018198111793026328,-0.00019377618446014822,0.001937761902809143,-0.00020220123406033963,0.0009688809514045715,-0.0007751047378405929,-0.0003033018729183823,0.0,0.0,0.0,0.0,0.0,0.0,0.0,0.0,0.0,0.0,0.0,0.0,-0.04632241070270538,1.2678593523979187,-2.7918283743858336,0.05387029767036438,1.259900216627121,-2.7878443546295166,-0.319657884478569,1.30192229347229,-2.790985641002655,0.3395995488166809,1.2959602554321288,-2.788150782108307
nan,nan,nan,-0.10639921575784683,-0.005338235758244991,-0.9943091869354248,-0.04443333297967911,0.456834614276886,-1.2921075820922852,0.05218438059091568,0.4650701880455017,-1.2962305545806885,0.25565239787101746,0.49400991201400757,-1.29158616065979,-0.23497280478477478,0.5002169013023376,-1.2952353954315186,0.0011626571649685502,0.001937761902809143,-0.0008088049362413585,-0.004844404757022858,0.0009688809514045715,-0.0007077043410390615,-0.0013564333785325289,-0.0017439856892451644,0.00040440246812067926,-0.00019377618446014822,-0.0021315379999578,0.0007077043410390615,0.0,0.0,0.0,0.0,0.0,0.0,0.0,0.0,0.0,0.0,0.0,0.0,-0.046226900577545166,1.268049333114624,-2.791535944747925,0.0537592248916626,1.2601066079330443,-2.7875601394653318,-0.3185864249229431,1.3020420413208007,-2.7906949489593504,0.33848697242736814,1.296092296142578,-2.787865935134888
nan,nan,nan,-0.10640350729227066,-0.005348995327949524,-0.9943086504936218,-0.04440305382013321,0.456834614276886,-1.2921075820922852,0.052275218069553375,0.46510034799575806,-1.296198844909668,0.25559183955192566,0.49404019117355347,-1.29158616065979,-0.23494252562522888,0.5002169013023376,-1.2952513694763184,0.0029066430870443583,-0.0007751047378405929,-0.0009099055896513164,0.0036817477084696293,0.00019377618446014822,0.002628616290166974,-0.0013564333785325289,0.0015502094756811857,-0.0010110063012689352,-0.0029066430870443583,-0.001937761902809143,-0.0005055031506344676,0.0,0.0,0.0,0.0,0.0,0.0,0.0,0.0,0.0,0.0,0.0,0.0,-0.04613139045238495,1.2682393138313293,-2.7912435151100157,0.05364815211296081,1.260312999238968,-2.7872759243011473,-0.31751496536731716,1.3021617891693116,-2.7904042569160463,0.33737439603805536,1.2962243368530273,-2.7875810881614687
nan,nan,nan,-0.10641486942768097,-0.005361203104257584,-0.9943073391914368,-0.04443333297967911,0.4568648934364319,-1.2921075820922852,0.05224493891000748,0.46516090631484985,-1.2962148189544678,0.25550100207328796,0.49400991201400757,-1.2916021347045898,-0.23482146859169006,0.5002774596214294,-1.2952513694763184,-0.0009688809514045715,0.0011626571649685502,-0.0007077043410390615,0.0,-0.0007751047378405929,0.0010110063012689352,-0.0009688809514045715,-0.0013564333785325289,-0.002628616290166974,-0.0027128667570650578,0.0021315379999578,0.001415408682078123,0.0,0.0,0.0,0.0,0.0,0.0,0.0,0.0,0.0,0.0,0.0,0.0,-0.04603588032722473,1.2684292945480347,-2.790951085472107,0.05353707933425903,1.2605193905448915,-2.786991709136963,-0.3164435058116913,1.3022815370178222,-2.7901135648727418,0.3362618196487427,1.2963563775634765,-2.7872962411880495
nan,nan,nan,-0.1064402312040329,-0.005362718366086483,-0.9943046569824219,-0.04443333297967911,0.4568648934364319,-1.2921233177185059,0.05224493891000748,0.46522146463394165,-1.296198844909668,0.25537988543510437,0.49404019117355347,-1.2915546894073486,-0.23479118943214417,0.5002471804618835,-1.2952513694763184,0.0009688809514045715,0.001937761902809143,-0.0024264149833470583,0.0007751047378405929,0.00019377618446014822,0.001516509335488081,-0.0027128667570650578,0.0015502094756811857,0.001617609872482717,-0.0005813285824842751,-0.001937761902809143,0.00020220123406033963,0.0,0.0,0.0,0.0,0.0,0.0,0.0,0.0,0.0,0.0,0.0,0.0,-0.04594037020206451,1.2686192752647398,-2.790658655834198,0.05342600655555725,1.2607257818508146,-2.7867074939727785,-0.31537204625606535,1.3024012848663329,-2.789822872829437,0.3351492432594299,1.2964884182739256,-2.7870113942146304
nan,nan,nan,-0.10641886293888092,-0.005368147511035204,-0.9943069219589233,-0.04440305382013321,0.4568648934364319,-1.2921075820922852,0.05224493891000748,0.46525174379348755,-1.2962148189544678,0.2553193271160126,0.49404019117355347,-1.2915546894073486,-0.23467007279396057,0.5002774596214294,-1.2952353954315186,0.0031004189513623714,0.001937761902809143,-0.0010110063012689352,-0.00038755236892029643,-0.001937761902809143,0.0008088049362413585,-0.00019377618446014822,0.001937761902809143,0.0003033018729183823,0.0,-0.0027128667570650578,-0.00010110061703016981,0.0,0.0,0.0,0.0,0.0,0.0,0.0,0.0,0.0,0.0,0.0,0.0,-0.0458448600769043,1.2688092559814452,-2.790366226196289,0.053314933776855464,1.2609321731567382,-2.7864232788085936,-0.3143005867004394,1.3025210327148438,-2.7895321807861326,0.3340366668701172,1.296620458984375,-2.786726547241211
nan,nan,nan,-0.10642876476049423,-0.005360264331102371,-0.9943059086799622,-0.04440305382013321,0.4568648934364319,-1.2921075820922852,0.052275218069553375,0.46531230211257935,-1.296198844909668,0.2552587687969208,0.49404019117355347,-1.2915704250335693,-0.23454895615577698,0.5002774596214294,-1.2952353954315186,0.0009688809514045715,0.001937761902809143,-0.0010110063012689352,0.0017439856892451644,0.0,0.0024264149833470583,0.0009688809514045715,0.0005813285824842751,-0.0005055031506344676,-0.0025190904270857573,-0.001937761902809143,0.0003033018729183823,0.0,0.0,0.0,0.0,0.0,0.0,0.0,0.0,0.0,0.0,0.0,0.0,-0.04574934995174408,1.2689992366981506,-2.79007379655838,0.05320386099815368,1.2611385644626618,-2.786139063644409,-0.3132291271448135,1.3026407805633544,-2.789241488742828,0.3329240904808044,1.2967524996948243,-2.7864417002677917
nan,nan,nan,-0.10643181949853897,-0.00540169095620513,-0.9943053126335144,-0.04440305382013321,0.4568648934364319,-1.2921075820922852,0.052275218069553375,0.46534258127212524,-1.296198844909668,0.2550770938396454,0.49404019117355347,-1.2915546894073486,-0.23448839783668518,0.5002774596214294,-1.2952039241790771,0.0029066430870443583,0.001937761902809143,-0.0006066037458367646,0.0013564333785325289,-0.001937761902809143,0.0009099055896513164,-0.0027128667570650578,0.00019377618446014822,0.0,-0.0013564333785325289,-0.0029066430870443583,0.001516509335488081,0.0,0.0,0.0,0.0,0.0,0.0,0.0,0.0,0.0,0.0,0.0,0.0,-0.04565383982658386,1.269189217414856,-2.789781366920471,0.0530927882194519,1.2613449557685852,-2.7858548484802244,-0.31215766758918756,1.3027605284118653,-2.788950796699524,0.3318115140914917,1.2968845404052736,-2.7861568532943726
nan,nan,nan,-0.10639175027608871,-0.005383584648370743,-0.9943097233772278,-0.04440305382013321,0.4568951725959778,-1.2920761108398438,0.052275218069553375,0.46537286043167114,-1.2962148189544678,0.2550770938396454,0.49404019117355347,-1.2915704250335693,-0.2343370020389557,0.5003077387809753,-1.2951407432556152,0.0027128667570650578,0.004069299902766943,0.0007077043410390615,0.001937761902809143,0.0011626571649685502,0.0011121068382635713,0.001937761902809143,0.0011626571649685502,-0.0012132074916735291,0.0005813285824842751,0.00019377618446014822,0.0009099055896513164,0.0,0.0,0.0,0.0,0.0,0.0,0.0,0.0,0.0,0.0,0.0,0.0,-0.04555832970142364,1.2693791981315612,-2.789488937282562,0.05298171544075012,1.2615513470745086,-2.78557063331604,-0.3110862080335617,1.302880276260376,-2.7886601046562194,0.33069893770217895,1.2970165811157226,-2.7858720063209534
nan,nan,nan,-0.10638256371021271,-0.005365100223571062,-0.9943107962608337,-0.04443333297967911,0.4568648934364319,-1.2920761108398438,0.052275218069553375,0.46534258127212524,-1.296198844909668,0.25495603680610657,0.49400991201400757,-1.2915704250335693,-0.2343067228794098,0.5003380179405212,-1.2951407432556152,0.0,0.001937761902809143,0.00040440246812067926,0.0029066430870443583,-0.0013564333785325289,0.0010110063012689352,-0.0023253143299371004,-0.0023253143299371004,-0.0008088049362413585,-0.0025190904270857573,0.00038755236892029643,-0.001718710525892675,0.0,0.0,0.0,0.0,0.0,0.0,0.0,0.0,0.0,0.0,0.0,0.0,-0.04546281957626343,1.2695691788482666,-2.7891965076446534,0.052870642662048335,1.2617577383804321,-2.7852864181518555,-0.31001474847793575,1.3030000241088866,-2.7883694126129153,0.32958636131286617,1.2971486218261719,-2.7855871593475343
nan,nan,nan,-0.10635914653539658,-0.005354119930416346,-0.9943133592605591,-0.04440305382013321,0.4568648934364319,-1.2920918464660645,0.052275218069553375,0.46534258127212524,-1.296198844909668,0.254834920167923,0.49400991201400757,-1.2915546894073486,-0.234246164560318,0.5003077387809753,-1.2951090335845947,0.001937761902809143,-0.0007751047378405929,-0.0008088049362413585,0.0025190904270857573,-0.001937761902809143,0.0010110063012689352,0.00038755236892029643,-0.003294195281341672,-0.0006066037458367646,-0.0027128667570650578,-0.0027128667570650578,0.0007077043410390615,0.0,0.0,0.0,0.0,0.0,0.0,0.0,0.0,0.0,0.0,0.0,0.0,-0.045367309451103205,1.269759159564972,-2.7889040780067447,0.052759569883346555,1.2619641296863555,-2.785002202987671,-0.3089432889223099,1.3031197719573975,-2.7880787205696107,0.32847378492355345,1.297280662536621,-2.785302312374115
nan,nan,nan,-0.1063707247376442,-0.0054366071708500385,-0.9943116903305054,-0.04437277466058731,0.4569254517555237,-1.2920918464660645,0.052275218069553375,0.46540313959121704,-1.296198844909668,0.2546229660511017,0.49413102865219116,-1.2915072441101074,-0.2340947687625885,0.5003380179405212,-1.2951090335845947,0.003875523805618286,0.001937761902809143,-0.001617609872482717,0.001937761902809143,0.0015502094756811857,0.0010110063012689352,-0.004456852562725544,0.004456852562725544,-0.00020220123406033963,-0.0027128667570650578,0.0,0.0010110063012689352,0.0,0.0,0.0,0.0,0.0,0.0,0.0,0.0,0.0,0.0,0.0,0.0,-0.04527179932594299,1.2699491402816774,-2.7886116483688355,0.052648497104644774,1.262170520992279,-2.7847179878234862,-0.30787182936668395,1.3032395198059084,-2.787788028526306,0.32736120853424067,1.2974127032470704,-2.7850174654006956
nan,nan,nan,-0.1063510850071907,-0.005504245404154062,-0.9943134188652039,-0.04443333297967911,0.4569254517555237,-1.2920761108398438,0.05221465975046158,0.46540313959121704,-1.2962148189544678,0.2544715702533722,0.49416130781173706,-1.2914915084838867,-0.2340342104434967,0.5003682971000671,-1.2951090335845947,0.00038755236892029643,0.001937761902809143,-0.00040440246812067926,0.0029066430870443583,0.0009688809514045715,-0.0005055031506344676,-0.0031004189513623714,0.0011626571649685502,0.0005055031506344676,-0.00038755236892029643,0.0023253143299371004,0.0010110063012689352,0.0,0.0,0.0,0.0,0.0,0.0,0.0,0.0,0.0,0.0,0.0,0.0,-0.045176289200782774,1.2701391209983826,-2.7883192187309263,0.05253742432594299,1.2623769122982025,-2.784433772659302,-0.306800369811058,1.3033592676544188,-2.7874973364830016,0.32624863214492794,1.2975447439575194,-2.7847326184272765
nan,nan,nan,-0.10630699247121811,-0.005455027334392071,-0.9943183660507202,-0.04440305382013321,0.4569254517555237,-1.2920918464660645,0.052275218069553375,0.46549397706985474,-1.296198844909668,0.2543201744556427,0.49413102865219116,-1.291475772857666,-0.2338828146457672,0.5003380179405212,-1.295093297958374,0.0021315379999578,0.001937761902809143,-0.0023253143299371004,0.0013564333785325289,-0.001937761902809143,0.0012132074916735291,-0.0007751047378405929,0.001937761902809143,0.0006066037458367646,0.0,-0.001937761902809143,0.001314308145083487,0.0,0.0,0.0,0.0,0.0,0.0,0.0,0.0,0.0,0.0,0.0,0.0,-0.04508077907562256,1.2703291017150877,-2.7880267890930175,0.05242635154724121,1.2625833036041259,-2.784149557495117,-0.30572891025543214,1.3034790155029297,-2.787206644439697,0.3251360557556152,1.2976767846679687,-2.7844477714538574
nan,nan,nan,-0.10633764415979385,-0.005487523041665554,-0.9943149089813232,-0.044463612139225006,0.4568951725959778,-1.2920761108398438,0.052275218069553375,0.46552425622940063,-1.296198844909668,0.254229336977005,0.49416130781173706,-1.2914915084838867,-0.23379197716712952,0.5004288554191589,-1.295093297958374,0.0027128667570650578,-0.0011626571649685502,-0.0012132074916735291,0.0023253143299371004,-0.0027128667570650578,0.0007077043410390615,-0.0013564333785325289,0.003294195281341672,-0.001617609872482717,-0.0021315379999578,0.00038755236892029643,-0.0012132074916735291,0.0,0.0,0.0,0.0,0.0,0.0,0.0,0.0,0.0,0.0,0.0,0.0,-0.044985268950462336,1.2705190824317931,-2.7877343594551087,0.052315278768539426,1.2627896949100494,-2.7838653423309325,-0.3046574506998062,1.3035987633514403,-2.786915952396393,0.3240234793663025,1.297808825378418,-2.7841629244804382
nan,nan,nan,-0.10634183883666992,-0.005513390526175499,-0.9943143725395203,-0.044493891298770905,0.4569254517555237,-1.2920761108398438,0.052275218069553375,0.46552425622940063,-1.296198844909668,0.2540779411792755,0.49413102865219116,-1.2914597988128662,-0.2336709201335907,0.500398576259613,-1.2950615882873535,0.0,0.0015502094756811857,-0.0007077043410390615,0.001937761902809143,-0.0013564333785325289,0.0007077043410390615,-0.0005813285824842751,-0.0009688809514045715,0.0009099055896513164,0.0013564333785325289,-0.0029066430870443583,0.0022242136765271425,0.0,0.0,0.0,0.0,0.0,0.0,0.0,0.0,0.0,0.0,0.0,0.0,-0.04488975882530212,1.2707090631484985,-2.7874419298172,0.052204205989837646,1.262996086215973,-2.783581127166748,-0.3035859911441803,1.3037185111999512,-2.7866252603530883,0.3229109029769897,1.2979408660888672,-2.783878077507019
nan,nan,nan,-0.10631519556045532,-0.0054787155240774155,-0.9943174123764038,-0.044493891298770905,0.4569254517555237,-1.292060136795044,0.052305497229099274,0.46555453538894653,-1.296198844909668,0.253926545381546,0.49416130781173706,-1.2914597988128662,-0.2335498034954071,0.5004288554191589,-1.2950775623321533,0.0009688809514045715,0.0023253143299371004,0.0005055031506344676,0.004844404757022858,-0.001937761902809143,0.0008088049362413585,-0.0031004189513623714,0.001937761902809143,0.0003033018729183823,0.001937761902809143,-0.0021315379999578,0.0010110063012689352,0.0,0.0,0.0,0.0,0.0,0.0,0.0,0.0,0.0,0.0,0.0,0.0,-0.044794248700141905,1.270899043865204,-2.7871495001792903,0.05209313321113586,1.2632024775218964,-2.7832969120025632,-0.30251453158855435,1.303838259048462,-2.786334568309784,0.321798326587677,1.2980729067993164,-2.7835932305336
nan,nan,nan,-0.10633102059364319,-0.005471539217978716,-0.9943157434463501,-0.044493891298770905,0.4569557309150696,-1.2920761108398438,0.052275218069553375,0.46558481454849243,-1.2961831092834473,0.2537752091884613,0.49416130781173706,-1.2914597988128662,-0.2334589660167694,0.5004894137382507,-1.2950775623321533,0.0009688809514045715,0.001937761902809143,-0.0009099055896513164,0.0017439856892451644,0.00019377618446014822,0.001314308145083487,-0.003294195281341672,0.0015502094756811857,-0.00020220123406033963,0.0005813285824842751,0.0015502094756811857,0.0011121068382635713,0.0,0.0,0.0,0.0,0.0,0.0,0.0,0.0,0.0,0.0,0.0,0.0,-0.04469873857498169,1.271089024581909,-2.7868570705413815,0.05198206043243408,1.2634088688278198,-2.783012696838379,-0.3014430720329284,1.3039580068969725,-2.786043876266479,0.3206857501983642,1.2982049475097655,-2.7833083835601804
nan,nan,nan,-0.10632937401533127,-0.005488398019224405,-0.9943158030509949,-0.0445544496178627,0.4569557309150696,-1.2920444011688232,0.05224493891000748,0.46558481454849243,-1.296198844909668,0.2536238133907318,0.49422186613082886,-1.2914597988128662,-0.23330757021903992,0.5004894137382507,-1.2950143814086914,-0.003487971378490329,-0.0009688809514045715,-0.001516509335488081,-0.0007751047378405929,-0.001937761902809143,-0.0011121068382635713,0.0017439856892451644,0.003875523805618286,0.00010110061703016981,0.0,0.0,0.00010110061703016981,0.0,0.0,0.0,0.0,0.0,0.0,0.0,0.0,0.0,0.0,0.0,0.0,-0.044603228449821467,1.2712790052986145,-2.786564640903473,0.0518709876537323,1.2636152601337434,-2.7827284816741944,-0.30037161247730254,1.3040777547454834,-2.785753184223175,0.3195731738090515,1.298336988220215,-2.7830235365867613
nan,nan,nan,-0.10631245374679565,-0.005470844451338053,-0.9943177103996277,-0.0445241704583168,0.4569860100746155,-1.2920444011688232,0.05233577638864517,0.46558481454849243,-1.2961831092834473,0.2535329759120941,0.49419158697128296,-1.2914597988128662,-0.23318645358085632,0.5005196928977966,-1.2949984073638916,0.0,-0.0027128667570650578,-0.0005055031506344676,0.0054257335141301155,0.0009688809514045715,0.0025275154039263725,-0.0036817477084696293,0.0007751047378405929,-0.00010110061703016981,0.0027128667570650578,0.0,-0.0005055031506344676,0.0,0.0,0.0,0.0,0.0,0.0,0.0,0.0,0.0,0.0,0.0,0.0,-0.04450771832466125,1.2714689860153199,-2.786272211265564,0.05175991487503052,1.2638216514396667,-2.7824442665100095,-0.2993001529216766,1.3041975025939943,-2.7854624921798705,0.31846059741973876,1.2984690289306642,-2.782738689613342
nan,nan,nan,-0.10628516227006912,-0.005464231129735708,-0.9943206906318665,-0.0445241704583168,0.4569557309150696,-1.2920444011688232,0.052305497229099274,0.46558481454849243,-1.2961673736572266,0.2533815801143646,0.49422186613082886,-1.291475772857666,-0.23309561610221863,0.5005196928977966,-1.2949512004852295,-0.00038755236892029643,0.0017439856892451644,-0.0022242136765271425,0.0005813285824842751,-0.001937761902809143,0.001516509335488081,-0.0011626571649685502,0.0027128667570650578,-0.0007077043410390615,-0.0011626571649685502,-0.001937761902809143,0.00040440246812067926,0.0,0.0,0.0,0.0,0.0,0.0,0.0,0.0,0.0,0.0,0.0,0.0,-0.044412208199501035,1.2716589667320253,-2.7859797816276552,0.05164884209632873,1.2640280427455903,-2.782160051345825,-0.2982286933660507,1.304317250442505,-2.7851718001365664,0.317348021030426,1.2986010696411134,-2.782453842639923
nan,nan,nan,-0.10626879334449768,-0.005417235195636749,-0.994322657585144,-0.044493891298770905,0.4569557309150696,-1.2920126914978027,0.052305497229099274,0.46561509370803833,-1.2961831092834473,0.25316962599754333,0.49428242444992065,-1.291412353515625,-0.23288366198539734,0.5005499720573425,-1.2949352264404297,0.001937761902809143,-0.0005813285824842751,0.0005055031506344676,0.0005813285824842751,0.00038755236892029643,0.0005055031506344676,-0.003875523805618286,0.004650628659874201,0.00040440246812067926,-0.0015502094756811857,-0.00038755236892029643,0.0011121068382635713,0.0,0.0,0.0,0.0,0.0,0.0,0.0,0.0,0.0,0.0,0.0,0.0,-0.04431669807434082,1.2718489474487304,-2.785687351989746,0.05153776931762695,1.2642344340515137,-2.7818758361816407,-0.29715723381042475,1.3044369982910156,-2.784881108093262,0.31623544464111325,1.2987331103515625,-2.782168995666504
nan,nan,nan,-0.10623639822006226,-0.005403021816164255,-0.9943262338638306,-0.0445241704583168,0.4569860100746155,-1.2920286655426025,0.052275218069553375,0.4656756520271301,-1.2961516380310059,0.25310906767845154,0.49425214529037476,-1.291412353515625,-0.23279282450675964,0.5005499720573425,-1.2949352264404297,0.0007751047378405929,0.0021315379999578,-0.001516509335488081,-0.001937761902809143,0.0,0.002830817364156246,-0.0029066430870443583,-0.0007751047378405929,-0.0006066037458367646,-0.0031004189513623714,0.00038755236892029643,0.001516509335488081,0.0,0.0,0.0,0.0,0.0,0.0,0.0,0.0,0.0,0.0,0.0,0.0,-0.0442211879491806,1.2720389281654358,-2.785394922351837,0.05142669653892517,1.264440825357437,-2.781591621017456,-0.2960857742547988,1.3045567461395264,-2.784590416049957,0.31512286825180047,1.2988651510620117,-2.7818841486930843
nan,nan,nan,-0.1062299981713295,-0.005413712467998266,-0.9943268299102783,-0.0445241704583168,0.4569557309150696,-1.2920286655426025,0.05233577638864517,0.4657664895057678,-1.2961831092834473,0.25298795104026794,0.49428242444992065,-1.291412353515625,-0.23264148831367493,0.5005802512168884,-1.294919490814209,0.0011626571649685502,-0.0005813285824842751,-0.0012132074916735291,0.001937761902809143,-0.00038755236892029643,0.00010110061703016981,0.0,0.001937761902809143,-0.0010110063012689352,-0.0007751047378405929,0.0007751047378405929,0.0023253143299371004,0.0,0.0,0.0,0.0,0.0,0.0,0.0,0.0,0.0,0.0,0.0,0.0,-0.04412567782402038,1.2722289088821412,-2.785102492713928,0.05131562376022338,1.2646472166633607,-2.7813074058532714,-0.29501431469917294,1.304676493988037,-2.7842997240066527,0.3140102918624878,1.298997191772461,-2.781599301719665
nan,nan,nan,-0.10625077039003372,-0.005387105513364077,-0.9943247437477112,-0.0445241704583168,0.4569860100746155,-1.2920126914978027,0.05233577638864517,0.4657664895057678,-1.2961831092834473,0.25286683440208435,0.49428242444992065,-1.291412353515625,-0.23252037167549133,0.5006105303764343,-1.2949352264404297,0.0011626571649685502,-0.00019377618446014822,-0.00020220123406033963,0.001937761902809143,-0.0027128667570650578,0.00020220123406033963,-0.0025190904270857573,-0.00019377618446014822,-0.0007077043410390615,0.0009688809514045715,0.00019377618446014822,-0.0005055031506344676,0.0,0.0,0.0,0.0,0.0,0.0,0.0,0.0,0.0,0.0,0.0,0.0,-0.044030167698860166,1.2724188895988464,-2.7848100630760193,0.0512045509815216,1.2648536079692843,-2.781023190689087,-0.293942855143547,1.304796241836548,-2.784009031963348,0.312897715473175,1.2991292324829102,-2.781314454746246
nan,nan,nan,-0.10621478408575058,-0.005392763763666153,-0.9943285584449768,-0.0445544496178627,0.4570465683937073,-1.2920126914978027,0.05233577638864517,0.4657967686653137,-1.2961831092834473,0.25277599692344666,0.49434298276901245,-1.2914283275604248,-0.23230841755867004,0.5006105303764343,-1.2949352264404297,0.0,0.003294195281341672,-0.00020220123406033963,0.0017439856892451644,-0.0031004189513623714,0.0005055031506344676,-0.0007751047378405929,-0.0013564333785325289,-0.001516509335488081,-0.001937761902809143,-0.0011626571649685502,0.0010110063012689352,0.0,0.0,0.0,0.0,0.0,0.0,0.0,0.0,0.0,0.0,0.0,0.0,-0.04393465757369995,1.2726088703155516,-2.7845176334381105,0.05109347820281982,1.2650599992752074,-2.780738975524902,-0.2928713955879211,1.3049159896850586,-2.783718339920044,0.31178513908386224,1.2992612731933593,-2.781029607772827
nan,nan,nan,-0.1062096506357193,-0.005452996585518122,-0.9943287968635559,-0.0445544496178627,0.4570465683937073,-1.2920286655426025,0.05233577638864517,0.4658876061439514,-1.296198844909668,0.25262466073036194,0.49443382024765015,-1.291412353515625,-0.23206618428230286,0.5006105303764343,-1.294919490814209,-0.0021315379999578,0.001937761902809143,-0.001516509335488081,0.0007751047378405929,-0.001937761902809143,-0.0011121068382635713,-0.0005813285824842751,0.0025190904270857573,-0.00040440246812067926,0.0,-0.0029066430870443583,0.0011121068382635713,0.0,0.0,0.0,0.0,0.0,0.0,0.0,0.0,0.0,0.0,0.0,0.0,-0.04383914744853973,1.272798851032257,-2.7842252038002013,0.05098240542411804,1.265266390581131,-2.7804547603607177,-0.2917999360322952,1.3050357375335693,-2.7834276478767395,0.3106725626945495,1.2993933139038085,-2.7807447607994082
nan,nan,nan,-0.10619182884693146,-0.00547467265278101,-0.9943305850028992,-0.0445241704583168,0.4570465683937073,-1.2920126914978027,0.05233577638864517,0.4658876061439514,-1.2961673736572266,0.25253382325172424,0.49443382024765015,-1.291412353515625,-0.23188450932502747,0.5006710886955261,-1.2949352264404297,0.001937761902809143,0.00019377618446014822,-0.0003033018729183823,0.0,-0.0021315379999578,0.001718710525892675,-0.003875523805618286,0.0011626571649685502,-0.0006066037458367646,-0.0031004189513623714,-0.001937761902809143,-0.0005055031506344676,0.0,0.0,0.0,0.0,0.0,0.0,0.0,0.0,0.0,0.0,0.0,0.0,-0.04374363732337951,1.2729888317489624,-2.7839327741622926,0.05087133264541625,1.2654727818870544,-2.7801705451965333,-0.2907284764766693,1.3051554853820801,-2.7831369558334353,0.30955998630523673,1.2995253546142578,-2.780459913825989
nan,nan,nan,-0.10621972382068634,-0.005526887718588114,-0.9943273067474365,-0.044493891298770905,0.4570465683937073,-1.2920126914978027,0.05233577638864517,0.4658876061439514,-1.2961516380310059,0.25244298577308655,0.49440354108810425,-1.291412353515625,-0.23161199688911438,0.500701367855072,-1.294919490814209,0.0027128667570650578,-0.0009688809514045715,-0.0007077043410390615,0.00019377618446014822,-0.001937761902809143,0.001314308145083487,0.00038755236892029643,-0.0027128667570650578,-0.001314308145083487,-0.0031004189513623714,-0.004069299902766943,-0.00040440246812067926,0.0,0.0,0.0,0.0,0.0,0.0,0.0,0.0,0.0,0.0,0.0,0.0,-0.0436481271982193,1.2731788124656678,-2.7836403445243834,0.05076025986671447,1.265679173192978,-2.7798863300323484,-0.2896570169210434,1.3052752332305908,-2.7828462637901303,0.30844740991592406,1.299657395324707,-2.7801750668525695
nan,nan,nan,-0.10623577237129211,-0.0055366456508636475,-0.994325578212738,-0.0445847287774086,0.4570465683937073,-1.2919812202453613,0.05233577638864517,0.4658876061439514,-1.2961673736572266,0.25226131081581116,0.49446409940719604,-1.2913966178894043,-0.23146066069602966,0.5007618069648743,-1.294856309890747,0.001937761902809143,-0.0007751047378405929,-0.00010110061703016981,0.0011626571649685502,-0.0021315379999578,-0.0005055031506344676,0.00038755236892029643,0.001937761902809143,0.0005055031506344676,-0.0009688809514045715,-0.0011626571649685502,0.001516509335488081,0.0,0.0,0.0,0.0,0.0,0.0,0.0,0.0,0.0,0.0,0.0,0.0,-0.04355261707305908,1.273368793182373,-2.7833479148864746,0.05064918708801269,1.2658855644989013,-2.779602114868164,-0.28858555736541747,1.3053949810791015,-2.782555571746826,0.3073348335266113,1.299789436035156,-2.7798902198791504
nan,nan,nan,-0.10624506324529648,-0.005560070276260376,-0.9943244457244873,-0.0446452870965004,0.4570768475532532,-1.2919654846191406,0.05239633470773697,0.4659178853034973,-1.2961516380310059,0.25214019417762756,0.49446409940719604,-1.2913966178894043,-0.23130926489830017,0.5007618069648743,-1.2947616577148438,-0.00019377618446014822,0.0015502094756811857,0.00010110061703016981,0.004456852562725544,-0.001937761902809143,0.0008088049362413585,-0.00038755236892029643,0.00038755236892029643,-0.0007077043410390615,0.0027128667570650578,-0.0021315379999578,0.00040440246812067926,0.0,0.0,0.0,0.0,0.0,0.0,0.0,0.0,0.0,0.0,0.0,0.0,-0.04345710694789886,1.2735587738990783,-2.7830554852485654,0.050538114309310905,1.2660919558048247,-2.7793178997039796,-0.28751409780979154,1.3055147289276123,-2.7822648797035217,0.30622225713729856,1.2999214767456053,-2.7796053729057313
nan,nan,nan,-0.1062244325876236,-0.005598593037575483,-0.9943264126777649,-0.044675566256046295,0.4570768475532532,-1.2919654846191406,0.05233577638864517,0.4659178853034973,-1.2961516380310059,0.2519585192203522,0.49452465772628784,-1.2913966178894043,-0.23106703162193298,0.500852644443512,-1.2947299480438232,-0.001937761902809143,0.001937761902809143,0.00040440246812067926,0.0,-0.0023253143299371004,0.0010110063012689352,-0.0017439856892451644,0.003875523805618286,0.0005055031506344676,0.0009688809514045715,0.00038755236892029643,0.00010110061703016981,0.0,0.0,0.0,0.0,0.0,0.0,0.0,0.0,0.0,0.0,0.0,0.0,-0.04336159682273864,1.2737487546157837,-2.7827630556106566,0.050427041530609125,1.2662983471107483,-2.7790336845397947,-0.2864426382541656,1.305634476776123,-2.781974187660217,0.3051096807479858,1.3000535174560548,-2.779320525932312
nan,nan,nan,-0.10619869828224182,-0.005613463930785656,-0.9943290948867798,-0.0446452870965004,0.4570768475532532,-1.2919654846191406,0.05236605554819107,0.4660390019416809,-1.296135663986206,0.2517768442630768,0.49452465772628784,-1.2913808822631836,-0.2310064733028412,0.5009132027626038,-1.294745683670044,0.00019377618446014822,0.001937761902809143,-0.00010110061703016981,0.0029066430870443583,0.0009688809514045715,0.0023253143299371004,-0.001937761902809143,0.0036817477084696293,0.0005055031506344676,0.0,0.0009688809514045715,-0.0011121068382635713,0.0,0.0,0.0,0.0,0.0,0.0,0.0,0.0,0.0,0.0,0.0,0.0,-0.04326608669757843,1.2739387353324891,-2.782470625972748,0.050315968751907345,1.2665047384166719,-2.7787494693756103,-0.2853711786985397,1.3057542246246339,-2.781683495616913,0.30399710435867305,1.300185558166504,-2.779035678958893
nan,nan,nan,-0.10614684224128723,-0.005598752293735743,-0.9943346977233887,-0.044675566256046295,0.4570768475532532,-1.2919654846191406,0.05236605554819107,0.4661298394203186,-1.2961516380310059,0.251716285943985,0.49452465772628784,-1.2913808822631836,-0.2307945191860199,0.5009434819221497,-1.2947142124176025,-0.0007751047378405929,0.0011626571649685502,-0.0008088049362413585,0.0017439856892451644,-0.00019377618446014822,0.0010110063012689352,-0.00038755236892029643,0.001937761902809143,-0.0009099055896513164,0.0,0.00019377618446014822,-0.00040440246812067926,0.0,0.0,0.0,0.0,0.0,0.0,0.0,0.0,0.0,0.0,0.0,0.0,-0.04317057657241821,1.2741287160491943,-2.782178196334839,0.050204895973205564,1.266711129722595,-2.778465254211426,-0.2842997191429138,1.3058739724731445,-2.781392803573608,0.30288452796936033,1.300317598876953,-2.778750831985474
nan,nan,nan,-0.10606790333986282,-0.005550798960030079,-0.9943434000015259,-0.044675566256046295,0.4571071267127991,-1.2919654846191406,0.05236605554819107,0.46634167432785034,-1.2961516380310059,0.25156494975090027,0.49452465772628784,-1.2913808822631836,-0.2306128442287445,0.5010343194007874,-1.2946984767913818,0.0013564333785325289,0.004650628659874201,-0.0010110063012689352,0.0011626571649685502,0.0,0.0007077043410390615,0.0013564333785325289,0.0007751047378405929,-0.0010110063012689352,0.00019377618446014822,0.00019377618446014822,0.0006066037458367646,0.0,0.0,0.0,0.0,0.0,0.0,0.0,0.0,0.0,0.0,0.0,0.0,-0.04307506644725799,1.2743186967658997,-2.78188576669693,0.05009382319450378,1.2669175210285186,-2.778181039047241,-0.28322825958728787,1.3059937203216552,-2.781102111530304,0.30177195158004755,1.3004496395874023,-2.7784659850120543
nan,nan,nan,-0.1060170829296112,-0.005615231115370989,-0.9943484663963318,-0.044705845415592194,0.4570768475532532,-1.2919495105743408,0.05236605554819107,0.466735303401947,-1.2961516380310059,0.251352995634079,0.49458521604537964,-1.291365146636963,-0.2303706705570221,0.5010645985603333,-1.294682502746582,0.0,0.001937761902809143,0.00020220123406033963,0.0015502094756811857,0.0011626571649685502,0.0010110063012689352,-0.001937761902809143,0.003875523805618286,0.0005055031506344676,-0.0031004189513623714,0.0005813285824842751,0.0018198111793026328,0.0,0.0,0.0,0.0,0.0,0.0,0.0,0.0,0.0,0.0,0.0,0.0,-0.042979556322097774,1.2745086774826049,-2.7815933370590207,0.049982750415801996,1.2671239123344422,-2.7778968238830566,-0.28215680003166194,1.306113468170166,-2.7808114194869993,0.3006593751907348,1.3005816802978516,-2.778181138038635
nan,nan,nan,-0.10602547228336334,-0.005625647492706776,-0.9943475127220154,-0.044675566256046295,0.4571071267127991,-1.2919495105743408,0.05233577638864517,0.4668866991996765,-1.2961516380310059,0.2511410415172577,0.49452465772628784,-1.2913808822631836,-0.2302798330783844,0.5010645985603333,-1.2946984767913818,0.0021315379999578,0.001937761902809143,0.0003033018729183823,-0.0011626571649685502,-0.00038755236892029643,0.0010110063012689352,-0.001937761902809143,-0.0007751047378405929,-0.0010110063012689352,-0.0017439856892451644,-0.0005813285824842751,0.0,0.0,0.0,0.0,0.0,0.0,0.0,0.0,0.0,0.0,0.0,0.0,0.0,-0.04288404619693756,1.2746986581993103,-2.781300907421112,0.049871677637100216,1.2673303036403656,-2.777612608718872,-0.281085340476036,1.306233216018677,-2.780520727443695,0.29954679880142204,1.3007137210083008,-2.777896291065216
nan,nan,nan,-0.10601527243852615,-0.005602573044598103,-0.9943487048149109,-0.044705845415592194,0.4570768475532532,-1.2919654846191406,0.05239633470773697,0.4670683741569519,-1.2961516380310059,0.2509290874004364,0.49455493688583374,-1.2913808822631836,-0.2301889955997467,0.5010948777198792,-1.2946667671203613,0.00038755236892029643,-0.0007751047378405929,-0.0012132074916735291,0.00019377618446014822,-0.0007751047378405929,0.0010110063012689352,-0.0021315379999578,0.0013564333785325289,-0.0008088049362413585,-0.0021315379999578,-0.0007751047378405929,0.001415408682078123,0.0,0.0,0.0,0.0,0.0,0.0,0.0,0.0,0.0,0.0,0.0,0.0,-0.042788536071777336,1.2748886389160154,-2.781008477783203,0.049760604858398436,1.2675366949462892,-2.7773283935546877,-0.2800138809204101,1.3063529638671874,-2.7802300354003906,0.2984342224121093,1.30084576171875,-2.777611444091797
nan,nan,nan,-0.10597214847803116,-0.005586387123912573,-0.9943534135818481,-0.044705845415592194,0.4570768475532532,-1.2919654846191406,0.05239633470773697,0.467643678188324,-1.296135663986206,0.2506868541240692,0.49461549520492554,-1.2913966178894043,-0.22988620400428772,0.5010948777198792,-1.2946667671203613,-0.00019377618446014822,-0.0005813285824842751,-0.001415408682078123,-0.00038755236892029643,0.00019377618446014822,0.0008088049362413585,-0.001937761902809143,0.0,-0.0008088049362413585,0.003487971378490329,-0.0054257335141301155,0.0007077043410390615,0.0,0.0,0.0,0.0,0.0,0.0,0.0,0.0,0.0,0.0,0.0,0.0,-0.04269302594661712,1.2750786196327208,-2.7807160481452944,0.04964953207969665,1.2677430862522125,-2.777044178390503,-0.2789424213647842,1.3064727117156982,-2.7799393433570865,0.2973216460227966,1.3009778024291991,-2.777326597118378
nan,nan,nan,-0.10592442005872726,-0.005623935256153345,-0.9943583011627197,-0.044705845415592194,0.4571071267127991,-1.2919495105743408,0.052456893026828766,0.46782535314559937,-1.2961516380310059,0.2502327263355255,0.49476689100265503,-1.2913808822631836,-0.22982564568519592,0.5012159943580627,-1.294682502746582,0.0005813285824842751,0.0025190904270857573,0.0005055031506344676,0.0007751047378405929,-0.001937761902809143,-0.0007077043410390615,-0.003487971378490329,0.0029066430870443583,0.00020220123406033963,0.0009688809514045715,0.0015502094756811857,-0.0006066037458367646,0.0,0.0,0.0,0.0,0.0,0.0,0.0,0.0,0.0,0.0,0.0,0.0,-0.042597515821456905,1.2752686003494262,-2.7804236185073856,0.04953845930099487,1.267949477558136,-2.7767599632263185,-0.27787096180915827,1.3065924595642089,-2.7796486513137815,0.29620906963348387,1.3011098431396484,-2.7770417501449582
nan,nan,nan,-0.10589909553527832,-0.005699989385902882,-0.9943605661392212,-0.04473612457513809,0.4571071267127991,-1.291886329650879,0.052487172186374664,0.46794646978378296,-1.2961516380310059,0.24968770146369934,0.4947971701622009,-1.2913966178894043,-0.22967424988746643,0.5012159943580627,-1.294508695602417,0.00038755236892029643,0.0027128667570650578,0.00040440246812067926,0.0005813285824842751,0.0015502094756811857,-0.001314308145083487,-0.001937761902809143,-0.0009688809514045715,-0.0005055031506344676,-0.003487971378490329,0.0009688809514045715,0.003033018670976162,0.0,0.0,0.0,0.0,0.0,0.0,0.0,0.0,0.0,0.0,0.0,0.0,-0.04250200569629669,1.2754585810661316,-2.780131188869476,0.04942738652229309,1.2681558688640595,-2.7764757480621336,-0.27679950225353234,1.3067122074127198,-2.779357959270477,0.2950964932441711,1.3012418838500976,-2.776756903171539
nan,nan,nan,-0.10585635900497437,-0.005714640486985445,-0.9943650364875793,-0.04476640373468399,0.45716768503189087,-1.2919023036956787,0.05251745134592056,0.46797674894332886,-1.2961516380310059,0.24944546818733215,0.4948880076408386,-1.2913966178894043,-0.22952285408973694,0.5012462735176086,-1.2943823337554932,0.0007751047378405929,0.006588390562683344,-0.0006066037458367646,0.001937761902809143,0.0,-0.0011121068382635713,0.0,0.0025190904270857573,-0.00040440246812067926,-0.001937761902809143,-0.0021315379999578,0.00020220123406033963,0.0,0.0,0.0,0.0,0.0,0.0,0.0,0.0,0.0,0.0,0.0,0.0,-0.04240649557113647,1.275648561782837,-2.779838759231567,0.0493163137435913,1.268362260169983,-2.776191532897949,-0.2757280426979064,1.3068319552612304,-2.779067267227173,0.2939839168548583,1.3013739245605467,-2.77647205619812
nan,nan,nan,-0.10583361983299255,-0.005742182023823261,-0.9943673014640808,-0.04476640373468399,0.45713740587234497,-1.291886329650879,0.052487172186374664,0.46794646978378296,-1.2961516380310059,0.24926385283470154,0.4948880076408386,-1.2913808822631836,-0.22925040125846863,0.5013673901557922,-1.294224500656128,0.0009688809514045715,0.0042630759999156,0.0,0.0021315379999578,-0.001937761902809143,-0.001415408682078123,-0.003875523805618286,0.0,0.00040440246812067926,0.0023253143299371004,0.003487971378490329,0.0005055031506344676,0.0,0.0,0.0,0.0,0.0,0.0,0.0,0.0,0.0,0.0,0.0,0.0,-0.04231098544597625,1.2758385424995422,-2.7795463295936584,0.04920524096488952,1.2685686514759063,-2.7759073177337648,-0.2746565831422805,1.306951703109741,-2.7787765751838682,0.2928713404655456,1.301505965270996,-2.776187209224701
nan,nan,nan,-0.10583676397800446,-0.005778352729976177,-0.9943667054176331,-0.04476640373468399,0.45716768503189087,-1.291886329650879,0.052487172186374664,0.46809786558151245,-1.2961199283599854,0.24902161955833435,0.4949485659599304,-1.291365146636963,-0.22888705134391785,0.5013673901557922,-1.294224500656128,0.0011626571649685502,0.003487971378490329,0.0010110063012689352,0.0007751047378405929,-0.00019377618446014822,0.001314308145083487,-0.004844404757022858,0.00038755236892029643,-0.0009099055896513164,-0.0025190904270857573,0.0,-0.00010110061703016981,0.0,0.0,0.0,0.0,0.0,0.0,0.0,0.0,0.0,0.0,0.0,0.0,-0.042215475320816036,1.2760285232162476,-2.7792538999557497,0.04909416818618774,1.2687750427818298,-2.7756231025695803,-0.27358512358665465,1.307071450958252,-2.778485883140564,0.29175876407623286,1.3016380059814454,-2.7759023622512817
nan,nan,nan,-0.10581383109092712,-0.005779365077614784,-0.9943691492080688,-0.04473612457513809,0.4570768475532532,-1.2918705940246582,0.05251745134592056,0.46818870306015015,-1.2961199283599854,0.24877938628196716,0.4950091242790222,-1.291365146636963,-0.22855398058891296,0.501427948474884,-1.294224500656128,0.004456852562725544,-0.0007751047378405929,0.0,0.0029066430870443583,0.0,0.0010110063012689352,-0.0042630759999156,0.004069299902766943,-0.0007077043410390615,-0.0013564333785325289,-0.003487971378490329,0.0,0.0,0.0,0.0,0.0,0.0,0.0,0.0,0.0,0.0,0.0,0.0,0.0,-0.04211996519565582,1.276218503932953,-2.778961470317841,0.04898309540748596,1.2689814340877534,-2.7753388874053955,-0.2725136640310287,1.3071911988067628,-2.7781951910972595,0.29064618768692013,1.3017700466918947,-2.7756175152778626
nan,nan,nan,-0.1057288721203804,-0.005761666689068079,-0.9943783283233643,-0.04482696205377579,0.4570768475532532,-1.291886329650879,0.05251745134592056,0.46818870306015015,-1.2961199283599854,0.24853715300559998,0.4949788451194763,-1.291365146636963,-0.22834202647209167,0.5016096234321594,-1.2942087650299072,0.0013564333785325289,-0.0009688809514045715,-0.001314308145083487,0.0015502094756811857,0.0007751047378405929,0.001516509335488081,-0.003294195281341672,0.0013564333785325289,-0.0007077043410390615,0.0009688809514045715,0.003875523805618286,0.001314308145083487,0.0,0.0,0.0,0.0,0.0,0.0,0.0,0.0,0.0,0.0,0.0,0.0,-0.0420244550704956,1.2764084846496584,-2.7786690406799313,0.04887202262878417,1.2691878253936768,-2.7750546722412106,-0.2714422044754028,1.3073109466552735,-2.777904499053955,0.28953361129760735,1.301902087402344,-2.775332668304443
nan,nan,nan,-0.10574846714735031,-0.005749950185418129,-0.9943763017654419,-0.044887520372867584,0.4570768475532532,-1.291886329650879,0.05251745134592056,0.46821898221969604,-1.296135663986206,0.24841603636741638,0.4949788451194763,-1.291365146636963,-0.22816041111946106,0.5016096234321594,-1.2942087650299072,0.0,-0.0013564333785325289,-0.001314308145083487,0.001937761902809143,0.0,-0.0005055031506344676,-0.0013564333785325289,0.001937761902809143,-0.0012132074916735291,-0.001937761902809143,-0.0009688809514045715,0.0006066037458367646,0.0,0.0,0.0,0.0,0.0,0.0,0.0,0.0,0.0,0.0,0.0,0.0,-0.04192894494533538,1.2765984653663636,-2.7783766110420225,0.04876094985008239,1.2693942166996002,-2.774770457077026,-0.27037074491977686,1.3074306945037841,-2.7776138070106504,0.2884210349082946,1.302034128112793,-2.775047821331024
nan,nan,nan,-0.1057673916220665,-0.005735259968787432,-0.9943743348121643,-0.044887520372867584,0.4571071267127991,-1.2918705940246582,0.05251745134592056,0.46818870306015015,-1.2961199283599854,0.24829497933387756,0.4950394034385681,-1.291365146636963,-0.22770622372627258,0.5017912983894348,-1.2941927909851074,0.00019377618446014822,0.0005813285824842751,0.00040440246812067926,0.0025190904270857573,-0.001937761902809143,0.00040440246812067926,-0.001937761902809143,0.003875523805618286,-0.0010110063012689352,0.0005813285824842751,-0.0015502094756811857,0.0021231132559478283,0.0,0.0,0.0,0.0,0.0,0.0,0.0,0.0,0.0,0.0,0.0,0.0,-0.04183343482017517,1.2767884460830687,-2.7780841814041137,0.04864987707138061,1.2696006080055238,-2.7744862419128418,-0.26929928536415093,1.307550442352295,-2.7773231149673463,0.28730845851898185,1.3021661688232422,-2.7747629743576048
nan,nan,nan,-0.1057935431599617,-0.0057448954321444035,-0.9943715333938599,-0.044887520372867584,0.45713740587234497,-1.291886329650879,0.05251745134592056,0.46821898221969604,-1.2961199283599854,0.24799218773841858,0.4950394034385681,-1.291365146636963,-0.2274034321308136,0.5019425749778748,-1.294224500656128,0.0017439856892451644,0.0025190904270857573,-0.001415408682078123,0.0,-0.0025190904270857573,-0.0005055031506344676,-0.0015502094756811857,0.0011626571649685502,-0.0010110063012689352,-0.0013564333785325289,0.0009688809514045715,-0.0003033018729183823,0.0,0.0,0.0,0.0,0.0,0.0,0.0,0.0,0.0,0.0,0.0,0.0,-0.04173792469501495,1.2769784267997741,-2.777791751766205,0.048538804292678824,1.2698069993114471,-2.7742020267486573,-0.26822782580852506,1.3076701902008057,-2.7770324229240417,0.2861958821296692,1.3022982095336915,-2.7744781273841856
nan,nan,nan,-0.10577240586280823,-0.00579386530444026,-0.9943735003471375,-0.044948019087314606,0.45716768503189087,-1.291886329650879,0.05254773050546646,0.46821898221969604,-1.2961199283599854,0.2478105127811432,0.4950394034385681,-1.2913494110107422,-0.2272217571735382,0.5020334124565125,-1.2941770553588867,-0.0007751047378405929,0.0005813285824842751,-0.001415408682078123,0.0017439856892451644,0.0,-0.0009099055896513164,0.0,-0.0007751047378405929,0.00040440246812067926,-0.00019377618446014822,-0.0013564333785325289,0.003336320398375392,0.0,0.0,0.0,0.0,0.0,0.0,0.0,0.0,0.0,0.0,0.0,0.0,-0.04164241456985473,1.2771684075164793,-2.7774993221282958,0.04842773151397704,1.2700133906173705,-2.773917811584473,-0.2671563662528991,1.3077899380493165,-2.776741730880737,0.2850833057403564,1.3024302502441407,-2.7741932804107665
nan,nan,nan,-0.1057148203253746,-0.005755601916462183,-0.9943798184394836,-0.044948019087314606,0.45719796419143677,-1.2918705940246582,0.05254773050546646,0.46821898221969604,-1.296088457107544,0.2475985586643219,0.4950999617576599,-1.291365146636963,-0.2270098626613617,0.5021242499351501,-1.2942087650299072,0.0005813285824842751,0.004069299902766943,-0.001718710525892675,0.0009688809514045715,-0.0029066430870443583,0.0008088049362413585,-0.0009688809514045715,0.0023253143299371004,-0.0008088049362413585,-0.0025190904270857573,-0.0023253143299371004,-0.00040440246812067926,0.0,0.0,0.0,0.0,0.0,0.0,0.0,0.0,0.0,0.0,0.0,0.0,-0.04154690444469451,1.2773583882331847,-2.7772068924903865,0.04831665873527526,1.270219781923294,-2.7736335964202876,-0.2660849066972732,1.307909685897827,-2.7764510388374326,0.2839707293510436,1.3025622909545898,-2.773908433437347
nan,nan,nan,-0.10567935556173325,-0.005749709438532591,-0.9943836331367493,-0.044978298246860504,0.45719796419143677,-1.291823148727417,0.05254773050546646,0.46821898221969604,-1.296088457107544,0.2474471628665924,0.4950999617576599,-1.2913494110107422,-0.2266767919063568,0.5023059248924255,-1.2941770553588867,0.0015502094756811857,0.0015502094756811857,-0.0010110063012689352,0.0017439856892451644,-0.0021315379999578,0.0005055031506344676,-0.0015502094756811857,0.00038755236892029643,0.0003033018729183823,-0.0013564333785325289,0.0009688809514045715,0.0024264149833470583,0.0,0.0,0.0,0.0,0.0,0.0,0.0,0.0,0.0,0.0,0.0,0.0,-0.0414513943195343,1.27754836894989,-2.776914462852478,0.04820558595657348,1.2704261732292175,-2.773349381256103,-0.26501344714164726,1.3080294337463378,-2.776160346794128,0.2828581529617309,1.302694331665039,-2.773623586463928
nan,nan,nan,-0.10560765117406845,-0.0057362900115549564,-0.9943913221359253,-0.0450388565659523,0.45722824335098267,-1.291823148727417,0.05254773050546646,0.46824926137924194,-1.296088457107544,0.24723520874977112,0.4951302409172058,-1.291365146636963,-0.22640427947044373,0.5024875998497009,-1.294098138809204,-0.0015502094756811857,0.0013564333785325289,-0.001516509335488081,0.00019377618446014822,-0.0021315379999578,-0.00010110061703016981,-0.0054257335141301155,-0.0007751047378405929,-0.0010110063012689352,0.0007751047378405929,0.00019377618446014822,0.0006066037458367646,0.0,0.0,0.0,0.0,0.0,0.0,0.0,0.0,0.0,0.0,0.0,0.0,-0.04135588419437408,1.2777383496665955,-2.776622033214569,0.048094513177871695,1.270632564535141,-2.7730651660919188,-0.2639419875860214,1.3081491815948487,-2.775869654750824,0.28174557657241817,1.3028263723754883,-2.7733387394905087
nan,nan,nan,-0.10558260977268219,-0.00576578127220273,-0.9943938255310059,-0.0450388565659523,0.45722824335098267,-1.2918074131011963,0.05257800966501236,0.46840065717697144,-1.296088457107544,0.2469930350780487,0.4951907992362976,-1.2913494110107422,-0.22619232535362244,0.5025784373283386,-1.2940349578857422,-0.0009688809514045715,0.001937761902809143,0.0005055031506344676,0.001937761902809143,0.0,-0.0005055031506344676,-0.001937761902809143,0.0007751047378405929,-0.00020220123406033963,0.0021315379999578,0.0,0.003235219744965434,0.0,0.0,0.0,0.0,0.0,0.0,0.0,0.0,0.0,0.0,0.0,0.0,-0.04126037406921386,1.277928330383301,-2.7763296035766603,0.047983440399169915,1.2708389558410644,-2.7727809509277344,-0.26287052803039546,1.3082689294433594,-2.7755789627075194,0.28063300018310544,1.3029584130859375,-2.77305389251709
nan,nan,nan,-0.10557860136032104,-0.005766342859715223,-0.9943942427635193,-0.0450388565659523,0.45725852251052856,-1.2917916774749756,0.05257800966501236,0.46852177381515503,-1.2960724830627441,0.24675080180168152,0.4952210783958435,-1.2913334369659424,-0.22601071000099182,0.5027298331260681,-1.2939717769622803,-0.00019377618446014822,0.003875523805618286,0.001314308145083487,0.00038755236892029643,0.0005813285824842751,0.00040440246812067926,0.00038755236892029643,0.0021315379999578,0.0007077043410390615,0.00038755236892029643,0.0009688809514045715,0.00040440246812067926,0.0,0.0,0.0,0.0,0.0,0.0,0.0,0.0,0.0,0.0,0.0,0.0,-0.041164863944053644,1.278118311100006,-2.776037173938751,0.047872367620468134,1.2710453471469878,-2.77249673576355,-0.2617990684747695,1.30838867729187,-2.7752882706642152,0.27952042379379266,1.3030904537963865,-2.772769045543671
nan,nan,nan,-0.10556425154209137,-0.0057477792724967,-0.9943958520889282,-0.0450691357254982,0.45722824335098267,-1.2918074131011963,0.05260828882455826,0.46849149465560913,-1.2960567474365234,0.24644801020622253,0.4953421950340271,-1.291365146636963,-0.22567763924598694,0.5028206706047058,-1.293987512588501,0.003294195281341672,0.00038755236892029643,-0.0010110063012689352,0.0027128667570650578,-0.001937761902809143,0.001415408682078123,-0.0021315379999578,0.0027128667570650578,-0.0021231132559478283,0.0,-0.0023253143299371004,0.0,0.0,0.0,0.0,0.0,0.0,0.0,0.0,0.0,0.0,0.0,0.0,0.0,-0.04106935381889343,1.2783082918167115,-2.775744744300842,0.047761294841766354,1.2712517384529114,-2.772212520599365,-0.2607276089191436,1.308508425140381,-2.7749975786209102,0.27840784740447994,1.3032224945068358,-2.7724841985702513
nan,nan,nan,-0.10550728440284729,-0.005715621169656515,-0.9944021105766296,-0.0450994148850441,0.45725852251052856,-1.2917916774749756,0.052638567984104156,0.46852177381515503,-1.2960567474365234,0.24629661440849304,0.4954633116722107,-1.2913334369659424,-0.22549596428871155,0.5030023455619812,-1.2939400672912598,0.001937761902809143,0.00038755236892029643,0.0003033018729183823,0.001937761902809143,0.00019377618446014822,0.001516509335488081,-0.0021315379999578,0.0027128667570650578,0.0007077043410390615,-0.0007751047378405929,0.00038755236892029643,0.0019209118327125907,0.0,0.0,0.0,0.0,0.0,0.0,0.0,0.0,0.0,0.0,0.0,0.0,-0.04097384369373321,1.2784982725334169,-2.775452314662933,0.047650222063064566,1.2714581297588348,-2.77192830543518,-0.25965614936351766,1.3086281729888916,-2.774706886577606,0.27729527101516716,1.3033545352172853,-2.772199351596832
nan,nan,nan,-0.10548041760921478,-0.005753714125603437,-0.9944047331809998,-0.0450994148850441,0.4574097990989685,-1.2917916774749756,0.05269912630319595,0.4685520529747009,-1.2960567474365234,0.24596360325813293,0.4955238699913025,-1.2913494110107422,-0.22501149773597717,0.5031537413597107,-1.2939558029174805,0.0,0.0029066430870443583,0.0003033018729183823,0.001937761902809143,0.00038755236892029643,0.0010110063012689352,-0.00019377618446014822,-0.0009688809514045715,-0.0005055031506344676,-0.0029066430870443583,-0.0009688809514045715,0.00010110061703016981,0.0,0.0,0.0,0.0,0.0,0.0,0.0,0.0,0.0,0.0,0.0,0.0,-0.04087833356857299,1.2786882532501223,-2.7751598850250243,0.047539149284362786,1.2716645210647584,-2.771644090270996,-0.25858468980789173,1.3087479208374024,-2.7744161945343015,0.27618269462585443,1.3034865759277345,-2.771914504623413
nan,nan,nan,-0.10546665638685226,-0.005794464144855738,-0.99440598487854,-0.0450691357254982,0.4574400782585144,-1.2918074131011963,0.05269912630319595,0.4686126112937927,-1.2960410118103027,0.24581220746040344,0.4956147074699402,-1.2913494110107422,-0.22479960322380066,0.5033051371574402,-1.2939558029174805,0.0025190904270857573,0.0007751047378405929,-0.0007077043410390615,-0.00038755236892029643,0.00038755236892029643,0.0024264149833470583,-0.0013564333785325289,0.0029066430870443583,0.00010110061703016981,0.0029066430870443583,0.001937761902809143,0.00040440246812067926,0.0,0.0,0.0,0.0,0.0,0.0,0.0,0.0,0.0,0.0,0.0,0.0,-0.040782823443412775,1.2788782339668272,-2.7748674553871155,0.047428076505661006,1.2718709123706817,-2.7713598751068114,-0.25751323025226586,1.308867668685913,-2.774125502490997,0.2750701182365417,1.3036186166381836,-2.771629657649994
nan,nan,nan,-0.10544805973768234,-0.00578999612480402,-0.9944079518318176,-0.0450994148850441,0.457561194896698,-1.2918074131011963,0.05272940546274185,0.4685823321342468,-1.2960410118103027,0.24563053250312805,0.4956147074699402,-1.291365146636963,-0.2242545783519745,0.5035170912742615,-1.2939558029174805,0.0017439856892451644,0.0031004189513623714,-0.001718710525892675,0.0011626571649685502,-0.001937761902809143,0.0010110063012689352,-0.0009688809514045715,-0.00019377618446014822,-0.0010110063012689352,0.0007751047378405929,0.0,-0.00020220123406033963,0.0,0.0,0.0,0.0,0.0,0.0,0.0,0.0,0.0,0.0,0.0,0.0,-0.04068731331825256,1.2790682146835326,-2.7745750257492063,0.04731700372695922,1.272077303676605,-2.771075659942627,-0.25644177069664,1.3089874165344237,-2.773834810447693,0.2739575418472289,1.3037506573486328,-2.771344810676575
nan,nan,nan,-0.10543204843997955,-0.005762345157563686,-0.9944097995758057,-0.045159973204135895,0.4576520323753357,-1.2917916774749756,0.05272940546274185,0.4685823321342468,-1.2960410118103027,0.24547913670539856,0.495675265789032,-1.2913494110107422,-0.2236187756061554,0.5038198828697205,-1.293924331665039,-0.001937761902809143,0.0023253143299371004,0.0005055031506344676,0.001937761902809143,-0.001937761902809143,0.00040440246812067926,-0.0025190904270857573,0.0,0.0003033018729183823,0.0023253143299371004,-0.0007751047378405929,0.0008088049362413585,0.0,0.0,0.0,0.0,0.0,0.0,0.0,0.0,0.0,0.0,0.0,0.0,-0.040591803193092336,1.279258195400238,-2.7742825961112976,0.04720593094825744,1.2722836949825287,-2.7707914447784425,-0.25537031114101405,1.3091071643829346,-2.7735441184043883,0.2728449654579162,1.303882698059082,-2.7710599637031557
nan,nan,nan,-0.10542888194322586,-0.005717270076274872,-0.9944103956222534,-0.04519025236368179,0.4577428698539734,-1.2917442321777344,0.05275968462228775,0.4686126112937927,-1.296025276184082,0.24541857838630676,0.4957963824272156,-1.291365146636963,-0.22322514653205872,0.5040318369865417,-1.2939558029174805,-0.0009688809514045715,0.0015502094756811857,0.00010110061703016981,0.0009688809514045715,0.0,0.0007077043410390615,-0.0017439856892451644,0.0021315379999578,-0.0012132074916735291,-0.00038755236892029643,-0.001937761902809143,-0.00020220123406033963,0.0,0.0,0.0,0.0,0.0,0.0,0.0,0.0,0.0,0.0,0.0,0.0,-0.04049629306793212,1.2794481761169434,-2.7739901664733884,0.04709485816955566,1.2724900862884523,-2.7705072296142577,-0.2542988515853881,1.3092269122314453,-2.7732534263610837,0.2717323890686034,1.3040147387695313,-2.7707751167297365
nan,nan,nan,-0.10543299466371536,-0.005736056249588728,-0.9944098591804504,-0.04522053152322769,0.457863986492157,-1.291759967803955,0.05275968462228775,0.4686126112937927,-1.296025276184082,0.24514606595039368,0.4959173798561096,-1.2913494110107422,-0.22298291325569153,0.5040923953056335,-1.293924331665039,-0.0021315379999578,0.0042630759999156,-0.0012132074916735291,0.0009688809514045715,-0.0021315379999578,0.0006066037458367646,-0.0007751047378405929,0.004844404757022858,0.0009099055896513164,0.00038755236892029643,-0.001937761902809143,0.001617609872482717,0.0,0.0,0.0,0.0,0.0,0.0,0.0,0.0,0.0,0.0,0.0,0.0,-0.040400782942771905,1.2796381568336486,-2.7736977368354796,0.04698378539085388,1.2726964775943754,-2.770223014450073,-0.2532273920297622,1.309346660079956,-2.772962734317779,0.2706198126792907,1.3041467794799804,-2.770490269756317
nan,nan,nan,-0.10541924089193344,-0.00575340585783124,-0.9944112300872803,-0.04528108984231949,0.4579245448112488,-1.291759967803955,0.05275968462228775,0.4687337279319763,-1.2960093021392822,0.24499472975730896,0.4959173798561096,-1.291365146636963,-0.22283151745796204,0.5041529536247253,-1.2938926219940186,0.0013564333785325289,0.0009688809514045715,-0.0010110063012689352,-0.0009688809514045715,-0.0027128667570650578,0.0009099055896513164,-0.003875523805618286,-0.0011626571649685502,-0.00040440246812067926,0.0,-0.0025190904270857573,0.0008088049362413585,0.0,0.0,0.0,0.0,0.0,0.0,0.0,0.0,0.0,0.0,0.0,0.0,-0.04030527281761169,1.279828137550354,-2.773405307197571,0.04687271261215209,1.272902868900299,-2.7699387992858884,-0.2521559324741363,1.3094664079284668,-2.772672042274475,0.26950723628997797,1.3042788201904296,-2.770205422782898
nan,nan,nan,-0.10543029010295868,-0.005750706419348717,-0.9944100975990295,-0.045341648161411285,0.45810621976852417,-1.2917442321777344,0.05278996378183365,0.4687640070915222,-1.2960093021392822,0.24490389227867126,0.4960082173347473,-1.2913494110107422,-0.22264990210533142,0.504243791103363,-1.2938768863677979,0.00019377618446014822,0.0031004189513623714,0.0,0.0013564333785325289,-0.00019377618446014822,-0.0003033018729183823,-0.001937761902809143,0.0021315379999578,-0.0007077043410390615,-0.00038755236892029643,-0.0007751047378405929,-0.0007077043410390615,0.0,0.0,0.0,0.0,0.0,0.0,0.0,0.0,0.0,0.0,0.0,0.0,-0.04020976269245147,1.2800181182670594,-2.7731128775596616,0.04676163983345031,1.2731092602062226,-2.769654584121704,-0.2510844729185104,1.3095861557769775,-2.7723813502311705,0.2683946599006652,1.3044108609008789,-2.7699205758094787
nan,nan,nan,-0.10546533018350601,-0.005706253927201033,-0.9944065809249878,-0.04543248564004898,0.45840901136398315,-1.2917442321777344,0.05282024294137955,0.4687640070915222,-1.2959935665130615,0.24478277564048767,0.4960687756538391,-1.2913494110107422,-0.22252878546714783,0.5042740702629089,-1.293813705444336,-0.0023253143299371004,0.0,-0.0006066037458367646,0.0029066430870443583,-0.0017439856892451644,-0.0005055031506344676,0.0,0.0031004189513623714,-0.0008088049362413585,-0.00038755236892029643,-0.003875523805618286,0.0012132074916735291,0.0,0.0,0.0,0.0,0.0,0.0,0.0,0.0,0.0,0.0,0.0,0.0,-0.04011425256729125,1.2802080989837648,-2.772820447921753,0.04665056705474853,1.273315651512146,-2.7693703689575195,-0.25001301336288445,1.3097059036254883,-2.7720906581878664,0.26728208351135246,1.3045429016113281,-2.7696357288360596
nan,nan,nan,-0.10545923560857773,-0.005691470578312874,-0.9944073557853699,-0.04549304395914078,0.4591659903526306,-1.2917442321777344,0.05282024294137955,0.4687942862510681,-1.2959935665130615,0.24463137984275818,0.4961293339729309,-1.2913494110107422,-0.22237738966941833,0.5043346285820007,-1.293813705444336,-0.001937761902809143,0.0031004189513623714,-0.0010110063012689352,-0.0013564333785325289,-0.0017439856892451644,-0.0010110063012689352,-0.0011626571649685502,0.00019377618446014822,-0.0011121068382635713,0.0036817477084696293,0.0,0.001415408682078123,0.0,0.0,0.0,0.0,0.0,0.0,0.0,0.0,0.0,0.0,0.0,0.0,-0.040018742442131036,1.2803980797004701,-2.772528018283844,0.04653949427604674,1.2735220428180694,-2.769086153793335,-0.24894155380725852,1.3098256514739992,-2.771799966144562,0.2661695071220397,1.3046749423217774,-2.7693508818626404
nan,nan,nan,-0.10548017919063568,-0.005736170336604118,-0.9944048523902893,-0.045553602278232574,0.4594385027885437,-1.2917284965515137,0.05278996378183365,0.468824565410614,-1.295961856842041,0.2444194257259369,0.4961898922920227,-1.2913494110107422,-0.22219571471214294,0.5043346285820007,-1.2938294410705566,0.00019377618446014822,0.0013564333785325289,0.0003033018729183823,-0.0025190904270857573,-0.00038755236892029643,0.0010110063012689352,-0.0031004189513623714,-0.0009688809514045715,-0.001718710525892675,-0.0029066430870443583,-0.0005813285824842751,0.0,0.0,0.0,0.0,0.0,0.0,0.0,0.0,0.0,0.0,0.0,0.0,0.0,-0.03992323231697082,1.2805880604171753,-2.772235588645935,0.04642842149734496,1.273728434123993,-2.7688019386291502,-0.24787009425163262,1.3099453993225096,-2.7715092741012572,0.26505693073272696,1.3048069830322264,-2.769066034889221
nan,nan,nan,-0.10548175871372223,-0.005790861323475838,-0.9944043755531311,-0.04558388143777847,0.4594990611076355,-1.2917442321777344,0.052880801260471344,0.4687942862510681,-1.295961856842041,0.2443588674068451,0.4962201714515686,-1.2913334369659424,-0.22201403975486755,0.5043951869010925,-1.293813705444336,-0.00019377618446014822,0.001937761902809143,-0.0010110063012689352,0.0036817477084696293,-0.0029066430870443583,0.0008088049362413585,-0.0015502094756811857,-0.00019377618446014822,0.00010110061703016981,-0.0013564333785325289,-0.0015502094756811857,0.0011121068382635713,0.0,0.0,0.0,0.0,0.0,0.0,0.0,0.0,0.0,0.0,0.0,0.0,-0.0398277221918106,1.2807780411338807,-2.7719431590080257,0.04631734871864318,1.2739348254299163,-2.7685177234649654,-0.24679863469600669,1.3100651471710205,-2.7712185820579527,0.26394435434341423,1.3049390237426757,-2.7687811879158017
nan,nan,nan,-0.10549893975257874,-0.005739573854953051,-0.9944028258323669,-0.04567471891641617,0.4595293402671814,-1.2917284965515137,0.05291108042001724,0.4687942862510681,-1.2959303855895996,0.2443588674068451,0.4962807297706604,-1.2913334369659424,-0.22174152731895447,0.5044557452201843,-1.2938294410705566,0.0,0.0011626571649685502,-0.00010110061703016981,0.0023253143299371004,-0.0025190904270857573,0.0008088049362413585,0.0017439856892451644,0.0027128667570650578,0.0,-0.0013564333785325289,-0.001937761902809143,-0.00010110061703016981,0.0,0.0,0.0,0.0,0.0,0.0,0.0,0.0,0.0,0.0,0.0,0.0,-0.03973221206665038,1.280968021850586,-2.771650729370117,0.0462062759399414,1.27414121673584,-2.768233508300781,-0.24572717514038078,1.3101848950195314,-2.770927890014648,0.2628317779541015,1.3050710644531252,-2.7684963409423826
nan,nan,nan,-0.1054736077785492,-0.005732118617743254,-0.9944055676460266,-0.045735277235507965,0.4595596194267273,-1.2917284965515137,0.05291108042001724,0.468824565410614,-1.2958829402923584,0.2441771924495697,0.4963110089302063,-1.2913494110107422,-0.22162041068077087,0.5045163035392761,-1.2938294410705566,-0.0015502094756811857,-0.00038755236892029643,0.0003033018729183823,-0.0015502094756811857,0.0,0.001516509335488081,-0.003487971378490329,0.0005813285824842751,-0.001415408682078123,-0.001937761902809143,0.0,0.0,0.0,0.0,0.0,0.0,0.0,0.0,0.0,0.0,0.0,0.0,0.0,0.0,-0.03963670194149017,1.2811580025672913,-2.771358299732208,0.04609520316123961,1.2743476080417633,-2.7679492931365965,-0.24465571558475485,1.3103046428680418,-2.770637197971344,0.26171920156478873,1.3052031051635744,-2.7682114939689635
nan,nan,nan,-0.10543541610240936,-0.005725034046918154,-0.9944096803665161,-0.04570499807596207,0.4595596194267273,-1.2917442321777344,0.05294135957956314,0.468824565410614,-1.2958672046661377,0.2440560758113861,0.4963715672492981,-1.2913334369659424,-0.22149935364723206,0.5045163035392761,-1.2938294410705566,-0.00038755236892029643,0.0015502094756811857,-0.0010110063012689352,-0.00019377618446014822,-0.0027128667570650578,0.00040440246812067926,0.0005813285824842751,0.0029066430870443583,0.0008088049362413585,0.0,-0.0025190904270857573,0.0,0.0,0.0,0.0,0.0,0.0,0.0,0.0,0.0,0.0,0.0,0.0,0.0,-0.03954119181632995,1.2813479832839965,-2.7710658700942994,0.04598413038253783,1.2745539993476867,-2.767665077972412,-0.24358425602912892,1.3104243907165527,-2.7703465059280394,0.260606625175476,1.3053351458740234,-2.7679266469955444
nan,nan,nan,-0.10537438094615936,-0.005767656955868006,-0.9944158792495728,-0.045735277235507965,0.4595596194267273,-1.2916810512542725,0.05297163873910904,0.4689456820487976,-1.2958354949951172,0.24390468001365662,0.4964321255683899,-1.291365146636963,-0.22128739953041077,0.5045768618583679,-1.2938294410705566,0.003487971378490329,0.0013564333785325289,-0.0012132074916735291,0.0009688809514045715,-0.0015502094756811857,0.0009099055896513164,-0.0021315379999578,0.0036817477084696293,-0.0020220126025378704,-0.0013564333785325289,-0.001937761902809143,0.001314308145083487,0.0,0.0,0.0,0.0,0.0,0.0,0.0,0.0,0.0,0.0,0.0,0.0,-0.03944568169116973,1.2815379640007019,-2.7707734404563906,0.04587305760383605,1.2747603906536102,-2.7673808628082277,-0.24251279647350302,1.3105441385650634,-2.7700558138847353,0.2594940487861632,1.3054671865844727,-2.7676418000221252
nan,nan,nan,-0.105351023375988,-0.0057604662142694,-0.9944183826446533,-0.04579583555459976,0.4595898985862732,-1.2916967868804932,0.05300191789865494,0.4689456820487976,-1.2958197593688965,0.2436927855014801,0.4964321255683899,-1.291365146636963,-0.22104516625404358,0.5046374201774597,-1.2938454151153564,0.0031004189513623714,0.0029066430870443583,-0.0005055031506344676,0.0029066430870443583,-0.001937761902809143,0.0008088049362413585,-0.001937761902809143,0.0007751047378405929,-0.001617609872482717,0.0017439856892451644,-0.00038755236892029643,0.0,0.0,0.0,0.0,0.0,0.0,0.0,0.0,0.0,0.0,0.0,0.0,0.0,-0.03935017156600951,1.2817279447174073,-2.770481010818481,0.04576198482513427,1.2749667819595338,-2.767096647644043,-0.2414413369178771,1.3106638864135742,-2.7697651218414303,0.2583814723968505,1.305599227294922,-2.7673569530487057
nan,nan,nan,-0.10541276633739471,-0.005733674392104149,-0.9944120049476624,-0.04579583555459976,0.4595596194267273,-1.2916967868804932,0.05300191789865494,0.4689759612083435,-1.2958040237426758,0.2436322271823883,0.4964926838874817,-1.2913334369659424,-0.2208332121372223,0.5046979784965515,-1.2937822341918945,0.0011626571649685502,-0.0009688809514045715,-0.0011121068382635713,-0.0011626571649685502,-0.001937761902809143,0.0007077043410390615,0.0005813285824842751,0.003294195281341672,-0.001415408682078123,-0.0021315379999578,-0.0027128667570650578,0.0008088049362413585,0.0,0.0,0.0,0.0,0.0,0.0,0.0,0.0,0.0,0.0,0.0,0.0,-0.0392546614408493,1.2819179254341124,-2.770188581180572,0.045650912046432485,1.2751731732654572,-2.766812432479858,-0.24036987736225118,1.3107836342620849,-2.769474429798126,0.2572688960075378,1.305731268005371,-2.7670721060752865
nan,nan,nan,-0.10540739446878433,-0.005751485470682383,-0.9944124817848206,-0.04579583555459976,0.4595596194267273,-1.2916653156280518,0.05306241661310196,0.4690365195274353,-1.2958040237426758,0.2435413897037506,0.4964624047279358,-1.2913334369659424,-0.2208029329776764,0.5047282576560974,-1.2937822341918945,0.0005813285824842751,-0.0009688809514045715,0.001415408682078123,0.0005813285824842751,0.0007751047378405929,0.00010110061703016981,-0.004069299902766943,-0.0023253143299371004,-0.0010110063012689352,0.0,0.0,0.0010110063012689352,0.0,0.0,0.0,0.0,0.0,0.0,0.0,0.0,0.0,0.0,0.0,0.0,-0.03915915131568908,1.2821079061508178,-2.7698961515426634,0.045539839267730704,1.2753795645713806,-2.7665282173156736,-0.2392984178066253,1.3109033821105955,-2.7691837377548216,0.256156319618225,1.3058633087158202,-2.7667872591018674
nan,nan,nan,-0.10538101196289062,-0.005784226581454277,-0.9944151043891907,-0.04588667303323746,0.4596201777458191,-1.2916810512542725,0.053122974932193756,0.4690365195274353,-1.2957723140716553,0.24314776062965393,0.4965532422065735,-1.2913334369659424,-0.2205909788608551,0.5047585368156433,-1.2937822341918945,-0.0013564333785325289,0.004069299902766943,-0.0008088049362413585,-0.00019377618446014822,-0.0027128667570650578,0.0008088049362413585,0.0009688809514045715,-0.0007751047378405929,-0.0010110063012689352,-0.0013564333785325289,0.0009688809514045715,0.0010110063012689352,0.0,0.0,0.0,0.0,0.0,0.0,0.0,0.0,0.0,0.0,0.0,0.0,-0.03906364119052886,1.2822978868675232,-2.7696037219047547,0.045428766489028924,1.2755859558773042,-2.766244002151489,-0.23822695825099938,1.3110231299591064,-2.768893045711517,0.25504374322891227,1.3059953494262695,-2.7665024121284483
nan,nan,nan,-0.10531158745288849,-0.005783431231975555,-0.994422435760498,-0.04588667303323746,0.4595898985862732,-1.2916653156280518,0.05318353325128555,0.4690667986869812,-1.2957723140716553,0.24293580651283264,0.4966440796852112,-1.2913334369659424,-0.2203790843486786,0.5048796534538269,-1.2937822341918945,0.0,-0.00038755236892029643,0.0005055031506344676,0.001937761902809143,-0.0029066430870443583,-0.001415408682078123,-0.001937761902809143,-0.0007751047378405929,-0.0010110063012689352,0.0007751047378405929,0.00038755236892029643,0.0010110063012689352,0.0,0.0,0.0,0.0,0.0,0.0,0.0,0.0,0.0,0.0,0.0,0.0,-0.038968131065368644,1.2824878675842286,-2.769311292266846,0.04531769371032714,1.2757923471832275,-2.7659597869873047,-0.23715549869537347,1.3111428778076173,-2.768602353668213,0.2539311668395995,1.3061273901367187,-2.766217565155029
nan,nan,nan,-0.10531266033649445,-0.0057494621723890305,-0.9944225549697876,-0.04588667303323746,0.4596201777458191,-1.2916653156280518,0.05327437072992325,0.469127357006073,-1.2957565784454346,0.24266335368156433,0.4967954754829407,-1.2913334369659424,-0.2201065719127655,0.5049402117729187,-1.2937822341918945,0.0015502094756811857,0.0023253143299371004,0.0010110063012689352,0.0007751047378405929,0.0,-0.0005055031506344676,-0.0036817477084696293,0.0013564333785325289,-0.0010110063012689352,0.0027128667570650578,-0.001937761902809143,0.0005055031506344676,0.0,0.0,0.0,0.0,0.0,0.0,0.0,0.0,0.0,0.0,0.0,0.0,-0.03887262094020843,1.282677848300934,-2.7690188626289363,0.045206620931625356,1.2759987384891511,-2.7656755718231203,-0.23608403913974754,1.311262625656128,-2.7683116616249084,0.2528185904502868,1.306259430847168,-2.7659327181816096
nan,nan,nan,-0.10529784113168716,-0.005767229478806257,-0.9944239854812622,-0.04588667303323746,0.4596201777458191,-1.2916810512542725,0.053365208208560944,0.469127357006073,-1.2957408428192139,0.24242112040519714,0.49688631296157837,-1.2913494110107422,-0.2199854552745819,0.5050613284111023,-1.2937979698181152,0.0031004189513623714,0.0025190904270857573,-0.001314308145083487,0.0036817477084696293,0.0,0.0010110063012689352,-0.0011626571649685502,0.0,-0.00020220123406033963,-0.001937761902809143,0.0009688809514045715,0.0,0.0,0.0,0.0,0.0,0.0,0.0,0.0,0.0,0.0,0.0,0.0,0.0,-0.03877711081504821,1.2828678290176392,-2.7687264329910275,0.045095548152923576,1.2762051297950743,-2.7653913566589354,-0.23501257958412164,1.3113823735046386,-2.768020969581604,0.25170601406097404,1.306391471557617,-2.7656478712081904
nan,nan,nan,-0.1052323430776596,-0.005858689080923796,-0.994430422782898,-0.045947231352329254,0.4596201777458191,-1.2916810512542725,0.053365208208560944,0.4692181944847107,-1.2956933975219727,0.24190637469291687,0.49694687128067017,-1.2913494110107422,-0.21977350115776062,0.5050916075706482,-1.2937979698181152,0.0027128667570650578,0.001937761902809143,-0.0010110063012689352,0.0,0.0013564333785325289,0.001314308145083487,-0.0025190904270857573,0.0005813285824842751,-0.001314308145083487,0.0007751047378405929,0.0,0.0010110063012689352,0.0,0.0,0.0,0.0,0.0,0.0,0.0,0.0,0.0,0.0,0.0,0.0,-0.03868160068988799,1.2830578097343444,-2.7684340033531187,0.044984475374221795,1.2764115211009979,-2.7651071414947506,-0.2339411200284957,1.3115021213531495,-2.7677302775382993,0.25059343767166126,1.3065235122680663,-2.7653630242347713
nan,nan,nan,-0.10519189387559891,-0.005895061884075403,-0.9944344758987427,-0.04600778967142105,0.4595898985862732,-1.2916810512542725,0.05342576652765274,0.4692181944847107,-1.295677661895752,0.24172469973564148,0.49706798791885376,-1.291365146636963,-0.21959182620048523,0.5051520466804504,-1.2937979698181152,0.0,-0.0007751047378405929,-0.0010110063012689352,-0.0013564333785325289,-0.0021315379999578,-0.00020220123406033963,-0.0029066430870443583,0.001937761902809143,-0.002931918017566204,0.0005813285824842751,-0.0015502094756811857,0.001516509335488081,0.0,0.0,0.0,0.0,0.0,0.0,0.0,0.0,0.0,0.0,0.0,0.0,-0.038586090564727775,1.2832477904510498,-2.76814157371521,0.04487340259552001,1.2766179124069215,-2.764822926330566,-0.23286966047286978,1.3116218692016601,-2.767439585494995,0.24948086128234853,1.3066555529785155,-2.7650781772613526
nan,nan,nan,-0.105140820145607,-0.005898776929825544,-0.9944398403167725,-0.04600778967142105,0.4596201777458191,-1.2916653156280518,0.053516604006290436,0.4692787528038025,-1.2956302165985107,0.24148252606391907,0.49709826707839966,-1.2913494110107422,-0.21941015124320984,0.5052126049995422,-1.293813705444336,0.0011626571649685502,0.001937761902809143,0.0005055031506344676,-0.0011626571649685502,-0.0011626571649685502,0.0011121068382635713,-0.0023253143299371004,-0.0009688809514045715,-0.0007077043410390615,0.0009688809514045715,-0.0007751047378405929,0.0003033018729183823,0.0,0.0,0.0,0.0,0.0,0.0,0.0,0.0,0.0,0.0,0.0,0.0,-0.03849058043956756,1.2834377711677551,-2.767849144077301,0.04476232981681823,1.2768243037128448,-2.7645387111663817,-0.23179820091724387,1.311741617050171,-2.7671488934516906,0.24836828489303578,1.306787593688965,-2.7647933302879335
nan,nan,nan,-0.10515142232179642,-0.0059341322630643845,-0.9944385290145874,-0.046038009226322174,0.459650456905365,-1.2916336059570312,0.05363772064447403,0.4693393111228943,-1.2955987453460693,0.24139168858528137,0.49715882539749146,-1.291365146636963,-0.21925881505012512,0.505273163318634,-1.293813705444336,0.0015502094756811857,0.00019377618446014822,0.0,0.004650628659874201,-0.001937761902809143,0.0023253143299371004,0.0005813285824842751,-0.0009688809514045715,-0.001718710525892675,0.00019377618446014822,0.00038755236892029643,0.0007077043410390615,0.0,0.0,0.0,0.0,0.0,0.0,0.0,0.0,0.0,0.0,0.0,0.0,-0.03839507031440734,1.2836277518844605,-2.767556714439392,0.04465125703811645,1.2770306950187682,-2.7642544960021973,-0.23072674136161794,1.3118613648986814,-2.7668582014083865,0.24725570850372305,1.306919634399414,-2.7645084833145144
nan,nan,nan,-0.10516110807657242,-0.0059680938720703125,-0.9944372773170471,-0.04606828838586807,0.459650456905365,-1.2916336059570312,0.05366799980401993,0.4694604277610779,-1.29561448097229,0.2410586178302765,0.49727994203567505,-1.2913494110107422,-0.21919825673103333,0.5053034424781799,-1.2937822341918945,0.0017439856892451644,0.0017439856892451644,0.00020220123406033963,-0.0007751047378405929,0.0017439856892451644,-0.00040440246812067926,-0.0025190904270857573,-0.0009688809514045715,0.0,-0.001937761902809143,-0.0013564333785325289,0.0018198111793026328,0.0,0.0,0.0,0.0,0.0,0.0,0.0,0.0,0.0,0.0,0.0,0.0,-0.03829956018924712,1.2838177326011657,-2.767264284801483,0.04454018425941466,1.2772370863246918,-2.763970280838013,-0.22965528180599204,1.3119811127471923,-2.766567509365082,0.2461431321144103,1.3070516751098633,-2.764223636341095
nan,nan,nan,-0.10505670309066772,-0.006084999535232782,-0.9944475889205933,-0.04615912586450577,0.459650456905365,-1.2916336059570312,0.053728558123111725,0.4694604277610779,-1.2955987453460693,0.2408769428730011,0.49731022119522095,-1.2913334369659424,-0.21907714009284973,0.5053337216377258,-1.2937822341918945,0.0027128667570650578,0.0007751047378405929,-0.00010110061703016981,-0.0007751047378405929,-0.001937761902809143,0.0005055031506344676,-0.001937761902809143,0.0025190904270857573,0.0,0.0009688809514045715,-0.001937761902809143,0.0010110063012689352,0.0,0.0,0.0,0.0,0.0,0.0,0.0,0.0,0.0,0.0,0.0,0.0,-0.038204050064086906,1.2840077133178711,-2.766971855163574,0.04442911148071288,1.2774434776306152,-2.763686065673828,-0.2285838222503661,1.3121008605957032,-2.766276817321777,0.24503055572509758,1.3071837158203126,-2.7639387893676757
nan,nan,nan,-0.10502822697162628,-0.006040504202246666,-0.9944508671760559,-0.046219684183597565,0.459650456905365,-1.2916336059570312,0.05375883728265762,0.4694604277610779,-1.2955827713012695,0.2407861053943634,0.49731022119522095,-1.2913334369659424,-0.21889546513557434,0.5054245591163635,-1.2937822341918945,0.0025190904270857573,-0.0005813285824842751,0.00040440246812067926,0.001937761902809143,-0.001937761902809143,0.0012132074916735291,-0.0013564333785325289,0.001937761902809143,0.0,0.00038755236892029643,0.0029066430870443583,0.0012132074916735291,0.0,0.0,0.0,0.0,0.0,0.0,0.0,0.0,0.0,0.0,0.0,0.0,-0.03810853993892669,1.2841976940345765,-2.7666794255256653,0.0443180387020111,1.2776498689365388,-2.7634018505096436,-0.22751236269474018,1.3122206084442138,-2.7659861252784728,0.2439179793357848,1.3073157565307618,-2.7636539423942565
nan,nan,nan,-0.10499806702136993,-0.006060383282601833,-0.9944539666175842,-0.04631052166223526,0.4596807360649109,-1.2916336059570312,0.05381939560174942,0.4694907069206238,-1.2955827713012695,0.2406347095966339,0.49731022119522095,-1.2913494110107422,-0.21880462765693665,0.5054548382759094,-1.2937822341918945,-0.0021315379999578,0.0013564333785325289,0.0,0.0029066430870443583,-0.0029066430870443583,0.00020220123406033963,-0.0017439856892451644,0.0,-0.0011121068382635713,0.0,-0.0027128667570650578,0.0009099055896513164,0.0,0.0,0.0,0.0,0.0,0.0,0.0,0.0,0.0,0.0,0.0,0.0,-0.03801302981376647,1.2843876747512817,-2.766386995887756,0.04420696592330932,1.2778562602424621,-2.7631176353454587,-0.22644090313911427,1.3123403562927245,-2.765695433235168,0.2428054029464721,1.307447797241211,-2.7633690954208374
nan,nan,nan,-0.10500366985797882,-0.006057146470993757,-0.9944533705711365,-0.04634080082178116,0.4597110152244568,-1.2916336059570312,0.05387995392084122,0.469551146030426,-1.2955670356750488,0.2405136525630951,0.49731022119522095,-1.2913334369659424,-0.21874406933784485,0.5054851174354553,-1.2937979698181152,-0.0009688809514045715,0.003875523805618286,0.0,0.001937761902809143,0.00038755236892029643,0.001718710525892675,-0.0021315379999578,-0.0009688809514045715,-0.0010110063012689352,-0.0027128667570650578,-0.0009688809514045715,-0.0006066037458367646,0.0,0.0,0.0,0.0,0.0,0.0,0.0,0.0,0.0,0.0,0.0,0.0,-0.03791751968860625,1.284577655467987,-2.7660945662498473,0.04409589314460753,1.2780626515483857,-2.7628334201812743,-0.22536944358348834,1.3124601041412354,-2.765404741191864,0.24169282655715932,1.30757983795166,-2.7630842484474183
nan,nan,nan,-0.10501334071159363,-0.006139181088656187,-0.9944518804550171,-0.04637107998132706,0.4596807360649109,-1.2916336059570312,0.053940512239933014,0.4695814251899719,-1.2955670356750488,0.2403016984462738,0.49737077951431274,-1.2913494110107422,-0.21865323185920715,0.5055153965950012,-1.2937979698181152,-0.0005813285824842751,0.001937761902809143,-0.0003033018729183823,0.0042630759999156,-0.0027128667570650578,0.0003033018729183823,-0.00038755236892029643,0.0007751047378405929,0.00010110061703016981,-0.0027128667570650578,-0.00019377618446014822,0.001617609872482717,0.0,0.0,0.0,0.0,0.0,0.0,0.0,0.0,0.0,0.0,0.0,0.0,-0.03782200956344604,1.2847676361846925,-2.7658021366119385,0.04398482036590575,1.278269042854309,-2.7625492050170894,-0.22429798402786244,1.312579851989746,-2.7651140491485595,0.24058025016784657,1.3077118786621094,-2.762799401473999
nan,nan,nan,-0.10502465814352036,-0.006101219914853573,-0.9944509267807007,-0.04637107998132706,0.4597110152244568,-1.2916336059570312,0.05397079139947891,0.4696419835090637,-1.2955670356750488,0.2401503026485443,0.49740105867385864,-1.2913334369659424,-0.21850183606147766,0.5055153965950012,-1.2937822341918945,0.00038755236892029643,0.0042630759999156,-0.001415408682078123,0.004650628659874201,0.00019377618446014822,-0.00010110061703016981,0.0007751047378405929,0.0029066430870443583,0.0005055031506344676,0.0,-0.003487971378490329,0.001718710525892675,0.0,0.0,0.0,0.0,0.0,0.0,0.0,0.0,0.0,0.0,0.0,0.0,-0.03772649943828582,1.2849576169013976,-2.7655097069740293,0.04387374758720397,1.2784754341602325,-2.7622649898529055,-0.2232265244722365,1.312699599838257,-2.7648233571052554,0.23946767377853384,1.3078439193725586,-2.76251455450058
nan,nan,nan,-0.1050155907869339,-0.006066928151994944,-0.9944520592689514,-0.046431638300418854,0.4597110152244568,-1.2916336059570312,0.05397079139947891,0.4696117043495178,-1.2955355644226074,0.24008974432945251,0.49743133783340454,-1.2913494110107422,-0.21835044026374817,0.5056062340736389,-1.2937979698181152,0.0,0.0011626571649685502,-0.0010110063012689352,0.0031004189513623714,0.0009688809514045715,-0.0006066037458367646,0.00019377618446014822,0.001937761902809143,-0.0009099055896513164,-0.0013564333785325289,0.0007751047378405929,-0.001516509335488081,0.0,0.0,0.0,0.0,0.0,0.0,0.0,0.0,0.0,0.0,0.0,0.0,-0.0376309893131256,1.285147597618103,-2.7652172773361205,0.04376267480850219,1.278681825466156,-2.7619807746887206,-0.22215506491661058,1.3128193476867676,-2.7645326650619504,0.23835509738922106,1.3079759600830076,-2.7622297075271605
nan,nan,nan,-0.1050310954451561,-0.006068269722163677,-0.9944504499435425,-0.046401359140872955,0.4597110152244568,-1.2916336059570312,0.05400107055902481,0.4696419835090637,-1.2954721450805664,0.23990806937217712,0.49743133783340454,-1.2913494110107422,-0.21819910407066345,0.5056970715522766,-1.293813705444336,0.0029066430870443583,0.0007751047378405929,-0.0010110063012689352,0.0029066430870443583,0.00019377618446014822,0.0010110063012689352,-0.0054257335141301155,0.0009688809514045715,-0.00020220123406033963,-0.0050381808541715145,0.0,0.001415408682078123,0.0,0.0,0.0,0.0,0.0,0.0,0.0,0.0,0.0,0.0,0.0,0.0,-0.03753547918796538,1.2853375783348084,-2.7649248476982113,0.0436516020298004,1.2788882167720794,-2.761696559524536,-0.22108360536098473,1.3129390955352782,-2.7642419730186463,0.23724252099990836,1.308108000793457,-2.7619448605537413
nan,nan,nan,-0.104967400431633,-0.006081416271626949,-0.9944570660591125,-0.046431638300418854,0.4597412943840027,-1.2916021347045898,0.05400107055902481,0.4697631001472473,-1.2954564094543457,0.23966583609580994,0.49749189615249634,-1.2913494110107422,-0.21801742911338806,0.5057273507118225,-1.2938294410705566,0.0023253143299371004,0.001937761902809143,-0.0005055031506344676,0.00019377618446014822,-0.0015502094756811857,0.00010110061703016981,-0.0036817477084696293,0.0027128667570650578,0.00040440246812067926,-0.0007751047378405929,0.0009688809514045715,0.00020220123406033963,0.0,0.0,0.0,0.0,0.0,0.0,0.0,0.0,0.0,0.0,0.0,0.0,-0.03743996906280517,1.2855275590515136,-2.7646324180603026,0.04354052925109862,1.2790946080780028,-2.7614123443603513,-0.2200121458053588,1.313058843383789,-2.7639512809753417,0.23612994461059558,1.3082400415039062,-2.761660013580322
nan,nan,nan,-0.10492948442697525,-0.006093781441450119,-0.9944609999656677,-0.046431638300418854,0.4597412943840027,-1.2915863990783691,0.05406162887811661,0.4698236584663391,-1.2954721450805664,0.23942366242408752,0.49752217531204224,-1.291365146636963,-0.21792659163475037,0.5057576298713684,-1.2938294410705566,0.0023253143299371004,0.0029066430870443583,-0.0007077043410390615,0.003294195281341672,0.0009688809514045715,-0.0019209118327125907,-0.0036817477084696293,0.001937761902809143,-0.0010110063012689352,-0.0031004189513623714,-0.0027128667570650578,0.001516509335488081,0.0,0.0,0.0,0.0,0.0,0.0,0.0,0.0,0.0,0.0,0.0,0.0,-0.03734445893764495,1.285717539768219,-2.764339988422394,0.04342945647239684,1.2793009993839264,-2.761128129196167,-0.2189406862497329,1.3131785912322997,-2.763660588932037,0.23501736822128289,1.3083720822143554,-2.761375166606903
nan,nan,nan,-0.10491305589675903,-0.006061579566448927,-0.9944629073143005,-0.04646191745996475,0.4597412943840027,-1.2915546894073486,0.05406162887811661,0.4697933793067932,-1.295440673828125,0.23918142914772034,0.49755245447158813,-1.291365146636963,-0.21768435835838318,0.5057879090309143,-1.2938294410705566,0.00019377618446014822,0.0013564333785325289,0.0011121068382635713,-0.00019377618446014822,-0.0023253143299371004,0.0006066037458367646,-0.004650628659874201,0.0027128667570650578,-0.0005055031506344676,0.0023253143299371004,-0.0050381808541715145,-0.0003033018729183823,0.0,0.0,0.0,0.0,0.0,0.0,0.0,0.0,0.0,0.0,0.0,0.0,-0.03724894881248473,1.2859075204849244,-2.764047558784485,0.043318383693695055,1.27950739068985,-2.760843914031982,-0.21786922669410697,1.3132983390808106,-2.763369896888733,0.2339047918319701,1.3085041229248047,-2.7610903196334835
nan,nan,nan,-0.10490183532238007,-0.006049776915460825,-0.9944641590118408,-0.04646191745996475,0.4597412943840027,-1.2915704250335693,0.05406162887811661,0.469853937625885,-1.2954092025756836,0.23912087082862854,0.49761301279067993,-1.2913334369659424,-0.21756324172019958,0.5059090256690979,-1.293813705444336,0.0015502094756811857,0.001937761902809143,-0.00020220123406033963,0.0029066430870443583,0.0011626571649685502,0.002628616290166974,-0.0029066430870443583,0.0,0.0005055031506344676,-0.0007751047378405929,-0.00038755236892029643,0.0010110063012689352,0.0,0.0,0.0,0.0,0.0,0.0,0.0,0.0,0.0,0.0,0.0,0.0,-0.037153438687324514,1.2860975012016296,-2.763755129146576,0.043207310914993274,1.2797137819957733,-2.7605596988677976,-0.21679776713848103,1.3134180869293213,-2.763079204845428,0.23279221544265732,1.308636163635254,-2.7608054726600644
nan,nan,nan,-0.10489648580551147,-0.006107647437602282,-0.9944643974304199,-0.04649219661951065,0.4596807360649109,-1.2915704250335693,0.05406162887811661,0.469853937625885,-1.2954092025756836,0.23878780007362366,0.4977341294288635,-1.2913494110107422,-0.2175026834011078,0.5059393048286438,-1.293813705444336,-0.0007751047378405929,-0.00038755236892029643,-0.001415408682078123,-0.0009688809514045715,0.0011626571649685502,0.0019209118327125907,0.0009688809514045715,0.0015502094756811857,-0.0008088049362413585,-0.0007751047378405929,-0.0015502094756811857,0.0019209118327125907,0.0,0.0,0.0,0.0,0.0,0.0,0.0,0.0,0.0,0.0,0.0,0.0,-0.0370579285621643,1.286287481918335,-2.7634626995086666,0.043096238136291494,1.2799201733016967,-2.760275483703613,-0.21572630758285513,1.313537834777832,-2.762788512802124,0.23167963905334463,1.3087682043457032,-2.7605206256866452
nan,nan,nan,-0.10487265884876251,-0.006192496512085199,-0.9944663643836975,-0.04652247577905655,0.4597110152244568,-1.291538953781128,0.05415240675210953,0.4699144959449768,-1.2954249382019043,0.23827311396598816,0.49782484769821167,-1.2913494110107422,-0.2174118459224701,0.5059393048286438,-1.2938454151153564,-0.0005813285824842751,0.0025190904270857573,-0.0006066037458367646,0.0050381808541715145,0.0023253143299371004,0.00040440246812067926,-0.004650628659874201,-0.0007751047378405929,-0.00040440246812067926,-0.0007751047378405929,-0.0023253143299371004,0.0,0.0,0.0,0.0,0.0,0.0,0.0,0.0,0.0,0.0,0.0,0.0,0.0,-0.03696241843700408,1.2864774626350404,-2.763170269870758,0.042985165357589714,1.2801265646076203,-2.7599912685394288,-0.2146548480272292,1.3136575826263428,-2.7624978207588193,0.23056706266403185,1.3089002450561524,-2.760235778713226
nan,nan,nan,-0.10485637933015823,-0.006203101482242346,-0.9944680333137512,-0.046583034098148346,0.4597110152244568,-1.2915546894073486,0.054091908037662506,0.4698842167854309,-1.2954092025756836,0.23797032237052917,0.49785512685775757,-1.2913494110107422,-0.2171696126461029,0.5059695839881897,-1.2938611507415771,-0.0015502094756811857,0.0,-0.0010110063012689352,-0.0011626571649685502,-0.0027128667570650578,0.0012132074916735291,-0.00019377618446014822,-0.0013564333785325289,0.0005055031506344676,0.0,-0.0025190904270857573,-0.0009099055896513164,0.0,0.0,0.0,0.0,0.0,0.0,0.0,0.0,0.0,0.0,0.0,0.0,-0.03686690831184386,1.2866674433517455,-2.762877840232849,0.042874092578887926,1.2803329559135437,-2.759707053375244,-0.2135833884716033,1.3137773304748537,-2.762207128715515,0.22945448627471915,1.3090322857666017,-2.759950931739807
nan,nan,nan,-0.10484247654676437,-0.006170191336423159,-0.9944697022438049,-0.04655275493860245,0.4597412943840027,-1.2915546894073486,0.05412212759256363,0.4698842167854309,-1.2954092025756836,0.23787948489189148,0.49794596433639526,-1.291365146636963,-0.2169274389743805,0.5060907006263733,-1.2938768863677979,0.0017439856892451644,0.001937761902809143,-0.001516509335488081,0.0009688809514045715,-0.0021315379999578,0.00040440246812067926,-0.0011626571649685502,0.001937761902809143,-0.0011121068382635713,0.0007751047378405929,-0.001937761902809143,-0.00040440246812067926,0.0,0.0,0.0,0.0,0.0,0.0,0.0,0.0,0.0,0.0,0.0,0.0,-0.036771398186683645,1.286857424068451,-2.7625854105949403,0.042763019800186146,1.280539347219467,-2.7594228382110595,-0.21251192891597737,1.313897078323364,-2.7619164366722107,0.22834190988540637,1.3091643264770507,-2.759666084766388
nan,nan,nan,-0.10486944019794464,-0.006206561345607042,-0.9944666028022766,-0.04655275493860245,0.4597412943840027,-1.291538953781128,0.05415240675210953,0.4699447751045227,-1.295377492904663,0.237728089094162,0.49800652265548706,-1.2913808822631836,-0.2166246473789215,0.5062118172645569,-1.2938926219940186,0.001937761902809143,0.0013564333785325289,-0.0009099055896513164,0.0013564333785325289,0.0015502094756811857,0.0010110063012689352,0.0005813285824842751,0.0036817477084696293,-0.001415408682078123,0.0005813285824842751,-0.0021315379999578,0.0010110063012689352,0.0,0.0,0.0,0.0,0.0,0.0,0.0,0.0,0.0,0.0,0.0,0.0,-0.03667588806152343,1.2870474047851563,-2.7622929809570316,0.042651947021484365,1.2807457385253906,-2.7591386230468746,-0.21144046936035144,1.314016826171875,-2.7616257446289065,0.22722933349609364,1.3092963671875,-2.7593812377929687
nan,nan,nan,-0.10486014932394028,-0.006200360134243965,-0.9944676756858826,-0.04655275493860245,0.4597110152244568,-1.2915546894073486,0.054182685911655426,0.4699750542640686,-1.295377492904663,0.2375161349773407,0.49800652265548706,-1.291365146636963,-0.21647325158119202,0.506302535533905,-1.293924331665039,0.004069299902766943,-0.00019377618446014822,-0.0024264149833470583,0.0027128667570650578,-0.001937761902809143,-0.00010110061703016981,-0.0021315379999578,-0.0015502094756811857,0.0,0.0021315379999578,-0.00038755236892029643,-0.00010110061703016981,0.0,0.0,0.0,0.0,0.0,0.0,0.0,0.0,0.0,0.0,0.0,0.0,-0.03658037793636321,1.2872373855018615,-2.762000551319122,0.04254087424278258,1.280952129831314,-2.75885440788269,-0.21036900980472553,1.3141365740203856,-2.7613350525856015,0.2261167571067809,1.3094284078979492,-2.759096390819549
nan,nan,nan,-0.10488364845514297,-0.006295380182564259,-0.9944645762443542,-0.046613313257694244,0.4597412943840027,-1.2915232181549072,0.054182685911655426,0.4700658917427063,-1.2953457832336426,0.2374555766582489,0.49806708097457886,-1.291365146636963,-0.21617045998573303,0.5064539313316345,-1.2939558029174805,0.0005813285824842751,0.001937761902809143,0.00020220123406033963,0.001937761902809143,-0.001937761902809143,0.0010110063012689352,0.0017439856892451644,0.001937761902809143,-0.00010110061703016981,-0.0007751047378405929,0.0,0.0,0.0,0.0,0.0,0.0,0.0,0.0,0.0,0.0,0.0,0.0,0.0,0.0,-0.03648486781120299,1.287427366218567,-2.761708121681213,0.0424298014640808,1.2811585211372374,-2.758570192718506,-0.2092975502490996,1.3142563218688963,-2.761044360542297,0.22500418071746817,1.3095604486083983,-2.75881154384613
nan,nan,nan,-0.10489577800035477,-0.006348482333123684,-0.9944629669189453,-0.04667387157678604,0.4597412943840027,-1.2914915084838867,0.054212965071201324,0.4700961709022522,-1.2953300476074219,0.2373041808605194,0.49803680181503296,-1.2913808822631836,-0.21592828631401062,0.5065750479698181,-1.2939558029174805,0.0021315379999578,0.00019377618446014822,-0.0012132074916735291,0.0031004189513623714,0.0,0.0010110063012689352,-0.001937761902809143,-0.0013564333785325289,-0.0012132074916735291,-0.00038755236892029643,0.0,0.001314308145083487,0.0,0.0,0.0,0.0,0.0,0.0,0.0,0.0,0.0,0.0,0.0,0.0,-0.036389357686042775,1.2876173469352723,-2.7614156920433044,0.04231872868537902,1.281364912443161,-2.7582859775543214,-0.2082260906934737,1.3143760697174072,-2.760753668498993,0.2238916043281554,1.3096924893188475,-2.758526696872711
nan,nan,nan,-0.1049405038356781,-0.006327053066343069,-0.9944583773612976,-0.04670415073633194,0.4597110152244568,-1.2914915084838867,0.05424324423074722,0.4700658917427063,-1.2953143119812012,0.2373041808605194,0.49803680181503296,-1.2913808822631836,-0.21568605303764343,0.5067567229270935,-1.293987512588501,0.0027128667570650578,0.0005813285824842751,-0.0009099055896513164,0.0009688809514045715,-0.0023253143299371004,-0.0010110063012689352,0.0015502094756811857,-0.0009688809514045715,-0.0006066037458367646,-0.00038755236892029643,0.003875523805618286,-0.0010110063012689352,0.0,0.0,0.0,0.0,0.0,0.0,0.0,0.0,0.0,0.0,0.0,0.0,-0.03629384756088256,1.2878073276519775,-2.7611232624053956,0.04220765590667724,1.2815713037490846,-2.7580017623901365,-0.20715463113784777,1.314495817565918,-2.7604629764556883,0.22277902793884263,1.309824530029297,-2.7582418498992918
nan,nan,nan,-0.1049731895327568,-0.006376884412020445,-0.9944546222686768,-0.04673442989587784,0.4597715735435486,-1.291475772857666,0.05430380254983902,0.4700961709022522,-1.29526686668396,0.2371528446674347,0.49809736013412476,-1.291365146636963,-0.21553465723991394,0.5067870020866394,-1.2939717769622803,0.0005813285824842751,0.0,-0.0010110063012689352,0.001937761902809143,-0.00019377618446014822,0.0018198111793026328,-0.0023253143299371004,0.00019377618446014822,-0.0007077043410390615,-0.0005813285824842751,0.00019377618446014822,0.0008088049362413585,0.0,0.0,0.0,0.0,0.0,0.0,0.0,0.0,0.0,0.0,0.0,0.0,-0.036198337435722344,1.2879973083686829,-2.7608308327674864,0.04209658312797545,1.281777695055008,-2.757717547225952,-0.20608317158222184,1.3146155654144287,-2.760172284412384,0.2216664515495299,1.3099565707397463,-2.757957002925872
nan,nan,nan,-0.10498231649398804,-0.006386752240359783,-0.9944536089897156,-0.04676470905542374,0.4598018527030945,-1.2914600372314453,0.05436436086893082,0.470156729221344,-1.2952511310577393,0.2369408905506134,0.49812763929367065,-1.291365146636963,-0.21532270312309265,0.506908118724823,-1.293987512588501,-0.0007751047378405929,0.003487971378490329,0.0,0.00038755236892029643,-0.00038755236892029643,0.0022242136765271425,-0.0036817477084696293,0.001937761902809143,-0.0008088049362413585,-0.0009688809514045715,0.0,0.00040440246812067926,0.0,0.0,0.0,0.0,0.0,0.0,0.0,0.0,0.0,0.0,0.0,0.0,-0.03610282731056212,1.2881872890853883,-2.760538403129577,0.04198551034927367,1.2819840863609315,-2.757433332061767,-0.20501171202659593,1.3147353132629396,-2.759881592369079,0.22055387516021716,1.3100886114501953,-2.757672155952453
nan,nan,nan,-0.10503779351711273,-0.006395821925252676,-0.994447648525238,-0.046794988214969635,0.4597715735435486,-1.2914600372314453,0.054424919188022614,0.4701870083808899,-1.29526686668396,0.2368803322315216,0.49812763929367065,-1.291365146636963,-0.21523186564445496,0.5069989562034607,-1.293987512588501,-0.0015502094756811857,0.0036817477084696293,-0.0010110063012689352,0.0015502094756811857,0.0,0.0,0.0007751047378405929,0.0013564333785325289,-0.0010110063012689352,0.0,0.0,0.001718710525892675,0.0,0.0,0.0,0.0,0.0,0.0,0.0,0.0,0.0,0.0,0.0,0.0,-0.036007317185401906,1.2883772698020937,-2.7602459734916684,0.04187443757057189,1.282190477666855,-2.757149116897583,-0.20394025247097006,1.3148550611114502,-2.759590900325775,0.21944129877090443,1.3102206521606445,-2.7573873089790344
nan,nan,nan,-0.10503435134887695,-0.006354008335620165,-0.9944483041763306,-0.046794988214969635,0.4598018527030945,-1.291475772857666,0.054424919188022614,0.4701870083808899,-1.2952511310577393,0.2367894947528839,0.49812763929367065,-1.291365146636963,-0.21495935320854187,0.5070897936820984,-1.2940189838409424,0.0,0.0025190904270857573,-0.0022242136765271425,0.0,-0.0017439856892451644,0.0010110063012689352,-0.0027128667570650578,-0.0005813285824842751,-0.00040440246812067926,0.0,-0.00019377618446014822,-0.00010110061703016981,0.0,0.0,0.0,0.0,0.0,0.0,0.0,0.0,0.0,0.0,0.0,0.0,-0.03591180706024169,1.2885672505187988,-2.7599535438537597,0.04176336479187011,1.2823968689727783,-2.7568649017333984,-0.20286879291534415,1.3149748089599609,-2.7593002082824705,0.21832872238159168,1.3103526928710938,-2.7571024620056153
nan,nan,nan,-0.10500271618366241,-0.0063490415923297405,-0.994451642036438,-0.04676470905542374,0.4598321318626404,-1.2914440631866455,0.05451575666666031,0.4701870083808899,-1.2952511310577393,0.23672893643379211,0.49815791845321655,-1.291365146636963,-0.21480801701545715,0.5071806311607361,-1.294050693511963,0.0013564333785325289,0.003875523805618286,-0.00010110061703016981,0.0009688809514045715,-0.0023253143299371004,0.00040440246812067926,-0.0017439856892451644,0.0011626571649685502,-0.0010110063012689352,-0.004650628659874201,-0.0029066430870443583,-0.00040440246812067926,0.0,0.0,0.0,0.0,0.0,0.0,0.0,0.0,0.0,0.0,0.0,0.0,-0.03581629693508147,1.288757231235504,-2.759661114215851,0.04165229201316832,1.2826032602787016,-2.756580686569214,-0.20179733335971822,1.3150945568084715,-2.7590095162391663,0.21721614599227895,1.3104847335815428,-2.756817615032196
nan,nan,nan,-0.105040043592453,-0.006332505028694868,-0.9944478273391724,-0.046794988214969635,0.4598321318626404,-1.2914440631866455,0.054576314985752106,0.4702172875404358,-1.2952511310577393,0.23663809895515442,0.49818819761276245,-1.2913808822631836,-0.21459606289863586,0.5073017477989197,-1.2940664291381836,0.0,0.0029066430870443583,-0.00010110061703016981,0.0021315379999578,-0.0025190904270857573,-0.001314308145083487,-0.003487971378490329,0.0007751047378405929,-0.002628616290166974,-0.0013564333785325289,-0.00038755236892029643,0.0,0.0,0.0,0.0,0.0,0.0,0.0,0.0,0.0,0.0,0.0,0.0,0.0,-0.03572078680992125,1.2889472119522094,-2.7593686845779413,0.04154121923446654,1.2828096515846252,-2.7562964714050286,-0.20072587380409232,1.3152143046569824,-2.758718824195862,0.2161035696029662,1.3106167742919923,-2.7565327680587766
nan,nan,nan,-0.10505121946334839,-0.006373582407832146,-0.9944463968276978,-0.046794988214969635,0.4598018527030945,-1.2914600372314453,0.054576314985752106,0.4702778458595276,-1.2952353954315186,0.23648670315742493,0.49821847677230835,-1.291365146636963,-0.21441438794136047,0.5073925852775574,-1.294098138809204,0.0009688809514045715,0.0013564333785325289,-0.0007077043410390615,0.0,-0.0042630759999156,0.0,-0.0027128667570650578,0.0025190904270857573,-0.0003033018729183823,-0.00038755236892029643,0.0,0.0007077043410390615,0.0,0.0,0.0,0.0,0.0,0.0,0.0,0.0,0.0,0.0,0.0,0.0,-0.03562527668476104,1.2891371926689148,-2.759076254940033,0.04143014645576476,1.2830160428905486,-2.7560122562408447,-0.1996544142484664,1.315334052505493,-2.7584281321525568,0.21499099321365342,1.3107488150024413,-2.7562479210853574
nan,nan,nan,-0.10506001859903336,-0.006373823620378971,-0.9944454431533813,-0.04682526737451553,0.4598321318626404,-1.2914440631866455,0.054576314985752106,0.4703384041786194,-1.2951562404632568,0.23636558651924133,0.49827903509140015,-1.291365146636963,-0.21426299214363098,0.5074531435966492,-1.2941455841064453,0.0013564333785325289,0.0029066430870443583,0.0003033018729183823,-0.0013564333785325289,-0.001937761902809143,0.0011121068382635713,-0.0011626571649685502,0.0007751047378405929,-0.00040440246812067926,-0.00019377618446014822,-0.0005813285824842751,0.0019209118327125907,0.0,0.0,0.0,0.0,0.0,0.0,0.0,0.0,0.0,0.0,0.0,0.0,-0.03552976655960082,1.2893271733856202,-2.7587838253021237,0.04131907367706297,1.283222434196472,-2.75572804107666,-0.19858295469284049,1.3154538003540037,-2.7581374401092527,0.21387841682434072,1.3108808557128906,-2.7559630741119383
nan,nan,nan,-0.10506842285394669,-0.006363540887832642,-0.9944446086883545,-0.04685554653406143,0.4598321318626404,-1.2914440631866455,0.054606594145298004,0.4703686833381653,-1.2950141429901123,0.23630502820014954,0.49830931425094604,-1.291365146636963,-0.2140207588672638,0.5075439810752869,-1.2941296100616455,-0.00038755236892029643,0.001937761902809143,-0.0010110063012689352,-0.0009688809514045715,-0.00038755236892029643,0.001617609872482717,-0.0011626571649685502,0.0005813285824842751,-0.0003033018729183823,-0.00038755236892029643,-0.0005813285824842751,0.0005055031506344676,0.0,0.0,0.0,0.0,0.0,0.0,0.0,0.0,0.0,0.0,0.0,0.0,-0.0354342564344406,1.2895171541023254,-2.758491395664215,0.04120800089836119,1.2834288255023956,-2.7554438259124754,-0.19751149513721455,1.3155735482025146,-2.757846748065948,0.21276584043502794,1.3110128964233398,-2.755678227138519
nan,nan,nan,-0.1050715297460556,-0.006328587420284748,-0.9944445490837097,-0.04685554653406143,0.4598321318626404,-1.291412591934204,0.0546671524643898,0.4703686833381653,-1.2949035167694092,0.23618391156196594,0.49836987257003784,-1.291365146636963,-0.2138996422290802,0.5076348185539246,-1.2941296100616455,-0.0013564333785325289,0.0007751047378405929,-0.0003033018729183823,0.0005813285824842751,-0.0025190904270857573,0.0010110063012689352,-0.0025190904270857573,0.0,0.0,-0.0023253143299371004,0.00038755236892029643,0.0012132074916735291,0.0,0.0,0.0,0.0,0.0,0.0,0.0,0.0,0.0,0.0,0.0,0.0,-0.03533874630928038,1.2897071348190308,-2.758198966026306,0.04109692811965941,1.2836352168083192,-2.755159610748291,-0.19644003558158862,1.3156932960510255,-2.757556056022644,0.21165326404571522,1.3111449371337889,-2.7553933801651
nan,nan,nan,-0.1050843596458435,-0.006357232108712196,-0.9944429993629456,-0.04682526737451553,0.4598321318626404,-1.2913966178894043,0.054757989943027496,0.470459520816803,-1.2948088645935059,0.23597201704978943,0.49843043088912964,-1.291365146636963,-0.21374830603599548,0.5076650977134705,-1.2941296100616455,0.001937761902809143,0.001937761902809143,0.0,0.004844404757022858,-0.0007751047378405929,0.00010110061703016981,-0.0029066430870443583,0.001937761902809143,-0.001617609872482717,0.0,0.0,0.0010110063012689352,0.0,0.0,0.0,0.0,0.0,0.0,0.0,0.0,0.0,0.0,0.0,0.0,-0.03524323618412017,1.289897115535736,-2.757906536388397,0.04098585534095763,1.2838416081142425,-2.7548753955841065,-0.19536857602596272,1.3158130438995361,-2.7572653639793394,0.21054068765640246,1.3112769778442381,-2.755108533191681
nan,nan,nan,-0.10505982488393784,-0.006394785828888416,-0.9944453239440918,-0.046794988214969635,0.4598321318626404,-1.291412591934204,0.054757989943027496,0.4704897999763489,-1.2946665287017822,0.23582062125205994,0.49843043088912964,-1.2913494110107422,-0.213596910238266,0.5076953768730164,-1.2941455841064453,0.004844404757022858,0.0025190904270857573,-0.001516509335488081,0.003487971378490329,-0.0007751047378405929,0.003033018670976162,-0.0027128667570650578,0.0013564333785325289,-0.00020220123406033963,-0.0027128667570650578,-0.00038755236892029643,0.0008088049362413585,0.0,0.0,0.0,0.0,0.0,0.0,0.0,0.0,0.0,0.0,0.0,0.0,-0.03514772605895995,1.2900870962524413,-2.757614106750488,0.040874782562255844,1.284047999420166,-2.7545911804199212,-0.1942971164703368,1.3159327917480468,-2.7569746719360353,0.20942811126708974,1.3114090185546874,-2.754823686218262
nan,nan,nan,-0.10508948564529419,-0.006400656886398792,-0.9944421648979187,-0.04688582569360733,0.4598321318626404,-1.2913966178894043,0.0546974316239357,0.4704897999763489,-1.294508695602417,0.23569950461387634,0.49846071004867554,-1.2913494110107422,-0.2133546769618988,0.507786214351654,-1.294161319732666,-0.0005813285824842751,0.0017439856892451644,-0.0003033018729183823,-0.0029066430870443583,-0.0013564333785325289,0.001718710525892675,-0.0023253143299371004,0.0042630759999156,0.0006066037458367646,0.0009688809514045715,0.0011626571649685502,0.0,0.0,0.0,0.0,0.0,0.0,0.0,0.0,0.0,0.0,0.0,0.0,0.0,-0.03505221593379973,1.2902770769691467,-2.757321677112579,0.040763709783554064,1.2842543907260895,-2.754306965255737,-0.19322565691471089,1.3160525395965577,-2.7566839798927303,0.208315534877777,1.3115410592651366,-2.754538839244842
nan,nan,nan,-0.10509667545557022,-0.006371526047587395,-0.994441568851471,-0.04688582569360733,0.4598624110221863,-1.2913966178894043,0.054757989943027496,0.4705200791358948,-1.2939400672912598,0.23563894629478455,0.49843043088912964,-1.2913494110107422,-0.21314272284507751,0.5078770518302917,-1.2941770553588867,-0.0007751047378405929,0.0029066430870443583,-0.001314308145083487,-0.0011626571649685502,0.00038755236892029643,0.0025275154039263725,-0.001937761902809143,-0.0009688809514045715,0.0,-0.0027128667570650578,0.0,0.0012132074916735291,0.0,0.0,0.0,0.0,0.0,0.0,0.0,0.0,0.0,0.0,0.0,0.0,-0.034956705808639514,1.2904670576858521,-2.7570292474746703,0.040652637004852284,1.2844607820320129,-2.7540227500915524,-0.19215419735908496,1.3161722874450683,-2.756393287849426,0.20720295848846426,1.311673099975586,-2.754253992271423
nan,nan,nan,-0.10509828478097916,-0.006432550959289074,-0.994441032409668,-0.04694638401269913,0.4598624110221863,-1.2913808822631836,0.054788269102573395,0.4704897999763489,-1.2930395603179932,0.23551782965660095,0.49849098920822144,-1.291365146636963,-0.21293076872825623,0.5079981684684753,-1.2942087650299072,0.00019377618446014822,0.0013564333785325289,0.0005055031506344676,0.0009688809514045715,-0.0025190904270857573,-0.00020220123406033963,-0.0017439856892451644,0.0027128667570650578,-0.0011121068382635713,0.0,0.0021315379999578,0.0012132074916735291,0.0,0.0,0.0,0.0,0.0,0.0,0.0,0.0,0.0,0.0,0.0,0.0,-0.0348611956834793,1.2906570384025575,-2.756736817836761,0.040541564226150496,1.2846671733379365,-2.753738534927368,-0.19108273780345905,1.316292035293579,-2.7561025958061216,0.20609038209915148,1.3118051406860352,-2.753969145298004
nan,nan,nan,-0.10507377982139587,-0.006508078891783953,-0.9944431185722351,-0.047006942331790924,0.4598321318626404,-1.2913966178894043,0.054788269102573395,0.4705503582954407,-1.2930552959442139,0.23521503806114197,0.49849098920822144,-1.2913494110107422,-0.2127188742160797,0.5080284476280212,-1.2942402362823486,0.00038755236892029643,-0.0013564333785325289,-0.001415408682078123,-0.0009688809514045715,-0.0023253143299371004,-0.00020220123406033963,-0.0007751047378405929,0.0013564333785325289,0.00040440246812067926,-0.00019377618446014822,0.00038755236892029643,0.0007077043410390615,0.0,0.0,0.0,0.0,0.0,0.0,0.0,0.0,0.0,0.0,0.0,0.0,-0.03476568555831908,1.2908470191192627,-2.7564443881988523,0.040430491447448716,1.2848735646438598,-2.7534543197631836,-0.19001127824783315,1.3164117831420898,-2.755811903762817,0.20497780570983873,1.3119371813964844,-2.753684298324585
nan,nan,nan,-0.105045385658741,-0.006513778120279312,-0.9944460988044739,-0.04703722149133682,0.4598926901817322,-1.2913808822631836,0.05481854826211929,0.4706713557243347,-1.2930395603179932,0.23509392142295837,0.49855154752731323,-1.291365146636963,-0.21253719925880432,0.508089005947113,-1.2942559719085693,0.0,0.0031004189513623714,0.00040440246812067926,0.00019377618446014822,-0.0017439856892451644,0.0010110063012689352,-0.0015502094756811857,0.004650628659874201,-0.0011121068382635713,-0.001937761902809143,0.0,0.0025275154039263725,0.0,0.0,0.0,0.0,0.0,0.0,0.0,0.0,0.0,0.0,0.0,0.0,-0.03467017543315886,1.2910369998359679,-2.7561519585609435,0.040319418668746936,1.2850799559497834,-2.753170104598999,-0.18893981869220722,1.3165315309906007,-2.755521211719513,0.203865229320526,1.3120692221069334,-2.7533994513511657
nan,nan,nan,-0.10504434257745743,-0.006527146324515343,-0.9944460988044739,-0.04703722149133682,0.4598624110221863,-1.2913966178894043,0.05481854826211929,0.4707319140434265,-1.2930552959442139,0.23485174775123596,0.49852126836776733,-1.291365146636963,-0.21226468682289124,0.5081495642662048,-1.2943191528320312,0.0025190904270857573,-0.001937761902809143,-0.0011121068382635713,-0.00019377618446014822,0.0009688809514045715,-0.0008088049362413585,-0.004650628659874201,0.0007751047378405929,-0.0008088049362413585,0.0005813285824842751,-0.001937761902809143,-0.001314308145083487,0.0,0.0,0.0,0.0,0.0,0.0,0.0,0.0,0.0,0.0,0.0,0.0,-0.034574665307998645,1.2912269805526733,-2.7558595289230343,0.040208345890045155,1.2852863472557068,-2.752885889434814,-0.1878683591365813,1.3166512788391114,-2.755230519676208,0.20275265293121325,1.3122012628173827,-2.753114604377746
nan,nan,nan,-0.1050298810005188,-0.00654252152889967,-0.9944475293159485,-0.04706750065088272,0.4599229693412781,-1.2913966178894043,0.05487910658121109,0.4707319140434265,-1.2930552959442139,0.23473063111305237,0.49855154752731323,-1.2913494110107422,-0.21202245354652405,0.5083009600639343,-1.2943191528320312,0.0021315379999578,0.0031004189513623714,-0.0005055031506344676,0.0011626571649685502,-0.0009688809514045715,-0.0007077043410390615,-0.0015502094756811857,0.00019377618446014822,0.0005055031506344676,-0.00019377618446014822,0.0005813285824842751,0.0,0.0,0.0,0.0,0.0,0.0,0.0,0.0,0.0,0.0,0.0,0.0,0.0,-0.03447915518283843,1.2914169612693787,-2.7555670992851256,0.04009727311134337,1.2854927385616302,-2.7526016742706294,-0.18679689958095538,1.316771026687622,-2.754939827632904,0.20164007654190053,1.312333303527832,-2.752829757404327
nan,nan,nan,-0.10496664047241211,-0.006565165240317583,-0.9944540858268738,-0.04712805896997452,0.4599229693412781,-1.2913966178894043,0.05490938574075699,0.4707621932029724,-1.2930395603179932,0.23439756035804749,0.49858182668685913,-1.2913808822631836,-0.21178022027015686,0.5083009600639343,-1.2943034172058105,-0.0027128667570650578,0.0042630759999156,-0.0021231132559478283,0.0015502094756811857,0.0,0.0012132074916735291,-0.001937761902809143,0.00019377618446014822,-0.0010110063012689352,0.0009688809514045715,-0.001937761902809143,0.0022242136765271425,0.0,0.0,0.0,0.0,0.0,0.0,0.0,0.0,0.0,0.0,0.0,0.0,-0.034383645057678214,1.291606941986084,-2.7552746696472163,0.03998620033264159,1.2856991298675537,-2.752317459106445,-0.18572544002532945,1.316890774536133,-2.7546491355895992,0.20052750015258775,1.3124653442382812,-2.752544910430908
nan,nan,nan,-0.10496969521045685,-0.006631531286984682,-0.9944533109664917,-0.04712805896997452,0.4598926901817322,-1.2913334369659424,0.05490938574075699,0.4708227515220642,-1.2930552959442139,0.2341856062412262,0.4986726641654968,-1.2913808822631836,-0.21168938279151917,0.5083615183830261,-1.294335126876831,-0.0007751047378405929,0.001937761902809143,0.00040440246812067926,0.0015502094756811857,0.0,-0.00010110061703016981,-0.0005813285824842751,0.003875523805618286,-0.0007077043410390615,-0.0027128667570650578,0.0,0.0007077043410390615,0.0,0.0,0.0,0.0,0.0,0.0,0.0,0.0,0.0,0.0,0.0,0.0,-0.03428813493251799,1.2917969227027895,-2.7549822400093076,0.03987512755393981,1.2859055211734771,-2.7520332439422606,-0.18465398046970355,1.3170105223846436,-2.754358443546295,0.19941492376327505,1.3125973849487305,-2.7522600634574887
nan,nan,nan,-0.1049143522977829,-0.006641233805567026,-0.9944590926170349,-0.04718855768442154,0.4598624110221863,-1.2913494110107422,0.05490938574075699,0.4707924723625183,-1.2930395603179932,0.233943372964859,0.4986726641654968,-1.291365146636963,-0.21159860491752625,0.5084220767021179,-1.2943508625030518,-0.003487971378490329,-0.0009688809514045715,-0.001516509335488081,0.0015502094756811857,-0.0031004189513623714,0.0006066037458367646,-0.0013564333785325289,0.0029066430870443583,-0.0007077043410390615,-0.0027128667570650578,0.0,0.00010110061703016981,0.0,0.0,0.0,0.0,0.0,0.0,0.0,0.0,0.0,0.0,0.0,0.0,-0.034192624807357776,1.2919869034194946,-2.754689810371399,0.03976405477523802,1.2861119124794007,-2.751749028778076,-0.18358252091407762,1.3171302702331542,-2.7540677515029905,0.19830234737396227,1.3127294256591797,-2.7519752164840696
nan,nan,nan,-0.10490670055150986,-0.006615371908992529,-0.9944600462913513,-0.04715827852487564,0.4598926901817322,-1.2913177013397217,0.05490938574075699,0.4708530306816101,-1.2930552959442139,0.2337314784526825,0.4987332224845886,-1.291365146636963,-0.21138665080070496,0.5084826350212097,-1.2943508625030518,-0.0021315379999578,0.001937761902809143,0.0003033018729183823,0.001937761902809143,0.0027128667570650578,-0.0005055031506344676,-0.0015502094756811857,-0.00038755236892029643,-0.0007077043410390615,0.0,0.0,0.0012132074916735291,0.0,0.0,0.0,0.0,0.0,0.0,0.0,0.0,0.0,0.0,0.0,0.0,-0.03409711468219756,1.2921768841361998,-2.75439738073349,0.03965298199653624,1.286318303785324,-2.7514648136138913,-0.18251106135845174,1.317250018081665,-2.753777059459686,0.19718977098464952,1.312861466369629,-2.7516903695106505
nan,nan,nan,-0.10486746579408646,-0.006649934686720371,-0.9944639801979065,-0.04718855768442154,0.4598321318626404,-1.2913177013397217,0.055000223219394684,0.4708227515220642,-1.2930552959442139,0.2335498034954071,0.4988240599632263,-1.2913808822631836,-0.21132609248161316,0.5085431933403015,-1.2943823337554932,0.00019377618446014822,-0.003487971378490329,0.00020220123406033963,0.0017439856892451644,-0.0027128667570650578,-0.0005055031506344676,-0.0007751047378405929,0.0,-0.001415408682078123,-0.0029066430870443583,0.0011626571649685502,0.0007077043410390615,0.0,0.0,0.0,0.0,0.0,0.0,0.0,0.0,0.0,0.0,0.0,0.0,-0.034001604557037345,1.2923668648529052,-2.754104951095581,0.03954190921783446,1.2865246950912474,-2.751180598449707,-0.1814396018028258,1.3173697659301757,-2.7534863674163814,0.1960771945953368,1.312993507080078,-2.7514055225372314
nan,nan,nan,-0.10481822490692139,-0.006687741260975599,-0.9944689273834229,-0.04718855768442154,0.4598624110221863,-1.2913177013397217,0.055000223219394684,0.4709135890007019,-1.2930238246917725,0.23330757021903992,0.498914897441864,-1.2913808822631836,-0.21123525500297546,0.5085431933403015,-1.2943823337554932,0.00038755236892029643,0.0,-0.00040440246812067926,0.0011626571649685502,-0.00019377618446014822,0.0010110063012689352,0.00038755236892029643,0.00038755236892029643,-0.0010110063012689352,-0.0025190904270857573,-0.0009688809514045715,0.001415408682078123,0.0,0.0,0.0,0.0,0.0,0.0,0.0,0.0,0.0,0.0,0.0,0.0,-0.03390609443187712,1.2925568455696106,-2.753812521457672,0.03943083643913268,1.286731086397171,-2.7508963832855224,-0.18036814224719988,1.3174895137786864,-2.7531956753730773,0.194964618206024,1.3131255477905275,-2.7511206755638122
nan,nan,nan,-0.10484595596790314,-0.006733718328177929,-0.9944656491279602,-0.04718855768442154,0.4598624110221863,-1.2913177013397217,0.055000223219394684,0.4709135890007019,-1.2930238246917725,0.23312589526176453,0.4989754557609558,-1.2913808822631836,-0.21105358004570007,0.5085734724998474,-1.2944140434265137,0.0021315379999578,0.0,-0.0005055031506344676,-0.0011626571649685502,-0.001937761902809143,0.0009099055896513164,-0.004844404757022858,0.0031004189513623714,-0.0010110063012689352,-0.00019377618446014822,-0.00019377618446014822,-0.00010110061703016981,0.0,0.0,0.0,0.0,0.0,0.0,0.0,0.0,0.0,0.0,0.0,0.0,-0.033810584306716907,1.292746826286316,-2.753520091819763,0.03931976366043089,1.2869374777030944,-2.7506121681213376,-0.17929668269157398,1.3176092616271973,-2.7529049833297727,0.1938520418167113,1.3132575885009765,-2.750835828590393
nan,nan,nan,-0.10484807938337326,-0.006690033711493015,-0.9944657683372498,-0.04721883684396744,0.4598926901817322,-1.2913334369659424,0.05506078153848648,0.4709741473197937,-1.2930078506469727,0.23303505778312683,0.4989451766014099,-1.2913808822631836,-0.21090218424797058,0.5086340308189392,-1.2944297790527344,-0.00019377618446014822,0.001937761902809143,-0.0003033018729183823,0.0011626571649685502,-0.001937761902809143,0.001617609872482717,-0.0027128667570650578,-0.0023253143299371004,-0.0010110063012689352,0.0009688809514045715,0.0009688809514045715,0.0005055031506344676,0.0,0.0,0.0,0.0,0.0,0.0,0.0,0.0,0.0,0.0,0.0,0.0,-0.03371507418155669,1.2929368070030214,-2.753227662181854,0.03920869088172911,1.287143869009018,-2.750327952957153,-0.17822522313594805,1.317729009475708,-2.752614291286468,0.19273946542739853,1.3133896292114258,-2.750550981616974
nan,nan,nan,-0.10485779494047165,-0.00667151203379035,-0.9944648742675781,-0.04721883684396744,0.4598624110221863,-1.2913177013397217,0.05512133985757828,0.4710347056388855,-1.2930238246917725,0.23291394114494324,0.4990057349205017,-1.2913808822631836,-0.210781067609787,0.5086340308189392,-1.2944614887237549,0.0021315379999578,-0.0011626571649685502,-0.0006066037458367646,0.0013564333785325289,0.0,0.00010110061703016981,-0.0021315379999578,0.0005813285824842751,-0.0007077043410390615,-0.0017439856892451644,-0.003294195281341672,-0.001415408682078123,0.0,0.0,0.0,0.0,0.0,0.0,0.0,0.0,0.0,0.0,0.0,0.0,-0.03361956405639647,1.2931267877197266,-2.752935232543945,0.03909761810302733,1.2873502603149414,-2.7500437377929687,-0.17715376358032214,1.3178487573242188,-2.752323599243164,0.19162688903808583,1.313521669921875,-2.7502661346435544
nan,nan,nan,-0.10482773929834366,-0.006716621574014425,-0.9944677352905273,-0.047279395163059235,0.4598624110221863,-1.291301965713501,0.055151619017124176,0.4710649847984314,-1.2930238246917725,0.23273232579231262,0.4990662932395935,-1.2913808822631836,-0.2107507884502411,0.508694589138031,-1.294445514678955,-0.00019377618446014822,-0.0009688809514045715,0.0005055031506344676,0.0007751047378405929,0.0009688809514045715,0.00020220123406033963,-0.0021315379999578,0.001937761902809143,-0.00040440246812067926,-0.001937761902809143,0.0,-0.00010110061703016981,0.0,0.0,0.0,0.0,0.0,0.0,0.0,0.0,0.0,0.0,0.0,0.0,-0.03352405393123625,1.2933167684364317,-2.752642802906036,0.03898654532432555,1.2875566516208647,-2.749759522628784,-0.1760823040246962,1.3179685051727295,-2.7520329071998595,0.19051431264877305,1.313653710632324,-2.7499812876701353
nan,nan,nan,-0.10482314974069595,-0.006764363497495651,-0.9944678544998169,-0.047279395163059235,0.4598624110221863,-1.2913177013397217,0.055181898176670074,0.4710649847984314,-1.2930238246917725,0.23249009251594543,0.4990662932395935,-1.2913808822631836,-0.2105993926525116,0.5087248682975769,-1.294445514678955,-0.0005813285824842751,-0.00019377618446014822,-0.0010110063012689352,0.00019377618446014822,-0.0023253143299371004,0.0007077043410390615,0.0007751047378405929,0.0007751047378405929,-0.00010110061703016981,0.0,-0.0025190904270857573,-0.0005055031506344676,0.0,0.0,0.0,0.0,0.0,0.0,0.0,0.0,0.0,0.0,0.0,0.0,-0.03342854380607604,1.2935067491531371,-2.7523503732681274,0.03887547254562376,1.2877630429267883,-2.7494753074645994,-0.17501084446907028,1.31808825302124,-2.751742215156555,0.1894017362594603,1.3137857513427733,-2.749696440696716
nan,nan,nan,-0.10479703545570374,-0.006799777038395405,-0.9944703578948975,-0.047279395163059235,0.4598624110221863,-1.2913334369659424,0.05521217733621597,0.4710649847984314,-1.2930238246917725,0.23230841755867004,0.4990965723991394,-1.2913966178894043,-0.2103269398212433,0.5087854266166687,-1.2944297790527344,0.001937761902809143,-0.001937761902809143,-0.0018198111793026328,0.0021315379999578,-0.003294195281341672,-0.001516509335488081,-0.001937761902809143,-0.0013564333785325289,-0.001415408682078123,0.00019377618446014822,-0.0015502094756811857,0.001516509335488081,0.0,0.0,0.0,0.0,0.0,0.0,0.0,0.0,0.0,0.0,0.0,0.0,-0.03333303368091582,1.2936967298698425,-2.752057943630218,0.03876439976692198,1.2879694342327117,-2.749191092300415,-0.17393938491344438,1.318208000869751,-2.7514515231132504,0.18828915987014758,1.3139177920532226,-2.749411593723297
nan,nan,nan,-0.10478416830301285,-0.006815755739808083,-0.9944716095924377,-0.047279395163059235,0.4599229693412781,-1.2912862300872803,0.05521217733621597,0.4710649847984314,-1.2930078506469727,0.23221758008003235,0.4990965723991394,-1.2913966178894043,-0.2101755440235138,0.5089065432548523,-1.2944614887237549,0.0015502094756811857,0.0015502094756811857,-0.0010110063012689352,0.0023253143299371004,-0.004456852562725544,0.0010110063012689352,-0.0029066430870443583,0.0,-0.001516509335488081,0.0007751047378405929,0.0,0.0,0.0,0.0,0.0,0.0,0.0,0.0,0.0,0.0,0.0,0.0,0.0,0.0,-0.0332375235557556,1.293886710586548,-2.7517655139923094,0.0386533269882202,1.2881758255386353,-2.74890687713623,-0.17286792535781847,1.3183277487182616,-2.751160831069946,0.18717658348083482,1.3140498327636718,-2.7491267467498774
nan,nan,nan,-0.10475757718086243,-0.006801656447350979,-0.9944745302200317,-0.04733995348215103,0.4599229693412781,-1.2912545204162598,0.055272676050662994,0.4711255431175232,-1.2930238246917725,0.23212674260139465,0.4991874098777771,-1.291365146636963,-0.2100241482257843,0.5089368224143982,-1.2944929599761963,0.0027128667570650578,0.0009688809514045715,0.0005055031506344676,0.0036817477084696293,0.0,-0.00010110061703016981,0.0021315379999578,0.004650628659874201,0.0005055031506344676,-0.001937761902809143,-0.001937761902809143,-0.0007077043410390615,0.0,0.0,0.0,0.0,0.0,0.0,0.0,0.0,0.0,0.0,0.0,0.0,-0.033142013430595384,1.294076691303253,-2.7514730843544,0.038542254209518415,1.2883822168445587,-2.7486226619720457,-0.17179646580219254,1.3184474965667725,-2.7508701390266417,0.1860640070915221,1.314181873474121,-2.7488418997764583
nan,nan,nan,-0.10484291613101959,-0.0069231027737259865,-0.9944646954536438,-0.047461070120334625,0.4599229693412781,-1.2912702560424805,0.055242396891117096,0.4711558222770691,-1.2930238246917725,0.23173311352729797,0.4991874098777771,-1.291365146636963,-0.2099030315876007,0.5090579390525818,-1.294508695602417,-0.0009688809514045715,0.00038755236892029643,-0.0021231132559478283,0.003875523805618286,0.0,0.00020220123406033963,-0.0031004189513623714,-0.00019377618446014822,0.0009099055896513164,-0.0027128667570650578,-0.0015502094756811857,0.00040440246812067926,0.0,0.0,0.0,0.0,0.0,0.0,0.0,0.0,0.0,0.0,0.0,0.0,-0.03304650330543517,1.2942666720199585,-2.7511806547164914,0.038431181430816634,1.288588608150482,-2.7483384468078613,-0.17072500624656664,1.3185672444152832,-2.750579446983337,0.18495143070220932,1.3143139141845703,-2.748557052803039
nan,nan,nan,-0.10486648976802826,-0.006991561967879534,-0.994461715221405,-0.047461070120334625,0.4599229693412781,-1.2912545204162598,0.055242396891117096,0.471186101436615,-1.2930078506469727,0.23152121901512146,0.4991874098777771,-1.2913966178894043,-0.20972135663032532,0.5091487765312195,-1.2945246696472168,0.0007751047378405929,0.001937761902809143,-0.0006066037458367646,0.00038755236892029643,0.0007751047378405929,0.0010110063012689352,-0.001937761902809143,-0.0013564333785325289,-0.001415408682078123,-0.0029066430870443583,0.0009688809514045715,0.0012132074916735291,0.0,0.0,0.0,0.0,0.0,0.0,0.0,0.0,0.0,0.0,0.0,0.0,-0.03295099318027495,1.2944566527366637,-2.7508882250785827,0.038320108652114854,1.2887949994564056,-2.7480542316436765,-0.1696535466909407,1.3186869922637938,-2.7502887549400326,0.18383885431289657,1.3144459548950196,-2.74827220582962
nan,nan,nan,-0.10480865836143494,-0.007005899678915739,-0.9944677352905273,-0.047461070120334625,0.4599229693412781,-1.291238784790039,0.055242396891117096,0.4711558222770691,-1.292992115020752,0.23140010237693787,0.4992782473564148,-1.2913966178894043,-0.20944884419441223,0.5092396140098572,-1.2945561408996582,0.0031004189513623714,0.0,0.0009099055896513164,-0.00038755236892029643,-0.0021315379999578,0.0003033018729183823,0.0005813285824842751,0.003487971378490329,-0.0011121068382635713,-0.0023253143299371004,-0.001937761902809143,0.0010110063012689352,0.0,0.0,0.0,0.0,0.0,0.0,0.0,0.0,0.0,0.0,0.0,0.0,-0.03285548305511473,1.294646633453369,-2.7505957954406735,0.03820903587341307,1.289001390762329,-2.747770016479492,-0.1685820871353148,1.3188067401123047,-2.7499980628967284,0.18272627792358384,1.3145779956054686,-2.747987358856201
nan,nan,nan,-0.10483159124851227,-0.00703611271455884,-0.9944651126861572,-0.04752162843942642,0.459953248500824,-1.291238784790039,0.055242396891117096,0.471186101436615,-1.2929606437683105,0.23124870657920837,0.4993085265159607,-1.2913966178894043,-0.20920667052268982,0.5093304514884949,-1.2946035861968994,-0.0009688809514045715,0.001937761902809143,0.0005055031506344676,-0.0009688809514045715,-0.004650628659874201,0.0020220126025378704,0.0007751047378405929,0.003875523805618286,-0.0008088049362413585,0.0005813285824842751,-0.0015502094756811857,0.0003033018729183823,0.0,0.0,0.0,0.0,0.0,0.0,0.0,0.0,0.0,0.0,0.0,0.0,-0.032759972929954514,1.2948366141700745,-2.7503033658027647,0.038097963094711286,1.2892077820682526,-2.7474858013153076,-0.16751062757968888,1.3189264879608154,-2.749707370853424,0.1816137015342711,1.3147100363159179,-2.747702511882782
nan,nan,nan,-0.10478640347719193,-0.0071051218546926975,-0.9944693446159363,-0.04755190759897232,0.4599229693412781,-1.291238784790039,0.05530295521020889,0.4712769389152527,-1.2929763793945312,0.230764240026474,0.4993388056755066,-1.291412353515625,-0.20902499556541443,0.5093910098075867,-1.2946035861968994,-0.004069299902766943,0.001937761902809143,-0.0010110063012689352,0.0,-0.00019377618446014822,0.0010110063012689352,-0.0031004189513623714,-0.001937761902809143,-0.0008088049362413585,-0.0007751047378405929,-0.0017439856892451644,0.0010110063012689352,0.0,0.0,0.0,0.0,0.0,0.0,0.0,0.0,0.0,0.0,0.0,0.0,-0.0326644628047943,1.2950265948867798,-2.7500109361648555,0.037986890316009506,1.2894141733741762,-2.7472015861511228,-0.16643916802406294,1.319046235809326,-2.7494166788101193,0.18050112514495836,1.3148420770263671,-2.7474176649093627
nan,nan,nan,-0.1047605648636818,-0.007197301834821701,-0.9944714307785034,-0.04755190759897232,0.4599229693412781,-1.291238784790039,0.05530295521020889,0.4713677763938904,-1.292992115020752,0.2304615080356598,0.4993690848350525,-1.291412353515625,-0.20893415808677673,0.5094515681266785,-1.2946193218231201,0.0015502094756811857,0.0023253143299371004,-0.0007077043410390615,-0.0007751047378405929,0.00038755236892029643,-0.0006066037458367646,-0.003294195281341672,-0.00038755236892029643,-0.0010110063012689352,-0.0025190904270857573,0.00019377618446014822,0.00020220123406033963,0.0,0.0,0.0,0.0,0.0,0.0,0.0,0.0,0.0,0.0,0.0,0.0,-0.03256895267963408,1.295216575603485,-2.7497185065269467,0.037875817537307725,1.2896205646800996,-2.7469173709869383,-0.16536770846843704,1.3191659836578369,-2.7491259867668147,0.1793885487556456,1.3149741177368164,-2.7471328179359435
nan,nan,nan,-0.10474517941474915,-0.007288014516234398,-0.9944723844528198,-0.04758218675851822,0.4598926901817322,-1.291238784790039,0.05530295521020889,0.4713374972343445,-1.2929606437683105,0.2301889955997467,0.4994902014732361,-1.291412353515625,-0.20860108733177185,0.5095424056053162,-1.29463529586792,-0.0023253143299371004,-0.0011626571649685502,-0.0010110063012689352,-0.0013564333785325289,-0.001937761902809143,0.001415408682078123,-0.0005813285824842751,0.0025190904270857573,0.00010110061703016981,0.0009688809514045715,0.0027128667570650578,0.0003033018729183823,0.0,0.0,0.0,0.0,0.0,0.0,0.0,0.0,0.0,0.0,0.0,0.0,-0.03247344255447386,1.2954065563201904,-2.749426076889038,0.03776474475860594,1.289826955986023,-2.746633155822754,-0.16429624891281114,1.3192857315063478,-2.74883529472351,0.17827597236633286,1.3151061584472656,-2.7468479709625244
nan,nan,nan,-0.1047319695353508,-0.0072535076178610325,-0.9944740533828735,-0.04755190759897232,0.459953248500824,-1.2912230491638184,0.05533323436975479,0.4713677763938904,-1.2929763793945312,0.230098158121109,0.4995507597923279,-1.291412353515625,-0.20832857489585876,0.5096634030342102,-1.2946984767913818,0.001937761902809143,0.0029066430870443583,0.0007077043410390615,-0.00038755236892029643,0.0013564333785325289,-0.0005055031506344676,-0.0007751047378405929,0.0,0.0007077043410390615,0.0023253143299371004,-0.0023253143299371004,-0.001617609872482717,0.0,0.0,0.0,0.0,0.0,0.0,0.0,0.0,0.0,0.0,0.0,0.0,-0.032377932429313645,1.2955965370368958,-2.7491336472511287,0.03765367197990416,1.2900333472919465,-2.746348940658569,-0.1632247893571852,1.3194054793548584,-2.748544602680206,0.17716339597702013,1.315238199157715,-2.7465631239891053
nan,nan,nan,-0.10474832355976105,-0.007275683339685202,-0.9944721460342407,-0.04758218675851822,0.4599229693412781,-1.2912230491638184,0.05539379268884659,0.4713677763938904,-1.2929606437683105,0.22976508736610413,0.4996718764305115,-1.2914283275604248,-0.20796528458595276,0.5098753571510315,-1.2947142124176025,0.0,0.0017439856892451644,0.00010110061703016981,0.0031004189513623714,0.0005813285824842751,0.0007077043410390615,-0.0031004189513623714,0.00038755236892029643,-0.0008088049362413585,0.0013564333785325289,0.0013564333785325289,0.0005055031506344676,0.0,0.0,0.0,0.0,0.0,0.0,0.0,0.0,0.0,0.0,0.0,0.0,-0.03228242230415343,1.295786517753601,-2.74884121761322,0.03754259920120238,1.29023973859787,-2.7460647254943846,-0.1621533298015593,1.319525227203369,-2.7482539106369015,0.17605081958770735,1.3153702398681641,-2.7462782770156857
nan,nan,nan,-0.10474418103694916,-0.007390403654426336,-0.9944717288017273,-0.04761246591806412,0.4598926901817322,-1.2911756038665771,0.05533323436975479,0.4713980555534363,-1.2929606437683105,0.22955313324928284,0.49979299306869507,-1.2914283275604248,-0.20769277215003967,0.5099964737892151,-1.2947773933410645,0.0,0.0005813285824842751,-0.0012132074916735291,-0.0007751047378405929,0.001937761902809143,0.0007077043410390615,-0.00019377618446014822,0.00019377618446014822,-0.0003033018729183823,-0.0029066430870443583,-0.0017439856892451644,0.0009099055896513164,0.0,0.0,0.0,0.0,0.0,0.0,0.0,0.0,0.0,0.0,0.0,0.0,-0.032186912178993214,1.2959764984703064,-2.748548787975311,0.0374315264225006,1.2904461299037933,-2.7457805103302,-0.1610818702459334,1.31964497505188,-2.747963218593597,0.17493824319839463,1.3155022805786132,-2.7459934300422666
nan,nan,nan,-0.1047016903758049,-0.0074434964917600155,-0.9944758415222168,-0.04761246591806412,0.4598926901817322,-1.2911598682403564,0.05539379268884659,0.4713677763938904,-1.2929763793945312,0.22937151789665222,0.49988383054733276,-1.2914440631866455,-0.2072385847568512,0.5102084279060364,-1.2948720455169678,0.003294195281341672,0.00019377618446014822,-0.0006066037458367646,0.0013564333785325289,-0.0021315379999578,-0.00010110061703016981,0.00019377618446014822,0.0031004189513623714,-0.0019209118327125907,0.001937761902809143,-0.0005813285824842751,0.00010110061703016981,0.0,0.0,0.0,0.0,0.0,0.0,0.0,0.0,0.0,0.0,0.0,0.0,-0.03209140205383299,1.2961664791870118,-2.748256358337402,0.03732045364379881,1.2906525212097169,-2.7454962951660153,-0.16001041069030747,1.3197647229003906,-2.747672526550293,0.17382566680908187,1.3156343212890624,-2.7457085830688475
nan,nan,nan,-0.10467620193958282,-0.00741509860381484,-0.994478702545166,-0.04761246591806412,0.4598926901817322,-1.2911438941955566,0.05542407184839249,0.4713980555534363,-1.2929606437683105,0.22928068041801453,0.49991410970687866,-1.2914283275604248,-0.20696613192558289,0.5104506611824036,-1.2949669361114502,-0.001937761902809143,-0.0009688809514045715,0.00040440246812067926,0.001937761902809143,0.0005813285824842751,0.0010110063012689352,-0.003487971378490329,0.001937761902809143,-0.0009099055896513164,-0.00038755236892029643,0.0,-0.00040440246812067926,0.0,0.0,0.0,0.0,0.0,0.0,0.0,0.0,0.0,0.0,0.0,0.0,-0.031995891928672776,1.296356459903717,-2.7479639286994932,0.03720938086509703,1.2908589125156402,-2.745212080001831,-0.15893895113468154,1.3198844707489013,-2.7473818345069883,0.17271309041976912,1.3157663619995117,-2.7454237360954283
nan,nan,nan,-0.10467777401208878,-0.007403711788356304,-0.9944786429405212,-0.047642745077610016,0.4598926901817322,-1.2911438941955566,0.055454351007938385,0.4714586138725281,-1.29292893409729,0.22915956377983093,0.49997466802597046,-1.291412353515625,-0.2065119445323944,0.5107230544090271,-1.2950775623321533,0.0,-0.0005813285824842751,0.0005055031506344676,0.0013564333785325289,0.0,0.00010110061703016981,-0.003294195281341672,0.00038755236892029643,0.0011121068382635713,0.0,0.0005813285824842751,0.0,0.0,0.0,0.0,0.0,0.0,0.0,0.0,0.0,0.0,0.0,0.0,0.0,-0.03190038180351256,1.2965464406204223,-2.7476714990615845,0.03709830808639525,1.2910653038215636,-2.7449278648376465,-0.1578674915790556,1.3200042185974121,-2.7470911424636837,0.1716005140304564,1.315898402709961,-2.7451388891220088
nan,nan,nan,-0.10463868826627731,-0.007440008223056793,-0.9944824576377869,-0.047642745077610016,0.4598926901817322,-1.2911598682403564,0.05551490932703018,0.47154945135116577,-1.2928974628448486,0.22888705134391785,0.5000655055046082,-1.2914440631866455,-0.20617887377738953,0.5110258460044861,-1.2951407432556152,0.0017439856892451644,-0.0015502094756811857,-0.0010110063012689352,0.0009688809514045715,0.0021315379999578,0.0018198111793026328,-0.004069299902766943,0.0017439856892451644,0.0,0.001937761902809143,0.0,-0.00010110061703016981,0.0,0.0,0.0,0.0,0.0,0.0,0.0,0.0,0.0,0.0,0.0,0.0,-0.031804871678352345,1.2967364213371277,-2.7473790694236753,0.03698723530769347,1.2912716951274872,-2.7446436496734616,-0.1567960320234297,1.3201239664459228,-2.7468004504203796,0.17048793764114364,1.3160304434204102,-2.7448540421485896
nan,nan,nan,-0.10456006228923798,-0.00749239232391119,-0.9944903254508972,-0.047642745077610016,0.4598926901817322,-1.2911438941955566,0.05551490932703018,0.47154945135116577,-1.2928974628448486,0.22873565554618835,0.500095784664154,-1.2914283275604248,-0.20587614178657532,0.5113286375999451,-1.2952039241790771,0.0036817477084696293,-0.0005813285824842751,0.0,0.00019377618446014822,-0.0017439856892451644,0.0007077043410390615,-0.0005813285824842751,0.0011626571649685502,0.00020220123406033963,0.00038755236892029643,-0.0021315379999578,-0.001718710525892675,0.0,0.0,0.0,0.0,0.0,0.0,0.0,0.0,0.0,0.0,0.0,0.0,-0.03170936155319212,1.296926402053833,-2.7470866397857665,0.03687616252899168,1.2914780864334108,-2.744359434509277,-0.1557245724678038,1.3202437142944334,-2.746509758377075,0.1693753612518309,1.3161624841308592,-2.7445691951751705
nan,nan,nan,-0.10452345013618469,-0.007443369831889868,-0.9944945573806763,-0.047673024237155914,0.4598926901817322,-1.2911438941955566,0.05557546764612198,0.4715191721916199,-1.2928657531738281,0.22867509722709656,0.5001260638237,-1.2914440631866455,-0.20542195439338684,0.5115405917167664,-1.2952039241790771,0.001937761902809143,-0.0007751047378405929,-0.00040440246812067926,0.0031004189513623714,-0.004844404757022858,0.001718710525892675,0.004069299902766943,0.0021315379999578,-0.0010110063012689352,0.003487971378490329,-0.00038755236892029643,0.0019209118327125907,0.0,0.0,0.0,0.0,0.0,0.0,0.0,0.0,0.0,0.0,0.0,0.0,-0.03161385142803191,1.2971163827705383,-2.7467942101478577,0.0367650897502899,1.2916844777393341,-2.744075219345093,-0.1546531129121779,1.3203634621429443,-2.7462190663337704,0.16826278486251817,1.3162945248413085,-2.7442843482017514
nan,nan,nan,-0.1044713482260704,-0.007386801298707724,-0.994500458240509,-0.047673024237155914,0.4599229693412781,-1.2911438941955566,0.055636025965213776,0.47157973051071167,-1.2928500175476074,0.22849342226982117,0.5001260638237,-1.2914440631866455,-0.20478615164756775,0.5118433833122253,-1.295330286026001,0.004650628659874201,-0.00038755236892029643,-0.0006066037458367646,0.0036817477084696293,0.0,0.0009099055896513164,-0.004456852562725544,0.00019377618446014822,-0.0007077043410390615,0.0,-0.004069299902766943,-0.0007077043410390615,0.0,0.0,0.0,0.0,0.0,0.0,0.0,0.0,0.0,0.0,0.0,0.0,-0.03151834130287169,1.2973063634872437,-2.7465017805099485,0.03665401697158812,1.2918908690452575,-2.743791004180908,-0.153581653356552,1.3204832099914552,-2.745928374290466,0.16715020847320539,1.3164265655517577,-2.7439995012283322
nan,nan,nan,-0.10444115102291107,-0.007405663374811411,-0.9945034980773926,-0.04773358255624771,0.459953248500824,-1.2911438941955566,0.05569658428430557,0.47157973051071167,-1.2928500175476074,0.22837236523628235,0.5001563429832458,-1.2914283275604248,-0.2039988934993744,0.5122975707054138,-1.2954249382019043,0.0054257335141301155,0.0023253143299371004,-0.0010110063012689352,0.0013564333785325289,-0.0029066430870443583,0.0,-0.0009688809514045715,0.00019377618446014822,0.0007077043410390615,-0.00038755236892029643,0.0027128667570650578,0.0003033018729183823,0.0,0.0,0.0,0.0,0.0,0.0,0.0,0.0,0.0,0.0,0.0,0.0,-0.031422831177711476,1.2974963442039489,-2.7462093508720398,0.03654294419288633,1.292097260351181,-2.7435067890167235,-0.15251019380092606,1.3206029578399658,-2.7456376822471618,0.16603763208389266,1.316558606262207,-2.743714654254913
nan,nan,nan,-0.10440199077129364,-0.0074762445874512196,-0.9945070743560791,-0.04779414087533951,0.4599229693412781,-1.291128158569336,0.05575714260339737,0.47164028882980347,-1.2928342819213867,0.22809985280036926,0.5001866221427917,-1.2914440631866455,-0.2033025324344635,0.512539803981781,-1.295567274093628,0.0029066430870443583,0.00038755236892029643,0.0007077043410390615,0.003487971378490329,0.00038755236892029643,0.0010110063012689352,-0.0009688809514045715,0.001937761902809143,0.00040440246812067926,0.0005813285824842751,0.0005813285824842751,-0.00040440246812067926,0.0,0.0,0.0,0.0,0.0,0.0,0.0,0.0,0.0,0.0,0.0,0.0,-0.03132732105255125,1.2976863249206543,-2.7459169212341306,0.03643187141418455,1.2923036516571045,-2.743222573852539,-0.15143873424530013,1.3207227056884765,-2.745346990203857,0.1649250556945799,1.3166906469726563,-2.743429807281494
nan,nan,nan,-0.10432708263397217,-0.007454555016011,-0.9945151209831238,-0.04779414087533951,0.4599229693412781,-1.2910807132720947,0.05575714260339737,0.47161000967025757,-1.2928342819213867,0.22785761952400208,0.5001866221427917,-1.2914440631866455,-0.2027272880077362,0.5127820372581482,-1.295677661895752,0.0025190904270857573,0.0009688809514045715,0.0008088049362413585,0.0007751047378405929,0.0,-0.0003033018729183823,-0.0017439856892451644,0.00038755236892029643,-0.0010110063012689352,0.0,0.0023253143299371004,0.0008088049362413585,0.0,0.0,0.0,0.0,0.0,0.0,0.0,0.0,0.0,0.0,0.0,0.0,-0.031231810927391038,1.2978763056373597,-2.745624491596222,0.03632079863548277,1.2925100429630278,-2.7429383586883542,-0.1503672746896742,1.3208424535369874,-2.7450562981605526,0.16381247930526716,1.3168226876831055,-2.743144960308075
nan,nan,nan,-0.10427496582269669,-0.007388561498373747,-0.9945210814476013,-0.047824420034885406,0.4598926901817322,-1.291064977645874,0.05593881756067276,0.47161000967025757,-1.2928342819213867,0.2274034321308136,0.5001866221427917,-1.2914440631866455,-0.20124366879463196,0.513145387172699,-1.2958831787109375,0.0005813285824842751,-0.0009688809514045715,0.001617609872482717,-0.00019377618446014822,0.0009688809514045715,-0.0005055031506344676,-0.0009688809514045715,-0.001937761902809143,-0.0009099055896513164,0.0,0.00038755236892029643,0.0011121068382635713,0.0,0.0,0.0,0.0,0.0,0.0,0.0,0.0,0.0,0.0,0.0,0.0,-0.03113630080223082,1.2980662863540648,-2.745332061958313,0.03620972585678099,1.2927164342689514,-2.74265414352417,-0.1492958151340483,1.320962201385498,-2.7447656061172485,0.16269990291595443,1.3169547283935548,-2.7428601133346557
nan,nan,nan,-0.10427279770374298,-0.007409733720123768,-0.9945211410522461,-0.047824420034885406,0.4598926901817322,-1.291064977645874,0.05593881756067276,0.47161000967025757,-1.2928342819213867,0.2274034321308136,0.5001866221427917,-1.2914440631866455,-0.20124366879463196,0.513145387172699,-1.2958831787109375,0.0005813285824842751,-0.0009688809514045715,0.001617609872482717,-0.00019377618446014822,0.0009688809514045715,-0.0005055031506344676,-0.0009688809514045715,-0.001937761902809143,-0.0009099055896513164,0.0,0.00038755236892029643,0.0011121068382635713,0.0,0.0,0.0,0.0,0.0,0.0,0.0,0.0,0.0,0.0,0.0,0.0,-0.031040790677070603,1.2982562670707702,-2.745039632320404,0.036098653078079204,1.2929228255748748,-2.7423699283599854,-0.1482243555784224,1.3210819492340087,-2.744474914073944,0.1615873265266417,1.3170867691040038,-2.7425752663612366
nan,nan,nan,-0.10414755344390869,-0.007498379331082106,-0.9945335984230042,-0.047824420034885406,0.4599229693412781,-1.2910807132720947,0.05599937587976456,0.47161000967025757,-1.292818307876587,0.2267676293849945,0.5002169013023376,-1.2914440631866455,-0.20048674941062927,0.5132967829704285,-1.2958989143371582,0.0015502094756811857,0.001937761902809143,0.00040440246812067926,-0.00038755236892029643,-0.0017439856892451644,0.0003033018729183823,-0.001937761902809143,0.001937761902809143,-0.0005055031506344676,-0.0011626571649685502,0.0021315379999578,0.0018198111793026328,0.0,0.0,0.0,0.0,0.0,0.0,0.0,0.0,0.0,0.0,0.0,0.0,-0.030945280551910384,1.2984462477874756,-2.744747202682495,0.035987580299377424,1.2931292168807982,-2.7420857131958005,-0.14715289602279646,1.3212016970825196,-2.7441842220306394,0.16047475013732893,1.317218809814453,-2.742290419387817
nan,nan,nan,-0.1039683148264885,-0.007451139856129885,-0.9945526719093323,-0.047824420034885406,0.4598926901817322,-1.2910966873168945,0.05609021335840225,0.47157973051071167,-1.2927868366241455,0.22625288367271423,0.5001866221427917,-1.2914440631866455,-0.19954809546470642,0.5134784579277039,-1.2959620952606201,0.0023253143299371004,0.0017439856892451644,-0.0010110063012689352,0.0007751047378405929,0.00019377618446014822,0.0006066037458367646,-0.0021315379999578,-0.0007751047378405929,0.00010110061703016981,0.0015502094756811857,-0.0007751047378405929,0.001314308145083487,0.0,0.0,0.0,0.0,0.0,0.0,0.0,0.0,0.0,0.0,0.0,0.0,-0.03084977042675017,1.2986362285041808,-2.744454773044586,0.03587650752067564,1.2933356081867218,-2.7418014980316157,-0.14608143646717056,1.3213214449310302,-2.743893529987335,0.1593621737480162,1.3173508505249023,-2.742005572414398
nan,nan,nan,-0.10386325418949127,-0.007392421830445528,-0.9945641160011292,-0.047824420034885406,0.4598624110221863,-1.2910966873168945,0.05618105083703995,0.4715191721916199,-1.2927708625793457,0.22591987252235413,0.5002471804618835,-1.291475772857666,-0.19873061776161194,0.5136904120445251,-1.2960569858551025,0.001937761902809143,-0.00038755236892029643,-0.001314308145083487,-0.0017439856892451644,-0.0023253143299371004,0.00020220123406033963,-0.0027128667570650578,0.001937761902809143,-0.0022242136765271425,-0.0011626571649685502,-0.0031004189513623714,0.0011121068382635713,0.0,0.0,0.0,0.0,0.0,0.0,0.0,0.0,0.0,0.0,0.0,0.0,-0.03075426030158995,1.2988262092208862,-2.744162343406677,0.035765434741973856,1.2935419994926454,-2.7415172828674317,-0.14500997691154466,1.3214411927795409,-2.7436028379440307,0.15824959735870342,1.3174828912353516,-2.741720725440979
nan,nan,nan,-0.10380687564611435,-0.007320646662265062,-0.9945705533027649,-0.047854699194431305,0.4599229693412781,-1.2910807132720947,0.05639294534921646,0.47154945135116577,-1.2927708625793457,0.22570791840553284,0.5002774596214294,-1.2914597988128662,-0.19824621081352234,0.5139326453208923,-1.2961359024047852,-0.001937761902809143,0.004069299902766943,0.00010110061703016981,0.00019377618446014822,-0.001937761902809143,-0.00020220123406033963,-0.001937761902809143,0.001937761902809143,0.0,0.00038755236892029643,0.0011626571649685502,0.001415408682078123,0.0,0.0,0.0,0.0,0.0,0.0,0.0,0.0,0.0,0.0,0.0,0.0,-0.030658750176429734,1.2990161899375916,-2.743869913768768,0.035654361963272076,1.2937483907985687,-2.741233067703247,-0.14393851735591873,1.3215609406280517,-2.743312145900726,0.1571370209693907,1.3176149319458008,-2.7414358784675597
nan,nan,nan,-0.10370524972677231,-0.00731572275981307,-0.9945811629295349,-0.047824420034885406,0.4598321318626404,-1.2910807132720947,0.056514061987400055,0.47161000967025757,-1.292755126953125,0.22540512681007385,0.5002774596214294,-1.2914597988128662,-0.19782230257987976,0.5142655968666077,-1.2962307929992676,0.0042630759999156,-0.00038755236892029643,0.00020220123406033963,0.0009688809514045715,0.00019377618446014822,0.0007077043410390615,-0.0005813285824842751,0.0017439856892451644,0.0006066037458367646,-0.0021315379999578,-0.00038755236892029643,0.001617609872482717,0.0,0.0,0.0,0.0,0.0,0.0,0.0,0.0,0.0,0.0,0.0,0.0,-0.030563240051269515,1.2992061706542968,-2.743577484130859,0.035543289184570295,1.293954782104492,-2.740948852539062,-0.1428670578002928,1.3216806884765626,-2.7430214538574216,0.15602444458007797,1.3177469726562498,-2.74115103149414
nan,nan,nan,-0.10360394418239594,-0.0073663294315338135,-0.9945913553237915,-0.047854699194431305,0.4598624110221863,-1.2911124229431152,0.05657462030649185,0.47154945135116577,-1.2927393913269043,0.22522345185279846,0.5002774596214294,-1.291475772857666,-0.1972772777080536,0.514750063419342,-1.2963571548461914,0.001937761902809143,0.0031004189513623714,-0.0010110063012689352,0.001937761902809143,-0.0042630759999156,0.002931918017566204,0.0,0.0017439856892451644,-0.0010110063012689352,0.0013564333785325289,0.00038755236892029643,-0.0003033018729183823,0.0,0.0,0.0,0.0,0.0,0.0,0.0,0.0,0.0,0.0,0.0,0.0,-0.0304677299261093,1.2993961513710022,-2.7432850544929503,0.035432216405868515,1.2941611734104157,-2.740664637374878,-0.14179559824466687,1.3218004363250733,-2.7427307618141175,0.1549118681907652,1.3178790133666993,-2.740866184520721
nan,nan,nan,-0.10361092537641525,-0.007305590435862541,-0.9945910573005676,-0.047824420034885406,0.4598926901817322,-1.2910966873168945,0.05663517862558365,0.47154945135116577,-1.292755126953125,0.22510233521461487,0.5002774596214294,-1.291475772857666,-0.196490079164505,0.5151738524436951,-1.2966413497924805,0.003875523805618286,0.003294195281341672,-0.0008088049362413585,0.0005813285824842751,-0.001937761902809143,0.00040440246812067926,0.0025190904270857573,0.0021315379999578,-0.0005055031506344676,0.003294195281341672,-0.0031004189513623714,-0.0011121068382635713,0.0,0.0,0.0,0.0,0.0,0.0,0.0,0.0,0.0,0.0,0.0,0.0,-0.03037221980094908,1.2995861320877076,-2.742992624855041,0.03532114362716673,1.294367564716339,-2.740380422210693,-0.14072413868904096,1.321920184173584,-2.742440069770813,0.15379929180145246,1.3180110540771484,-2.740581337547302
nan,nan,nan,-0.10359898954629898,-0.007263210602104664,-0.9945926070213318,-0.0478849783539772,0.4598624110221863,-1.2910807132720947,0.05693797022104263,0.47161000967025757,-1.292755126953125,0.22486016154289246,0.5002471804618835,-1.291475772857666,-0.19558176398277283,0.5155069231987,-1.296846866607666,-0.0005813285824842751,0.001937761902809143,0.0,0.0036817477084696293,0.0009688809514045715,0.00040440246812067926,-0.0036817477084696293,-0.0011626571649685502,-0.0018198111793026328,0.0,0.00038755236892029643,0.0009099055896513164,0.0,0.0,0.0,0.0,0.0,0.0,0.0,0.0,0.0,0.0,0.0,0.0,-0.030276709675788865,1.299776112804413,-2.7427001952171324,0.03521007084846495,1.2945739560222624,-2.7400962070465082,-0.13965267913341506,1.3220399320220948,-2.7421493777275083,0.15268671541213974,1.3181430947875976,-2.7402964905738827
nan,nan,nan,-0.10354913771152496,-0.007283658254891634,-0.9945976734161377,-0.0478849783539772,0.4598321318626404,-1.2910492420196533,0.057119645178318024,0.47167056798934937,-1.292755126953125,0.22467848658561707,0.5002774596214294,-1.2914597988128662,-0.19503673911094666,0.5157188773155212,-1.2970521450042725,0.00019377618446014822,0.0007751047378405929,-0.00010110061703016981,-0.0017439856892451644,0.0007751047378405929,0.0010110063012689352,-0.00019377618446014822,0.0023253143299371004,-0.0005055031506344676,-0.0011626571649685502,-0.0013564333785325289,-0.001415408682078123,0.0,0.0,0.0,0.0,0.0,0.0,0.0,0.0,0.0,0.0,0.0,0.0,-0.030181199550628646,1.2999660935211181,-2.742407765579223,0.03509899806976317,1.294780347328186,-2.7398119918823243,-0.13858121957778916,1.3221596798706055,-2.741858685684204,0.151574139022827,1.3182751354980469,-2.7400116436004636
nan,nan,nan,-0.10347797721624374,-0.007355453912168741,-0.9946045279502869,-0.0479152575135231,0.4598321318626404,-1.2910492420196533,0.05724076181650162,0.47173112630844116,-1.292755126953125,0.2242545783519745,0.5002774596214294,-1.2914597988128662,-0.19473400712013245,0.5158097147941589,-1.2971627712249756,0.0,0.0021315379999578,-0.001516509335488081,-0.00019377618446014822,-0.00019377618446014822,0.0010110063012689352,-0.004456852562725544,0.0023253143299371004,0.00010110061703016981,0.0023253143299371004,0.0,0.0007077043410390615,0.0,0.0,0.0,0.0,0.0,0.0,0.0,0.0,0.0,0.0,0.0,0.0,-0.03008568942546843,1.3001560742378235,-2.7421153359413144,0.034987925291061386,1.2949867386341096,-2.7395277767181394,-0.13750976002216325,1.322279427719116,-2.7415679936408996,0.15046156263351423,1.3184071762084961,-2.7397267966270444
nan,nan,nan,-0.10336941480636597,-0.007328633684664965,-0.9946160316467285,-0.0479758158326149,0.4598624110221863,-1.2910492420196533,0.05733159929513931,0.47173112630844116,-1.292755126953125,0.2240426242351532,0.5003076195716858,-1.2914597988128662,-0.19424954056739807,0.5158702731132507,-1.2972416877746582,-0.0011626571649685502,0.004650628659874201,-0.0019209118327125907,0.0025190904270857573,0.0021315379999578,0.0010110063012689352,0.0017439856892451644,0.0042630759999156,0.00010110061703016981,0.0,-0.0017439856892451644,0.0006066037458367646,0.0,0.0,0.0,0.0,0.0,0.0,0.0,0.0,0.0,0.0,0.0,0.0,-0.02999017930030821,1.3003460549545287,-2.7418229063034056,0.0348768525123596,1.2951931299400328,-2.7392435615539545,-0.13643830046653732,1.322399175567627,-2.741277301597595,0.14934898624420145,1.3185392169189454,-2.7394419496536253
nan,nan,nan,-0.10333792120218277,-0.007278035394847393,-0.9946196675300598,-0.048036374151706696,0.4598321318626404,-1.2910492420196533,0.05745265632867813,0.47173112630844116,-1.292755126953125,0.22383072972297668,0.5002471804618835,-1.2914597988128662,-0.19382569193840027,0.5159308314323425,-1.2972891330718994,-0.0007751047378405929,0.0009688809514045715,-0.0021231132559478283,-0.0007751047378405929,0.00038755236892029643,-0.0003033018729183823,-0.0025190904270857573,-0.0009688809514045715,0.0005055031506344676,-0.001937761902809143,0.00019377618446014822,0.0011121068382635713,0.0,0.0,0.0,0.0,0.0,0.0,0.0,0.0,0.0,0.0,0.0,0.0,-0.029894669175147996,1.300536035671234,-2.7415304766654964,0.03476577973365782,1.2953995212459564,-2.73895934638977,-0.1353668409109114,1.3225189234161376,-2.7409866095542905,0.14823640985488873,1.3186712576293944,-2.739157102680206
nan,nan,nan,-0.10322344303131104,-0.007285919040441513,-0.9946315288543701,-0.0480060949921608,0.4598624110221863,-1.2910335063934326,0.05763433128595352,0.47173112630844116,-1.2927393913269043,0.2235279381275177,0.5002471804618835,-1.291475772857666,-0.1933412253856659,0.5159611105918884,-1.2973837852478027,0.0031004189513623714,0.0025190904270857573,0.0,0.0013564333785325289,-0.0011626571649685502,0.0010110063012689352,-0.0017439856892451644,-0.0009688809514045715,-0.0009099055896513164,0.0,-0.0005813285824842751,0.00020220123406033963,0.0,0.0,0.0,0.0,0.0,0.0,0.0,0.0,0.0,0.0,0.0,0.0,-0.029799159049987776,1.3007260163879395,-2.7412380470275877,0.03465470695495604,1.29560591255188,-2.7386751312255857,-0.13429538135528546,1.3226386712646483,-2.740695917510986,0.147123833465576,1.3188032983398437,-2.738872255706787
nan,nan,nan,-0.10316053777933121,-0.007374959997832775,-0.9946373701095581,-0.04809693247079849,0.4598321318626404,-1.2910492420196533,0.05769488960504532,0.47176140546798706,-1.2927393913269043,0.22277101874351501,0.5002774596214294,-1.2914597988128662,-0.19285675883293152,0.5160216689109802,-1.297431230545044,0.0015502094756811857,0.0007751047378405929,-0.0010110063012689352,0.001937761902809143,0.0005813285824842751,0.0006066037458367646,-0.004844404757022858,-0.0009688809514045715,0.0018198111793026328,-0.0011626571649685502,-0.0021315379999578,0.0010110063012689352,0.0,0.0,0.0,0.0,0.0,0.0,0.0,0.0,0.0,0.0,0.0,0.0,-0.02970364892482756,1.300915997104645,-2.740945617389679,0.03454363417625425,1.2958123038578033,-2.738390916061401,-0.13322392179965956,1.3227584191131592,-2.740405225467682,0.14601125707626325,1.318935339050293,-2.738587408733368
nan,nan,nan,-0.10295529663562775,-0.00743500143289566,-0.9946581721305847,-0.04818776994943619,0.4598321318626404,-1.2910492420196533,0.05772516876459122,0.47170084714889526,-1.292755126953125,0.22186264395713806,0.5002471804618835,-1.2915072441101074,-0.19219067692756653,0.516082227230072,-1.2974944114685059,0.0,0.001937761902809143,-0.0010110063012689352,0.0013564333785325289,-0.0017439856892451644,-0.00040440246812067926,-0.007557271514087915,-0.0013564333785325289,-0.001415408682078123,0.0007751047378405929,0.0009688809514045715,-0.0010110063012689352,0.0,0.0,0.0,0.0,0.0,0.0,0.0,0.0,0.0,0.0,0.0,0.0,-0.029608138799667342,1.30110597782135,-2.7406531877517697,0.03443256139755247,1.2960186951637267,-2.738106700897217,-0.13215246224403362,1.3228781669616698,-2.7401145334243773,0.1448986806869505,1.3190673797607422,-2.738302561759949
nan,nan,nan,-0.10277414321899414,-0.0074280728586018085,-0.9946770071983337,-0.04824826866388321,0.4598624110221863,-1.2910492420196533,0.057785727083683014,0.47161000967025757,-1.2927393913269043,0.2208634912967682,0.5003076195716858,-1.2915229797363281,-0.19125208258628845,0.5160519480705261,-1.2975101470947266,0.0031004189513623714,0.004456852562725544,-0.0008088049362413585,0.001937761902809143,-0.001937761902809143,0.001314308145083487,-0.001937761902809143,0.0027128667570650578,-0.0009099055896513164,0.0005813285824842751,-0.001937761902809143,0.00040440246812067926,0.0,0.0,0.0,0.0,0.0,0.0,0.0,0.0,0.0,0.0,0.0,0.0,-0.029512628674507126,1.3012959585380555,-2.7403607581138605,0.03432148861885069,1.2962250864696503,-2.737822485733032,-0.13108100268840772,1.3229979148101807,-2.7398238413810727,0.14378610429763777,1.3191994204711914,-2.738017714786529
nan,nan,nan,-0.10274099558591843,-0.0074478210881352425,-0.9946802854537964,-0.0484299436211586,0.4598321318626404,-1.2910492420196533,0.05781600624322891,0.47164028882980347,-1.2927393913269043,0.2202882468700409,0.5003076195716858,-1.2915229797363281,-0.19085845351219177,0.516082227230072,-1.2975575923919678,0.00038755236892029643,0.0013564333785325289,-0.0006066037458367646,-0.0015502094756811857,0.0009688809514045715,0.0010110063012689352,-0.0054257335141301155,0.0021315379999578,0.0010110063012689352,0.0005813285824842751,0.0013564333785325289,0.0003033018729183823,0.0,0.0,0.0,0.0,0.0,0.0,0.0,0.0,0.0,0.0,0.0,0.0,-0.029417118549346907,1.3014859392547606,-2.740068328475952,0.03421041584014891,1.2964314777755737,-2.737538270568847,-0.13000954313278182,1.3231176626586914,-2.7395331493377686,0.14267352790832502,1.3193314611816405,-2.73773286781311
nan,nan,nan,-0.10268803685903549,-0.007543617859482765,-0.9946849942207336,-0.048520781099796295,0.4598321318626404,-1.2910492420196533,0.05790684372186661,0.47164028882980347,-1.292755126953125,0.21986433863639832,0.5003076195716858,-1.2915546894073486,-0.19064649939537048,0.5160519480705261,-1.2975733280181885,0.0007751047378405929,0.0023253143299371004,-0.0010110063012689352,-0.00038755236892029643,0.0017439856892451644,-0.0005055031506344676,-0.003487971378490329,0.0015502094756811857,-0.00020220123406033963,0.0007751047378405929,-0.0023253143299371004,0.0024264149833470583,0.0,0.0,0.0,0.0,0.0,0.0,0.0,0.0,0.0,0.0,0.0,0.0,-0.02932160842418669,1.301675919971466,-2.739775898838043,0.03409934306144712,1.296637869081497,-2.737254055404663,-0.12893808357715592,1.3232374105072022,-2.739242457294464,0.14156095151901227,1.31946350189209,-2.737448020839691
nan,nan,nan,-0.10256046056747437,-0.007580646779388189,-0.9946978688240051,-0.04879329353570938,0.4598018527030945,-1.2910492420196533,0.057967402040958405,0.47167056798934937,-1.292755126953125,0.21928909420967102,0.5003076195716858,-1.2915704250335693,-0.19040432572364807,0.5160519480705261,-1.2976365089416504,-0.0023253143299371004,-0.0005813285824842751,-0.0008088049362413585,0.0023253143299371004,0.0,0.0007077043410390615,-0.0015502094756811857,0.0007751047378405929,-0.0011121068382635713,0.0013564333785325289,-0.001937761902809143,0.001314308145083487,0.0,0.0,0.0,0.0,0.0,0.0,0.0,0.0,0.0,0.0,0.0,0.0,-0.029226098299026473,1.3018659006881714,-2.7394834692001337,0.03398827028274534,1.2968442603874206,-2.7369698402404783,-0.12786662402152998,1.3233571583557129,-2.7389517652511595,0.14044837512969952,1.319595542602539,-2.7371631738662714
nan,nan,nan,-0.10247471928596497,-0.007582475431263447,-0.9947066903114319,-0.048884131014347076,0.4598321318626404,-1.2910175323486328,0.057967402040958405,0.47164028882980347,-1.2927393913269043,0.21874406933784485,0.5003378987312317,-1.2915704250335693,-0.1898895800113678,0.516082227230072,-1.297668218612671,0.0029066430870443583,0.001937761902809143,0.0003033018729183823,0.001937761902809143,-0.0005813285824842751,0.001617609872482717,-0.001937761902809143,0.0017439856892451644,-0.0003033018729183823,0.0021315379999578,0.0011626571649685502,0.0003033018729183823,0.0,0.0,0.0,0.0,0.0,0.0,0.0,0.0,0.0,0.0,0.0,0.0,-0.029130588173866257,1.3020558814048768,-2.7391910395622254,0.03387719750404356,1.2970506516933442,-2.7366856250762934,-0.12679516446590405,1.3234769062042235,-2.738661073207855,0.13933579874038676,1.3197275833129882,-2.7368783268928523
nan,nan,nan,-0.10236934572458267,-0.007529672235250473,-0.9947179555892944,-0.048914410173892975,0.4598321318626404,-1.2910175323486328,0.0580279603600502,0.47157973051071167,-1.292755126953125,0.21841105818748474,0.5003076195716858,-1.29158616065979,-0.1893446147441864,0.5160519480705261,-1.2976996898651123,0.00019377618446014822,0.0007751047378405929,0.00010110061703016981,0.0013564333785325289,-0.0013564333785325289,0.0008088049362413585,-0.0007751047378405929,-0.00038755236892029643,-0.0007077043410390615,0.0005813285824842751,-0.001937761902809143,0.001314308145083487,0.0,0.0,0.0,0.0,0.0,0.0,0.0,0.0,0.0,0.0,0.0,0.0,-0.029035078048706038,1.3022458621215822,-2.738898609924316,0.033766124725341774,1.2972570429992676,-2.7364014099121095,-0.12572370491027812,1.3235966540527344,-2.7383703811645503,0.13822322235107404,1.3198596240234375,-2.736593479919433
nan,nan,nan,-0.10226617008447647,-0.0075066047720611095,-0.9947287440299988,-0.04897496849298477,0.4598018527030945,-1.2910175323486328,0.0581187978386879,0.47154945135116577,-1.2927708625793457,0.21807798743247986,0.5003378987312317,-1.29158616065979,-0.18882986903190613,0.516082227230072,-1.2977628707885742,-0.00038755236892029643,0.00019377618446014822,0.0008088049362413585,0.001937761902809143,-0.004456852562725544,-0.0008088049362413585,-0.0015502094756811857,0.0029066430870443583,0.00020220123406033963,0.0,0.00019377618446014822,0.0005055031506344676,0.0,0.0,0.0,0.0,0.0,0.0,0.0,0.0,0.0,0.0,0.0,0.0,-0.02893956792354582,1.3024358428382872,-2.738606180286407,0.033655051946639994,1.297463434305191,-2.7361171947479246,-0.12465224535465222,1.323716401901245,-2.738079689121246,0.13711064596176128,1.3199916647338867,-2.736308632946014
nan,nan,nan,-0.10216893255710602,-0.007623284123837948,-0.9947378635406494,-0.04903552681207657,0.4597715735435486,-1.2910335063934326,0.058149076998233795,0.47157973051071167,-1.292755126953125,0.21765407919883728,0.5003076195716858,-1.29158616065979,-0.18852707743644714,0.5160519480705261,-1.2978260517120361,0.0031004189513623714,-0.00038755236892029643,-0.0010110063012689352,-0.0011626571649685502,-0.001937761902809143,0.0,-0.0007751047378405929,0.0,0.0005055031506344676,0.0,-0.001937761902809143,-0.0008088049362413585,0.0,0.0,0.0,0.0,0.0,0.0,0.0,0.0,0.0,0.0,0.0,0.0,-0.028844057798385603,1.3026258235549926,-2.7383137506484982,0.033543979167938213,1.2976698256111145,-2.7358329795837397,-0.1235807857990263,1.3238361497497557,-2.7377889970779417,0.13599806957244853,1.320123705444336,-2.736023785972595
nan,nan,nan,-0.10208864510059357,-0.007675230503082275,-0.994745671749115,-0.049096085131168365,0.4597715735435486,-1.2910175323486328,0.058179356157779694,0.47161000967025757,-1.2927393913269043,0.2174118459224701,0.5003076195716858,-1.2916178703308105,-0.18816378712654114,0.516082227230072,-1.297842025756836,0.0,0.00019377618446014822,0.0005055031506344676,0.001937761902809143,0.0025190904270857573,0.001516509335488081,-0.004650628659874201,0.0007751047378405929,-0.0006066037458367646,0.0050381808541715145,-0.0027128667570650578,0.00040440246812067926,0.0,0.0,0.0,0.0,0.0,0.0,0.0,0.0,0.0,0.0,0.0,0.0,-0.028748547673225384,1.302815804271698,-2.7380213210105895,0.03343290638923643,1.297876216917038,-2.7355487644195557,-0.12250932624340038,1.3239558975982666,-2.737498305034637,0.1348854931831358,1.320255746154785,-2.7357389389991758
nan,nan,nan,-0.10207104682922363,-0.007640843279659748,-0.9947477579116821,-0.04906580597162247,0.4598018527030945,-1.2910175323486328,0.05820963531732559,0.47154945135116577,-1.2927393913269043,0.2173512876033783,0.5002774596214294,-1.2916021347045898,-0.18777015805244446,0.5161730647087097,-1.2978734970092773,0.001937761902809143,0.0015502094756811857,0.0003033018729183823,0.00038755236892029643,-0.0023253143299371004,0.0010110063012689352,0.0025190904270857573,-0.0011626571649685502,0.0005055031506344676,-0.0029066430870443583,-0.001937761902809143,-0.0008088049362413585,0.0,0.0,0.0,0.0,0.0,0.0,0.0,0.0,0.0,0.0,0.0,0.0,-0.02865303754806517,1.3030057849884034,-2.7377288913726803,0.033321833610534646,1.2980826082229615,-2.735264549255371,-0.12143786668777448,1.3240756454467775,-2.737207612991333,0.13377291679382305,1.3203877868652345,-2.7354540920257566
nan,nan,nan,-0.10207604616880417,-0.007648536469787359,-0.9947472214698792,-0.049096085131168365,0.4597715735435486,-1.2910335063934326,0.058330751955509186,0.47157973051071167,-1.292755126953125,0.21723023056983948,0.5003076195716858,-1.2916178703308105,-0.18752792477607727,0.5162639021873474,-1.2978734970092773,0.0,-0.0021315379999578,-0.0007077043410390615,-0.00038755236892029643,-0.00038755236892029643,-0.0003033018729183823,-0.003487971378490329,0.0007751047378405929,0.0,-0.0007751047378405929,-0.001937761902809143,0.0020220126025378704,0.0,0.0,0.0,0.0,0.0,0.0,0.0,0.0,0.0,0.0,0.0,0.0,-0.02855752742290495,1.3031957657051088,-2.7374364617347715,0.033210760831832865,1.2982889995288849,-2.734980334091186,-0.12036640713214856,1.324195393295288,-2.7369169209480284,0.1326603404045103,1.3205198275756835,-2.7351692450523375
nan,nan,nan,-0.10207594931125641,-0.0076600718311965466,-0.9947471022605896,-0.049096085131168365,0.4598018527030945,-1.2910335063934326,0.058361031115055084,0.47161000967025757,-1.2927393913269043,0.2169879972934723,0.5003076195716858,-1.2916336059570312,-0.18731597065925598,0.5162941813468933,-1.2979209423065186,0.0025190904270857573,0.001937761902809143,-0.0009099055896513164,-0.0005813285824842751,0.00038755236892029643,0.0010110063012689352,-0.001937761902809143,0.0013564333785325289,-0.0007077043410390615,0.0,-0.00019377618446014822,0.0003033018729183823,0.0,0.0,0.0,0.0,0.0,0.0,0.0,0.0,0.0,0.0,0.0,0.0,-0.028462017297744734,1.3033857464218142,-2.7371440320968627,0.033099688053131085,1.2984953908348085,-2.7346961189270016,-0.11929494757652265,1.3243151411437988,-2.736626228904724,0.13154776401519755,1.3206518682861328,-2.7348843980789184
nan,nan,nan,-0.10201148688793182,-0.0077312299981713295,-0.9947531819343567,-0.04915664345026016,0.4597715735435486,-1.2910335063934326,0.05842158943414688,0.47157973051071167,-1.2927393913269043,0.2166549265384674,0.5003076195716858,-1.291649341583252,-0.18713435530662537,0.516385018825531,-1.2979683876037598,0.00019377618446014822,0.0027128667570650578,-0.0009099055896513164,0.001937761902809143,-0.0029066430870443583,0.0010110063012689352,-0.0058132861740887165,-0.00019377618446014822,-0.0005055031506344676,0.0,0.0011626571649685502,0.0,0.0,0.0,0.0,0.0,0.0,0.0,0.0,0.0,0.0,0.0,0.0,0.0,-0.028366507172584515,1.303575727138519,-2.7368516024589535,0.032988615274429305,1.2987017821407318,-2.734411903762817,-0.11822348802089673,1.3244348889923097,-2.7363355368614197,0.1304351876258848,1.320783908996582,-2.7345995511054992
nan,nan,nan,-0.10191908478736877,-0.007770700845867395,-0.9947623610496521,-0.04915664345026016,0.4597412943840027,-1.2910175323486328,0.05842158943414688,0.47157973051071167,-1.2927393913269043,0.2165640890598297,0.5003076195716858,-1.2916336059570312,-0.18686184287071228,0.5163547396659851,-1.2979841232299805,0.001937761902809143,-0.0013564333785325289,0.0005055031506344676,0.0007751047378405929,-0.001937761902809143,0.0011121068382635713,0.0011626571649685502,0.0,-0.0005055031506344676,0.0,-0.0029066430870443583,0.0003033018729183823,0.0,0.0,0.0,0.0,0.0,0.0,0.0,0.0,0.0,0.0,0.0,0.0,-0.0282709970474243,1.3037657078552245,-2.7365591728210448,0.03287754249572752,1.2989081734466552,-2.7341276885986323,-0.11715202846527081,1.3245546368408203,-2.7360448448181147,0.12932261123657207,1.3209159497070313,-2.73431470413208
nan,nan,nan,-0.1018865555524826,-0.007759410422295332,-0.9947657585144043,-0.04915664345026016,0.4598018527030945,-1.2910175323486328,0.05848214775323868,0.47157973051071167,-1.292755126953125,0.21638241410255432,0.5003076195716858,-1.291649341583252,-0.1864682137966156,0.5164152979850769,-1.2980315685272217,0.0015502094756811857,0.0025190904270857573,-0.0009099055896513164,0.0027128667570650578,0.0017439856892451644,0.00020220123406033963,-0.0007751047378405929,0.0,-0.0009099055896513164,0.0,0.0,-0.00040440246812067926,0.0,0.0,0.0,0.0,0.0,0.0,0.0,0.0,0.0,0.0,0.0,0.0,-0.02817548692226408,1.30395568857193,-2.7362667431831356,0.03276646971702574,1.2991145647525788,-2.733843473434448,-0.11608056890964488,1.324674384689331,-2.7357541527748106,0.12821003484725932,1.3210479904174806,-2.7340298571586605
nan,nan,nan,-0.10182660818099976,-0.0077650947496294975,-0.9947718381881714,-0.04918692260980606,0.4597715735435486,-1.2910175323486328,0.05848214775323868,0.47154945135116577,-1.2927236557006836,0.2162007987499237,0.5003076195716858,-1.2916336059570312,-0.1861352026462555,0.5164152979850769,-1.298079013824463,-0.00038755236892029643,0.0,-0.001516509335488081,0.001937761902809143,0.0,0.0024264149833470583,-0.0023253143299371004,0.00038755236892029643,0.00040440246812067926,0.0025190904270857573,-0.0027128667570650578,0.00010110061703016981,0.0,0.0,0.0,0.0,0.0,0.0,0.0,0.0,0.0,0.0,0.0,0.0,-0.028079976797103865,1.3041456692886353,-2.735974313545227,0.032655396938323956,1.2993209560585022,-2.7335592582702635,-0.11500910935401897,1.3247941325378418,-2.735463460731506,0.12709745845794657,1.3211800311279296,-2.7337450101852414
nan,nan,nan,-0.1017751693725586,-0.007821218110620975,-0.9947766661643982,-0.04921720176935196,0.4597715735435486,-1.2909860610961914,0.058512426912784576,0.47154945135116577,-1.292755126953125,0.21562549471855164,0.5003076195716858,-1.2916336059570312,-0.1858929693698883,0.5165364146232605,-1.2981579303741455,0.0007751047378405929,0.0025190904270857573,0.0005055031506344676,0.0025190904270857573,0.0,-0.00040440246812067926,-0.0036817477084696293,0.00038755236892029643,0.0005055031506344676,-0.0036817477084696293,0.004456852562725544,0.0012132074916735291,0.0,0.0,0.0,0.0,0.0,0.0,0.0,0.0,0.0,0.0,0.0,0.0,-0.027984466671943646,1.3043356500053407,-2.735681883907318,0.03254432415962217,1.2995273473644255,-2.7332750431060786,-0.11393764979839305,1.3249138803863525,-2.7351727686882015,0.12598488206863384,1.3213120718383788,-2.7334601632118223
nan,nan,nan,-0.1016855537891388,-0.007951481267809868,-0.9947848320007324,-0.04924748092889786,0.4597412943840027,-1.291001796722412,0.058512426912784576,0.4715191721916199,-1.2927393913269043,0.21492913365364075,0.5003378987312317,-1.2916653156280518,-0.18546906113624573,0.5164758563041687,-1.2982053756713867,-0.0011626571649685502,0.001937761902809143,-0.0012132074916735291,0.001937761902809143,-0.0036817477084696293,0.0008088049362413585,-0.004650628659874201,0.0027128667570650578,0.0003033018729183823,0.0,-0.0021315379999578,-0.0019209118327125907,0.0,0.0,0.0,0.0,0.0,0.0,0.0,0.0,0.0,0.0,0.0,0.0,-0.02788895654678343,1.304525630722046,-2.735389454269409,0.03243325138092039,1.2997337386703491,-2.732990827941894,-0.11286619024276713,1.3250336282348631,-2.7348820766448974,0.1248723056793211,1.321444112548828,-2.7331753162384027
nan,nan,nan,-0.10147926956415176,-0.007932893931865692,-0.9948060512542725,-0.04921720176935196,0.4597110152244568,-1.2909860610961914,0.058512426912784576,0.471488893032074,-1.2927393913269043,0.2141418755054474,0.5003378987312317,-1.2916653156280518,-0.18489381670951843,0.5164758563041687,-1.2982053756713867,0.001937761902809143,0.0021315379999578,0.0,0.00038755236892029643,0.00019377618446014822,0.0010110063012689352,-0.001937761902809143,0.0009688809514045715,-0.00010110061703016981,0.0,-0.0017439856892451644,0.0,0.0,0.0,0.0,0.0,0.0,0.0,0.0,0.0,0.0,0.0,0.0,0.0,-0.02779344642162321,1.304715611438751,-2.7350970246315,0.03232217860221861,1.2999401299762725,-2.7327066127777098,-0.11179473068714124,1.325153376083374,-2.734591384601593,0.12375972929000834,1.3215761532592771,-2.7328904692649836
nan,nan,nan,-0.10132221132516861,-0.00785854086279869,-0.99482262134552,-0.04924748092889786,0.4596807360649109,-1.291001796722412,0.0585729256272316,0.4713980555534363,-1.292755126953125,0.2133546769618988,0.5003076195716858,-1.2916967868804932,-0.18404600024223328,0.5164758563041687,-1.2982211112976074,-0.0011626571649685502,0.0021315379999578,-0.0009099055896513164,0.0007751047378405929,-0.0005813285824842751,-0.0011121068382635713,-0.0029066430870443583,0.0007751047378405929,0.0,0.0027128667570650578,-0.0015502094756811857,0.0009099055896513164,0.0,0.0,0.0,0.0,0.0,0.0,0.0,0.0,0.0,0.0,0.0,0.0,-0.027697936296462996,1.3049055921554564,-2.734804594993591,0.03221110582351683,1.300146521282196,-2.732422397613525,-0.11072327113151531,1.325273123931885,-2.7343006925582882,0.12264715290069558,1.3217081939697266,-2.7326056222915645
nan,nan,nan,-0.10118112713098526,-0.007970699109137058,-0.9948360919952393,-0.04924748092889786,0.4597110152244568,-1.291001796722412,0.058603204786777496,0.4713677763938904,-1.2927393913269043,0.21253719925880432,0.5002774596214294,-1.2917442321777344,-0.18341019749641418,0.5165061354637146,-1.2982842922210693,0.0013564333785325289,0.001937761902809143,-0.001314308145083487,-0.00019377618446014822,-0.0017439856892451644,0.0010110063012689352,-0.0027128667570650578,-0.0005813285824842751,-0.001617609872482717,0.004844404757022858,0.0021315379999578,0.0005055031506344676,0.0,0.0,0.0,0.0,0.0,0.0,0.0,0.0,0.0,0.0,0.0,0.0,-0.027602426171302777,1.3050955728721618,-2.734512165355682,0.03210003304481504,1.3003529125881195,-2.7321381824493405,-0.1096518115758894,1.3253928717803953,-2.734010000514984,0.12153457651138284,1.3218402346801756,-2.7323207753181453
nan,nan,nan,-0.10104414820671082,-0.008194110356271267,-0.9948481917381287,-0.04924748092889786,0.4597110152244568,-1.2909860610961914,0.0585729256272316,0.4713677763938904,-1.2927393913269043,0.21147748827934265,0.5003076195716858,-1.2917757034301758,-0.1831074059009552,0.5165061354637146,-1.2983474731445312,0.001937761902809143,-0.00038755236892029643,0.0007077043410390615,-0.0036817477084696293,-0.001937761902809143,0.0003033018729183823,-0.003294195281341672,0.001937761902809143,-0.0007077043410390615,0.0005813285824842751,0.0011626571649685502,0.0003033018729183823,0.0,0.0,0.0,0.0,0.0,0.0,0.0,0.0,0.0,0.0,0.0,0.0,-0.02750691604614256,1.3052855535888672,-2.7342197357177733,0.03198896026611326,1.300559303894043,-2.731853967285156,-0.10858035202026348,1.3255126196289062,-2.7337193084716795,0.1204220001220701,1.3219722753906251,-2.732035928344726
nan,nan,nan,-0.10080357640981674,-0.008312770165503025,-0.9948716163635254,-0.04924748092889786,0.4597715735435486,-1.2909860610961914,0.058603204786777496,0.4712769389152527,-1.2927393913269043,0.2100241482257843,0.5003076195716858,-1.291886329650879,-0.18235048651695251,0.5164758563041687,-1.2984263896942139,0.00038755236892029643,0.0042630759999156,0.0005055031506344676,-0.0009688809514045715,-0.0015502094756811857,0.001314308145083487,-0.004844404757022858,0.001937761902809143,-0.0024264149833470583,0.0025190904270857573,0.0013564333785325289,0.0,0.0,0.0,0.0,0.0,0.0,0.0,0.0,0.0,0.0,0.0,0.0,0.0,-0.027411405920982342,1.3054755343055726,-2.733927306079864,0.03187788748741148,1.3007656951999664,-2.731569752120971,-0.10750889246463756,1.325632367477417,-2.733428616428375,0.11930942373275737,1.3221043161010742,-2.731751081371307
nan,nan,nan,-0.10063228011131287,-0.008206428028643131,-0.9948898553848267,-0.04924748092889786,0.4597412943840027,-1.291001796722412,0.05866376310586929,0.4712163805961609,-1.292755126953125,0.20963051915168762,0.5003076195716858,-1.291886329650879,-0.18138161301612854,0.5164758563041687,-1.2984895706176758,0.0005813285824842751,0.0007751047378405929,-0.00040440246812067926,0.0031004189513623714,0.0,0.001415408682078123,0.0,0.001937761902809143,-0.00040440246812067926,0.0007751047378405929,-0.0005813285824842751,-0.00040440246812067926,0.0,0.0,0.0,0.0,0.0,0.0,0.0,0.0,0.0,0.0,0.0,0.0,-0.027315895795822127,1.3056655150222778,-2.7336348764419554,0.03176681470870969,1.3009720865058898,-2.7312855369567868,-0.10643743290901164,1.3257521153259277,-2.7331379243850704,0.11819684734344463,1.3222363568115234,-2.731466234397888
nan,nan,nan,-0.10052994638681412,-0.008147693239152431,-0.994900643825531,-0.04924748092889786,0.4597412943840027,-1.291001796722412,0.05866376310586929,0.4712769389152527,-1.292755126953125,0.2093883454799652,0.5002774596214294,-1.2919180393218994,-0.18053385615348816,0.5165061354637146,-1.2986791133880615,0.0013564333785325289,0.0011626571649685502,-0.0010110063012689352,-0.0011626571649685502,0.0015502094756811857,0.00010110061703016981,-0.001937761902809143,-0.0009688809514045715,-0.00040440246812067926,-0.0013564333785325289,-0.00019377618446014822,-0.0006066037458367646,0.0,0.0,0.0,0.0,0.0,0.0,0.0,0.0,0.0,0.0,0.0,0.0,-0.027220385670661908,1.305855495738983,-2.7333424468040466,0.03165574193000791,1.3011784778118134,-2.7310013217926024,-0.10536597335338571,1.3258718631744384,-2.732847232341766,0.11708427095413187,1.3223683975219727,-2.731181387424469
nan,nan,nan,-0.10040101408958435,-0.008186734281480312,-0.9949133992195129,-0.04924748092889786,0.4597110152244568,-1.290954351425171,0.05875460058450699,0.4712466597557068,-1.292755126953125,0.20899471640586853,0.5002774596214294,-1.2919495105743408,-0.1799282729625702,0.5165364146232605,-1.2988529205322266,0.0,-0.0013564333785325289,-0.00010110061703016981,0.0007751047378405929,-0.0029066430870443583,-0.0010110063012689352,-0.0021315379999578,0.0,-0.0019209118327125907,0.0027128667570650578,-0.0013564333785325289,0.0007077043410390615,0.0,0.0,0.0,0.0,0.0,0.0,0.0,0.0,0.0,0.0,0.0,0.0,-0.027124875545501692,1.3060454764556884,-2.7330500171661374,0.03154466915130613,1.301384869117737,-2.730717106628418,-0.1042945137977598,1.3259916110229493,-2.7325565402984617,0.11597169456481914,1.322500438232422,-2.7308965404510497
nan,nan,nan,-0.10032173991203308,-0.008305837400257587,-0.9949203729629517,-0.04924748092889786,0.4597110152244568,-1.290954351425171,0.058815158903598785,0.4712163805961609,-1.292755126953125,0.20860108733177185,0.5002774596214294,-1.2919495105743408,-0.1797465980052948,0.5165666937828064,-1.2990267276763916,0.0009688809514045715,-0.0005813285824842751,-0.0007077043410390615,0.001937761902809143,-0.0036817477084696293,0.0009099055896513164,-0.0017439856892451644,0.001937761902809143,-0.00020220123406033963,-0.0005813285824842751,-0.0025190904270857573,-0.00040440246812067926,0.0,0.0,0.0,0.0,0.0,0.0,0.0,0.0,0.0,0.0,0.0,0.0,-0.027029365420341473,1.3062354571723938,-2.732757587528228,0.03143359637260435,1.3015912604236604,-2.730432891464233,-0.1032230542421339,1.3261113588714601,-2.732265848255157,0.11485911817550637,1.3226324789428712,-2.7306116934776306
nan,nan,nan,-0.10027732700109482,-0.008238667622208595,-0.9949254393577576,-0.04924748092889786,0.4597110152244568,-1.290954351425171,0.058845438063144684,0.4712163805961609,-1.292755126953125,0.20847997069358826,0.5002774596214294,-1.2919654846191406,-0.1792924702167511,0.5165969729423523,-1.2990899085998535,0.001937761902809143,-0.0005813285824842751,-0.0012132074916735291,0.0009688809514045715,-0.001937761902809143,-0.00040440246812067926,0.0005813285824842751,0.001937761902809143,-0.0003033018729183823,0.0027128667570650578,-0.00038755236892029643,0.0,0.0,0.0,0.0,0.0,0.0,0.0,0.0,0.0,0.0,0.0,0.0,0.0,-0.026933855295181258,1.3064254378890992,-2.73246515789032,0.031322523593902564,1.3017976517295837,-2.7301486763000486,-0.10215159468650799,1.3262311067199706,-2.7319751562118526,0.11374654178619363,1.3227645196533202,-2.7303268465042114
nan,nan,nan,-0.10021456331014633,-0.008193493820726871,-0.9949321150779724,-0.049277760088443756,0.4597715735435486,-1.290954351425171,0.058845438063144684,0.4712466597557068,-1.292755126953125,0.20832863450050354,0.5002471804618835,-1.2919812202453613,-0.17883828282356262,0.5166575312614441,-1.299121618270874,0.0,0.0013564333785325289,-0.0006066037458367646,-0.00038755236892029643,-0.0021315379999578,-0.00040440246812067926,-0.001937761902809143,-0.0005813285824842751,0.0,0.0011626571649685502,0.00038755236892029643,0.0019209118327125907,0.0,0.0,0.0,0.0,0.0,0.0,0.0,0.0,0.0,0.0,0.0,0.0,-0.02683834517002104,1.3066154186058045,-2.7321727282524106,0.031211450815200784,1.3020040430355073,-2.7298644611358642,-0.10108013513088207,1.3263508545684815,-2.7316844641685485,0.11263396539688089,1.3228965603637697,-2.7300419995307923
nan,nan,nan,-0.10008221119642258,-0.008195997215807438,-0.9949454069137573,-0.049277760088443756,0.4597412943840027,-1.290954351425171,0.058996833860874176,0.4712163805961609,-1.2927393913269043,0.20796528458595276,0.5002774596214294,-1.2920284271240234,-0.17847493290901184,0.5166272521018982,-1.299184799194336,0.0007751047378405929,-0.0007751047378405929,-0.0012132074916735291,0.0042630759999156,-0.0021315379999578,0.0010110063012689352,-0.00019377618446014822,0.0029066430870443583,-0.0022242136765271425,0.0,-0.005231957416981459,0.001516509335488081,0.0,0.0,0.0,0.0,0.0,0.0,0.0,0.0,0.0,0.0,0.0,0.0,-0.026742835044860823,1.3068053993225097,-2.7318802986145014,0.031100378036499003,1.3022104343414307,-2.7295802459716794,-0.10000867557525614,1.3264706024169923,-2.731393772125244,0.11152138900756814,1.3230286010742187,-2.7297571525573727
nan,nan,nan,-0.09997602552175522,-0.008259117603302002,-0.9949555397033691,-0.049308039247989655,0.4598018527030945,-1.290954351425171,0.05896655470132828,0.4712163805961609,-1.2927393913269043,0.2073597013950348,0.5002774596214294,-1.2920284271240234,-0.17826303839683533,0.51668781042099,-1.2992637157440186,-0.0021315379999578,0.005619509611278772,-0.0012132074916735291,0.001937761902809143,-0.0021315379999578,0.0010110063012689352,-0.0007751047378405929,0.0027128667570650578,-0.0007077043410390615,0.0013564333785325289,0.00038755236892029643,-0.0010110063012689352,0.0,0.0,0.0,0.0,0.0,0.0,0.0,0.0,0.0,0.0,0.0,0.0,-0.026647324919700604,1.3069953800392151,-2.731587868976593,0.03098930525779722,1.302416825647354,-2.729296030807495,-0.09893721601963022,1.326590350265503,-2.7311030800819394,0.1104088126182554,1.323160641784668,-2.7294723055839536
nan,nan,nan,-0.09985281527042389,-0.00829986296594143,-0.9949675798416138,-0.049308039247989655,0.4598018527030945,-1.2909228801727295,0.059027113020420074,0.471186101436615,-1.2927393913269043,0.2067844569683075,0.5002774596214294,-1.292060136795044,-0.17786940932273865,0.51668781042099,-1.2992794513702393,-0.001937761902809143,0.004650628659874201,0.001516509335488081,0.0027128667570650578,-0.003294195281341672,0.001314308145083487,-0.0023253143299371004,0.0029066430870443583,-0.0010110063012689352,0.0007751047378405929,0.00038755236892029643,0.0009099055896513164,0.0,0.0,0.0,0.0,0.0,0.0,0.0,0.0,0.0,0.0,0.0,0.0,-0.026551814794540385,1.3071853607559203,-2.731295439338684,0.030878232479095435,1.3026232169532777,-2.72901181564331,-0.0978657564640043,1.3267100981140136,-2.730812388038635,0.10929623622894266,1.3232926824951172,-2.729187458610534
nan,nan,nan,-0.09965211898088455,-0.008189530111849308,-0.9949886202812195,-0.049308039247989655,0.4597715735435486,-1.290954351425171,0.059027113020420074,0.4712163805961609,-1.2927393913269043,0.2060880959033966,0.5002774596214294,-1.2920758724212646,-0.17696109414100647,0.5166575312614441,-1.2993743419647217,-0.001937761902809143,0.001937761902809143,-0.0011121068382635713,0.0021315379999578,-0.001937761902809143,0.0008088049362413585,-0.0025190904270857573,0.0023253143299371004,0.0,0.0007751047378405929,-0.0029066430870443583,-0.0005055031506344676,0.0,0.0,0.0,0.0,0.0,0.0,0.0,0.0,0.0,0.0,0.0,0.0,-0.02645630466938017,1.3073753414726257,-2.7310030097007747,0.030767159700393655,1.3028296082592012,-2.7287276004791257,-0.09679429690837839,1.3268298459625245,-2.7305216959953302,0.10818365983962992,1.3234247232055665,-2.728902611637115
nan,nan,nan,-0.09945011138916016,-0.00808878242969513,-0.9950096607208252,-0.04924748092889786,0.4598018527030945,-1.290954351425171,0.05896655470132828,0.4712769389152527,-1.292755126953125,0.20536139607429504,0.5002169013023376,-1.2921075820922852,-0.1756288707256317,0.5166575312614441,-1.2994215488433838,0.001937761902809143,0.0036817477084696293,0.00040440246812067926,0.0029066430870443583,0.00038755236892029643,0.00010110061703016981,-0.0042630759999156,0.0005813285824842751,-0.0012132074916735291,0.004069299902766943,-0.0017439856892451644,0.00010110061703016981,0.0,0.0,0.0,0.0,0.0,0.0,0.0,0.0,0.0,0.0,0.0,0.0,-0.02636079454421995,1.307565322189331,-2.730710580062866,0.03065608692169187,1.3030359995651244,-2.7284433853149412,-0.09572283735275247,1.3269495938110352,-2.730231003952026,0.10707108345031718,1.3235567639160157,-2.7286177646636958
nan,nan,nan,-0.09912024438381195,-0.008156483992934227,-0.9950420260429382,-0.049277760088443756,0.4597715735435486,-1.2909860610961914,0.05896655470132828,0.4713072180747986,-1.292755126953125,0.20424112677574158,0.5001866221427917,-1.2921550273895264,-0.17469027638435364,0.5166575312614441,-1.2994847297668457,-0.0027128667570650578,0.0007751047378405929,-0.0023253143299371004,0.0,0.0009688809514045715,0.0005055031506344676,-0.006588390562683344,0.0,-0.0024264149833470583,0.003487971378490329,-0.0011626571649685502,0.001617609872482717,0.0,0.0,0.0,0.0,0.0,0.0,0.0,0.0,0.0,0.0,0.0,0.0,-0.026265284419059735,1.3077553029060365,-2.730418150424957,0.03054501414299009,1.303242390871048,-2.7281591701507564,-0.09465137779712657,1.3270693416595458,-2.7299403119087216,0.1059585070610044,1.3236888046264648,-2.7283329176902766
nan,nan,nan,-0.09885125607252121,-0.008359348401427269,-0.9950671195983887,-0.04921720176935196,0.4597412943840027,-1.290954351425171,0.058996833860874176,0.4712466597557068,-1.292755126953125,0.2026061713695526,0.5002169013023376,-1.2922182083129883,-0.17399385571479797,0.5166272521018982,-1.2995796203613281,0.0027128667570650578,-0.0017439856892451644,0.0003033018729183823,0.0015502094756811857,-0.00019377618446014822,0.0010110063012689352,-0.007944824174046516,0.0015502094756811857,-0.0019209118327125907,0.0015502094756811857,-0.0013564333785325289,0.0012132074916735291,0.0,0.0,0.0,0.0,0.0,0.0,0.0,0.0,0.0,0.0,0.0,0.0,-0.026169774293899516,1.3079452836227417,-2.730125720787048,0.030433941364288307,1.3034487821769716,-2.727874954986572,-0.09357991824150065,1.3271890895080567,-2.729649619865417,0.10484593067169166,1.323820845336914,-2.7280480707168575
nan,nan,nan,-0.09854456037282944,-0.008363764733076096,-0.9950975179672241,-0.04921720176935196,0.4598624110221863,-1.2909228801727295,0.058996833860874176,0.471186101436615,-1.292755126953125,0.20163729786872864,0.5002169013023376,-1.292297124862671,-0.1729341447353363,0.5165969729423523,-1.29964280128479,0.003487971378490329,0.0021315379999578,0.001415408682078123,0.0013564333785325289,-0.001937761902809143,0.001718710525892675,-0.0042630759999156,0.0027128667570650578,-0.0005055031506344676,0.006394614465534687,-0.0005813285824842751,0.0010110063012689352,0.0,0.0,0.0,0.0,0.0,0.0,0.0,0.0,0.0,0.0,0.0,0.0,-0.0260742641687393,1.308135264339447,-2.729833291149139,0.030322868585586527,1.303655173482895,-2.7275907398223875,-0.09250845868587473,1.3273088373565674,-2.729358927822113,0.10373335428237893,1.3239528860473633,-2.7277632237434384
nan,nan,nan,-0.09829709678888321,-0.008139161393046379,-0.9951238036155701,-0.04924748092889786,0.4598624110221863,-1.290954351425171,0.05893627554178238,0.4712769389152527,-1.2927708625793457,0.20121338963508606,0.5001260638237,-1.2923603057861328,-0.17169281840324402,0.5165666937828064,-1.2997848987579346,0.0,0.001937761902809143,0.0,0.0,0.00038755236892029643,-0.00040440246812067926,-0.0054257335141301155,-0.00038755236892029643,-0.0007077043410390615,-0.0011626571649685502,-0.0025190904270857573,0.0005055031506344676,0.0,0.0,0.0,0.0,0.0,0.0,0.0,0.0,0.0,0.0,0.0,0.0,-0.02597875404357908,1.3083252450561522,-2.7295408615112304,0.030211795806884743,1.3038615647888183,-2.7273065246582027,-0.09143699913024882,1.327428585205078,-2.7290682357788083,0.10262077789306619,1.3240849267578123,-2.7274783767700193
nan,nan,nan,-0.0981801301240921,-0.00812504068017006,-0.995135486125946,-0.04924748092889786,0.4598624110221863,-1.290954351425171,0.05893627554178238,0.4713072180747986,-1.2927708625793457,0.20091059803962708,0.500095784664154,-1.292470932006836,-0.17114779353141785,0.5165666937828064,-1.299942970275879,0.0021315379999578,0.003487971378490329,-0.0008088049362413585,0.0017439856892451644,-0.0013564333785325289,-0.0005055031506344676,-0.001937761902809143,-0.0009688809514045715,-0.0008088049362413585,-0.0011626571649685502,-0.0029066430870443583,0.001516509335488081,0.0,0.0,0.0,0.0,0.0,0.0,0.0,0.0,0.0,0.0,0.0,0.0,-0.025883243918418865,1.3085152257728576,-2.7292484318733212,0.030100723028182962,1.304067956094742,-2.7270223094940182,-0.0903655395746229,1.3275483330535889,-2.7287775437355037,0.10150820150375345,1.3242169674682618,-2.7271935297966
nan,nan,nan,-0.09811601787805557,-0.008236735127866268,-0.9951409101486206,-0.04924748092889786,0.4598624110221863,-1.2909228801727295,0.05896655470132828,0.4712466597557068,-1.292755126953125,0.2002142369747162,0.5001260638237,-1.2925655841827393,-0.17096611857414246,0.5166272521018982,-1.300053596496582,0.0015502094756811857,0.0005813285824842751,0.0005055031506344676,0.0029066430870443583,-0.0007751047378405929,0.0010110063012689352,-0.0031004189513623714,0.0015502094756811857,-0.0010110063012689352,0.0023253143299371004,0.0007751047378405929,0.0,0.0,0.0,0.0,0.0,0.0,0.0,0.0,0.0,0.0,0.0,0.0,0.0,-0.025787733793258646,1.308705206489563,-2.7289560022354125,0.02998965024948118,1.3042743474006653,-2.726738094329834,-0.08929408001899697,1.3276680809020995,-2.7284868516921996,0.1003956251144407,1.3243490081787108,-2.726908682823181
nan,nan,nan,-0.09802526235580444,-0.008309692144393921,-0.9951492547988892,-0.049277760088443756,0.4598321318626404,-1.2909386157989502,0.05893627554178238,0.4713072180747986,-1.292755126953125,0.19960865378379822,0.5001563429832458,-1.2926762104034424,-0.17078444361686707,0.5165969729423523,-1.3001325130462646,-0.0007751047378405929,-0.00019377618446014822,0.0,-0.00019377618446014822,-0.0021315379999578,0.001516509335488081,-0.001937761902809143,0.0031004189513623714,-0.0005055031506344676,-0.0005813285824842751,-0.0021315379999578,0.0010110063012689352,0.0,0.0,0.0,0.0,0.0,0.0,0.0,0.0,0.0,0.0,0.0,0.0,-0.02569222366809843,1.3088951872062684,-2.7286635725975033,0.029878577470779395,1.3044807387065886,-2.726453879165649,-0.08822262046337105,1.3277878287506104,-2.728196159648895,0.09928304872512796,1.3244810488891603,-2.726623835849762
nan,nan,nan,-0.09791892766952515,-0.008255993016064167,-0.9951601624488831,-0.049277760088443756,0.4598624110221863,-1.2909386157989502,0.05896655470132828,0.4713072180747986,-1.2927708625793457,0.19912424683570862,0.500095784664154,-1.2927236557006836,-0.17020919919013977,0.5165969729423523,-1.3001482486724854,-0.0011626571649685502,0.001937761902809143,-0.0007077043410390615,0.0029066430870443583,0.0011626571649685502,0.0,-0.0036817477084696293,0.0017439856892451644,-0.001516509335488081,0.004650628659874201,-0.0017439856892451644,0.001314308145083487,0.0,0.0,0.0,0.0,0.0,0.0,0.0,0.0,0.0,0.0,0.0,0.0,-0.025596713542938212,1.3090851679229736,-2.7283711429595945,0.029767504692077614,1.3046871300125122,-2.7261696640014645,-0.08715116090774513,1.327907576599121,-2.7279054676055905,0.09817047233581522,1.3246130895996093,-2.7263389888763427
nan,nan,nan,-0.09782207757234573,-0.00817785132676363,-0.9951702952384949,-0.04924748092889786,0.4598624110221863,-1.290954351425171,0.05893627554178238,0.4713374972343445,-1.2927708625793457,0.19860950112342834,0.5001260638237,-1.2927711009979248,-0.1695733368396759,0.5165969729423523,-1.3001642227172852,0.0015502094756811857,0.001937761902809143,-0.0012132074916735291,0.001937761902809143,0.0009688809514045715,0.00010110061703016981,-0.003487971378490329,0.0,0.0005055031506344676,0.0005813285824842751,-0.00038755236892029643,0.001617609872482717,0.0,0.0,0.0,0.0,0.0,0.0,0.0,0.0,0.0,0.0,0.0,0.0,-0.025501203417777996,1.309275148639679,-2.7280787133216857,0.02965643191337583,1.3048935213184358,-2.72588544883728,-0.08607970135211925,1.328027324447632,-2.7276147755622864,0.09705789594650245,1.3247451303100586,-2.7260541419029236
nan,nan,nan,-0.09764894098043442,-0.008225182071328163,-0.9951869249343872,-0.04924748092889786,0.4598624110221863,-1.290954351425171,0.05893627554178238,0.4713072180747986,-1.2927708625793457,0.19779202342033386,0.5001260638237,-1.2928500175476074,-0.16881641745567322,0.5165666937828064,-1.300227403640747,0.001937761902809143,-0.0021315379999578,-0.0005055031506344676,0.0015502094756811857,-0.0025190904270857573,0.0008088049362413585,-0.0025190904270857573,0.0015502094756811857,0.0,0.00019377618446014822,-0.001937761902809143,0.0005055031506344676,0.0,0.0,0.0,0.0,0.0,0.0,0.0,0.0,0.0,0.0,0.0,0.0,-0.025405693292617777,1.3094651293563841,-2.7277862836837765,0.02954535913467405,1.305099912624359,-2.7256012336730953,-0.08500824179649333,1.3281470722961424,-2.7273240835189814,0.09594531955718971,1.3248771710205078,-2.725769294929504
nan,nan,nan,-0.0974738672375679,-0.00834821816533804,-0.9952030777931213,-0.04924748092889786,0.4599835276603699,-1.290954351425171,0.05890599638223648,0.4712769389152527,-1.2927868366241455,0.19688370823860168,0.5001260638237,-1.2929131984710693,-0.16830173134803772,0.5165666937828064,-1.3003063201904297,0.00019377618446014822,0.001937761902809143,-0.0005055031506344676,-0.0009688809514045715,-0.0031004189513623714,-0.0006066037458367646,-0.003487971378490329,0.0017439856892451644,-0.0006066037458367646,0.00019377618446014822,0.0,0.0010110063012689352,0.0,0.0,0.0,0.0,0.0,0.0,0.0,0.0,0.0,0.0,0.0,0.0,-0.02531018316745756,1.3096551100730895,-2.7274938540458677,0.029434286355972266,1.3053063039302826,-2.725317018508911,-0.0839367822408674,1.3282668201446532,-2.7270333914756772,0.09483274316787696,1.3250092117309569,-2.725484447956085
nan,nan,nan,-0.09727564454078674,-0.008392511866986752,-0.9952220916748047,-0.04924748092889786,0.46004408597946167,-1.2909703254699707,0.05890599638223648,0.4712769389152527,-1.2927868366241455,0.19533953070640564,0.5001260638237,-1.292992115020752,-0.16748419404029846,0.5164758563041687,-1.3004169464111328,-0.00038755236892029643,0.001937761902809143,-0.0019209118327125907,-0.0011626571649685502,-0.0029066430870443583,0.0005055031506344676,-0.0015502094756811857,0.0011626571649685502,-0.0006066037458367646,0.0007751047378405929,-0.0036817477084696293,0.0021231132559478283,0.0,0.0,0.0,0.0,0.0,0.0,0.0,0.0,0.0,0.0,0.0,0.0,-0.025214673042297343,1.309845090789795,-2.7272014244079585,0.029323213577270486,1.3055126952362062,-2.7250328033447264,-0.08286532268524148,1.3283865679931641,-2.726742699432373,0.09372016677856422,1.3251412524414063,-2.725199600982666
nan,nan,nan,-0.09699632972478867,-0.008419242687523365,-0.9952491521835327,-0.04921720176935196,0.46004408597946167,-1.290954351425171,0.05893627554178238,0.4712769389152527,-1.2927868366241455,0.19385597109794617,0.5001563429832458,-1.293165922164917,-0.16663643717765808,0.5164152979850769,-1.3005590438842773,0.0,0.0007751047378405929,-0.0019209118327125907,0.0027128667570650578,-0.001937761902809143,0.0008088049362413585,-0.004456852562725544,0.0031004189513623714,-0.0009099055896513164,0.0042630759999156,-0.0029066430870443583,0.00040440246812067926,0.0,0.0,0.0,0.0,0.0,0.0,0.0,0.0,0.0,0.0,0.0,0.0,-0.025119162917137127,1.3100350715065003,-2.7269089947700498,0.029212140798568702,1.3057190865421295,-2.7247485881805416,-0.08179386312961556,1.3285063158416748,-2.726452007389068,0.09260759038925148,1.3252732931518554,-2.724914754009246
nan,nan,nan,-0.0966528132557869,-0.008441704325377941,-0.9952823519706726,-0.04915664345026016,0.46007436513900757,-1.2909386157989502,0.05890599638223648,0.4712769389152527,-1.2927868366241455,0.19219067692756653,0.5001260638237,-1.2933554649353027,-0.16503176093101501,0.516385018825531,-1.3007802963256836,0.0013564333785325289,0.001937761902809143,-0.0003033018729183823,0.0013564333785325289,-0.0017439856892451644,0.0006066037458367646,-0.0021315379999578,0.0015502094756811857,-0.0025275154039263725,0.001937761902809143,0.0005813285824842751,0.00040440246812067926,0.0,0.0,0.0,0.0,0.0,0.0,0.0,0.0,0.0,0.0,0.0,0.0,-0.025023652791976908,1.3102250522232055,-2.726616565132141,0.02910106801986692,1.305925477848053,-2.724464373016357,-0.08072240357398965,1.3286260636901854,-2.726161315345764,0.09149501399993874,1.3254053338623046,-2.7246299070358275
nan,nan,nan,-0.09625553339719772,-0.008519547991454601,-0.995320200920105,-0.04915664345026016,0.46004408597946167,-1.2909386157989502,0.058845438063144684,0.4713374972343445,-1.292818307876587,0.19040432572364807,0.5001260638237,-1.2934503555297852,-0.16366925835609436,0.5163244605064392,-1.3011276721954346,0.0005813285824842751,-0.001937761902809143,0.00020220123406033963,-0.00038755236892029643,-0.0017439856892451644,-0.0006066037458367646,0.0015502094756811857,0.0031004189513623714,0.0003033018729183823,0.0036817477084696293,-0.001937761902809143,-0.00040440246812067926,0.0,0.0,0.0,0.0,0.0,0.0,0.0,0.0,0.0,0.0,0.0,0.0,-0.024928142666816692,1.310415032939911,-2.726324135494232,0.028989995241165138,1.3061318691539765,-2.7241801578521727,-0.07965094401836373,1.3287458115386963,-2.7258706233024594,0.090382437610626,1.325537374572754,-2.724345060062408
nan,nan,nan,-0.09601517766714096,-0.00864105112850666,-0.9953423738479614,-0.049126364290714264,0.46013492345809937,-1.290954351425171,0.058845438063144684,0.4713072180747986,-1.292818307876587,0.18904182314872742,0.500095784664154,-1.2935292720794678,-0.16288205981254578,0.5162639021873474,-1.3013014793395996,0.004456852562725544,0.0011626571649685502,-0.001617609872482717,0.0007751047378405929,-0.003875523805618286,0.00040440246812067926,-0.0054257335141301155,0.001937761902809143,-0.0010110063012689352,0.0011626571649685502,0.0,0.001617609872482717,0.0,0.0,0.0,0.0,0.0,0.0,0.0,0.0,0.0,0.0,0.0,0.0,-0.024832632541656473,1.3106050136566163,-2.726031705856323,0.028878922462463354,1.3063382604599,-2.723895942687988,-0.0785794844627378,1.3288655593872072,-2.725579931259155,0.08926986122131325,1.3256694152832031,-2.724060213088989
nan,nan,nan,-0.0956839844584465,-0.008710811845958233,-0.9953736662864685,-0.049126364290714264,0.46016520261764526,-1.2909386157989502,0.058845438063144684,0.4713072180747986,-1.2928342819213867,0.18810322880744934,0.5000655055046082,-1.2936081886291504,-0.16188284754753113,0.5162639021873474,-1.3014910221099854,0.0021315379999578,0.0009688809514045715,-0.00010110061703016981,0.0017439856892451644,-0.0025190904270857573,0.0024264149833470583,-0.001937761902809143,0.001937761902809143,-0.001415408682078123,0.003487971378490329,-0.0013564333785325289,-0.001415408682078123,0.0,0.0,0.0,0.0,0.0,0.0,0.0,0.0,0.0,0.0,0.0,0.0,-0.024737122416496258,1.3107949943733215,-2.7257392762184143,0.028767849683761573,1.3065446517658232,-2.7236117275238034,-0.07750802490711191,1.3289853072357176,-2.7252892392158508,0.08815728483200048,1.3258014559936524,-2.7237753661155697
nan,nan,nan,-0.09553959220647812,-0.008573825471103191,-0.9953886866569519,-0.049126364290714264,0.46013492345809937,-1.2909703254699707,0.058815158903598785,0.4713374972343445,-1.2928342819213867,0.18716463446617126,0.5000655055046082,-1.293687343597412,-0.16067180037498474,0.5162941813468933,-1.3017122745513916,0.0017439856892451644,0.0015502094756811857,-0.001516509335488081,0.0009688809514045715,-0.0013564333785325289,0.0025275154039263725,-0.001937761902809143,0.001937761902809143,0.00020220123406033963,-0.00038755236892029643,-0.00019377618446014822,-0.0008088049362413585,0.0,0.0,0.0,0.0,0.0,0.0,0.0,0.0,0.0,0.0,0.0,0.0,-0.02464161229133604,1.3109849750900269,-2.725446846580505,0.02865677690505979,1.3067510430717468,-2.723327512359619,-0.07643656535148599,1.3291050550842285,-2.7249985471725457,0.08704470844268775,1.3259334967041017,-2.7234905191421506
nan,nan,nan,-0.09530998021364212,-0.008598752319812775,-0.9954105019569397,-0.049126364290714264,0.46016520261764526,-1.2909703254699707,0.05878487974405289,0.4713677763938904,-1.2928500175476074,0.1860140860080719,0.5000655055046082,-1.2937819957733154,-0.1593092978000641,0.5162941813468933,-1.3020124435424805,0.0009688809514045715,0.0036817477084696293,-0.0010110063012689352,0.0,-0.001937761902809143,-0.00010110061703016981,-0.0029066430870443583,-0.0007751047378405929,0.00020220123406033963,-0.0013564333785325289,0.00038755236892029643,-0.001415408682078123,0.0,0.0,0.0,0.0,0.0,0.0,0.0,0.0,0.0,0.0,0.0,0.0,-0.024546102166175823,1.3111749558067323,-2.725154416942596,0.02854570412635801,1.3069574343776704,-2.723043297195434,-0.07536510579586007,1.3292248029327394,-2.7247078551292416,0.08593213205337501,1.326065537414551,-2.7232056721687314
nan,nan,nan,-0.09494108706712723,-0.008713058196008205,-0.9954447746276855,-0.04906580597162247,0.46019548177719116,-1.2909860610961914,0.05878487974405289,0.4713677763938904,-1.2928657531738281,0.18434879183769226,0.49997466802597046,-1.2938768863677979,-0.15722015500068665,0.5162941813468933,-1.3025336265563965,0.0011626571649685502,0.0015502094756811857,-0.0022242136765271425,0.0029066430870443583,-0.0023253143299371004,0.0009099055896513164,-0.005619509611278772,0.0023253143299371004,-0.001415408682078123,0.006394614465534687,0.00038755236892029643,-0.0008088049362413585,0.0,0.0,0.0,0.0,0.0,0.0,0.0,0.0,0.0,0.0,0.0,0.0,-0.024450592041015604,1.3113649365234377,-2.7248619873046875,0.028434631347656225,1.3071638256835938,-2.7227590820312497,-0.07429364624023416,1.32934455078125,-2.7244171630859375,0.08481955566406227,1.326197578125,-2.7229208251953123
nan,nan,nan,-0.09437460452318192,-0.008736356161534786,-0.9954984188079834,-0.04900524765253067,0.46022576093673706,-1.2909703254699707,0.05866376310586929,0.4713980555534363,-1.2929131984710693,0.1824110448360443,0.49982327222824097,-1.2940032482147217,-0.15407124161720276,0.516385018825531,-1.30367112159729,0.0021315379999578,0.0031004189513623714,0.00020220123406033963,-0.0023253143299371004,0.0,-0.001415408682078123,-0.007169718854129314,0.004069299902766943,-0.00040440246812067926,0.009107480756938457,0.0005813285824842751,-0.0027297167107462883,0.0,0.0,0.0,0.0,0.0,0.0,0.0,0.0,0.0,0.0,0.0,0.0,-0.024355081915855385,1.3115549172401428,-2.7245695576667783,0.028323558568954445,1.3073702169895172,-2.7224748668670653,-0.07322218668460823,1.3294642986297607,-2.7241264710426325,0.08370697927474952,1.3263296188354492,-2.722635978221893
nan,nan,nan,-0.09388454258441925,-0.008567928336560726,-0.9955462217330933,-0.04894468933343887,0.46016520261764526,-1.291001796722412,0.058633483946323395,0.471488893032074,-1.29292893409729,0.18119993805885315,0.4995507597923279,-1.2940821647644043,-0.15034714341163635,0.5165969729423523,-1.3046345710754395,0.003294195281341672,0.0,-0.00010110061703016981,-0.0009688809514045715,0.0013564333785325289,-0.00010110061703016981,-0.0029066430870443583,0.0015502094756811857,0.0003033018729183823,0.009107480756938457,0.0,-0.0025275154039263725,0.0,0.0,0.0,0.0,0.0,0.0,0.0,0.0,0.0,0.0,0.0,0.0,-0.02425957179069517,1.3117448979568482,-2.724277128028869,0.02821248579025266,1.3075766082954408,-2.7221906517028804,-0.07215072712898231,1.3295840464782716,-2.7238357789993284,0.08259440288543678,1.3264616595458985,-2.722351131248474
nan,nan,nan,-0.09345143288373947,-0.008314828388392925,-0.9955891370773315,-0.04894468933343887,0.46016520261764526,-1.2910335063934326,0.058633483946323395,0.47173112630844116,-1.2929131984710693,0.18053385615348816,0.4993388056755066,-1.2941296100616455,-0.14635047316551208,0.5171722769737244,-1.3060564994812012,0.0011626571649685502,0.001937761902809143,-0.00010110061703016981,0.0023253143299371004,0.0027128667570650578,0.001415408682078123,-0.0036817477084696293,0.0013564333785325289,-0.0010110063012689352,0.006975942756980658,0.004456852562725544,-0.0036396223586052656,0.0,0.0,0.0,0.0,0.0,0.0,0.0,0.0,0.0,0.0,0.0,0.0,-0.02416406166553495,1.3119348786735534,-2.723984698390961,0.02810141301155088,1.3077829996013641,-2.721906436538696,-0.07107926757335639,1.3297037943267822,-2.7235450869560243,0.08148182649612404,1.3265937002563475,-2.722066284275055
nan,nan,nan,-0.0930669903755188,-0.008310048840939999,-0.9956251978874207,-0.04894468933343887,0.46010464429855347,-1.291064977645874,0.058512426912784576,0.47200363874435425,-1.2929131984710693,0.17962554097175598,0.4989754557609558,-1.2941136360168457,-0.14323189854621887,0.5178384184837341,-1.307288646697998,0.001937761902809143,0.00019377618446014822,0.0012132074916735291,-0.0023253143299371004,0.00019377618446014822,0.0008088049362413585,-0.003294195281341672,-0.0011626571649685502,0.0005055031506344676,0.0009688809514045715,0.0029066430870443583,-0.0027297167107462883,0.0,0.0,0.0,0.0,0.0,0.0,0.0,0.0,0.0,0.0,0.0,0.0,-0.024068551540374735,1.3121248593902588,-2.7236922687530516,0.027990340232849097,1.3079893909072875,-2.7216222213745116,-0.07000780801773047,1.3298235421752929,-2.7232543949127193,0.0803692501068113,1.326725740966797,-2.7217814373016354
nan,nan,nan,-0.09278728812932968,-0.008479018695652485,-0.9956498742103577,-0.04894468933343887,0.46010464429855347,-1.2910492420196533,0.058512426912784576,0.47209447622299194,-1.29292893409729,0.1785355508327484,0.4988240599632263,-1.2941453456878662,-0.14080968499183655,0.5189889073371887,-1.308109998703003,-0.00019377618446014822,0.0021315379999578,-0.0009099055896513164,0.0017439856892451644,-0.0015502094756811857,0.0010110063012689352,-0.0013564333785325289,0.00038755236892029643,-0.0012132074916735291,0.0015502094756811857,0.0,-0.001415408682078123,0.0,0.0,0.0,0.0,0.0,0.0,0.0,0.0,0.0,0.0,0.0,0.0,-0.023973041415214516,1.3123148401069642,-2.7233998391151424,0.027879267454147313,1.308195782213211,-2.7213380062103267,-0.06893634846210459,1.3299432900238037,-2.722963702869415,0.07925667371749853,1.326857781677246,-2.7214965903282162
nan,nan,nan,-0.09260523319244385,-0.008462135680019855,-0.9956669211387634,-0.048914410173892975,0.46007436513900757,-1.2910335063934326,0.05848214775323868,0.47215503454208374,-1.2929446697235107,0.17823275923728943,0.4987937808036804,-1.2941453456878662,-0.13968941569328308,0.5191705822944641,-1.3086786270141602,0.00019377618446014822,0.001937761902809143,0.0008088049362413585,-0.00019377618446014822,0.0027128667570650578,-0.0003033018729183823,-0.0009688809514045715,0.0029066430870443583,-0.0010110063012689352,0.0013564333785325289,-0.0009688809514045715,-0.0018198111793026328,0.0,0.0,0.0,0.0,0.0,0.0,0.0,0.0,0.0,0.0,0.0,0.0,-0.023877531290054304,1.3125048208236696,-2.723107409477234,0.02776819467544554,1.3084021735191347,-2.7210537910461428,-0.0678648889064787,1.3300630378723146,-2.722673010826111,0.07814409732818585,1.3269898223876955,-2.7212117433547975
nan,nan,nan,-0.0925632044672966,-0.008370383642613888,-0.9956716299057007,-0.048914410173892975,0.46007436513900757,-1.291064977645874,0.058512426912784576,0.47215503454208374,-1.2929446697235107,0.17820248007774353,0.4987635016441345,-1.2941453456878662,-0.1386599838733673,0.5195943713188171,-1.3091368675231934,0.0031004189513623714,0.001937761902809143,-0.0009099055896513164,0.0021315379999578,-0.0009688809514045715,-0.0005055031506344676,-0.0009688809514045715,0.0013564333785325289,-0.00010110061703016981,0.003875523805618286,0.0011626571649685502,-0.0005055031506344676,0.0,0.0,0.0,0.0,0.0,0.0,0.0,0.0,0.0,0.0,0.0,0.0,-0.02378202116489409,1.312694801540375,-2.722814979839325,0.027657121896743755,1.3086085648250583,-2.720769575881958,-0.06679342935085278,1.3301827857208253,-2.7223823187828065,0.07703152093887311,1.3271218630981445,-2.7209268963813784
nan,nan,nan,-0.09248185902833939,-0.008345060050487518,-0.9956793785095215,-0.04897496849298477,0.46007436513900757,-1.291064977645874,0.05848214775323868,0.47230643033981323,-1.29292893409729,0.17796024680137634,0.4987635016441345,-1.294161081314087,-0.13772138953208923,0.5199880003929138,-1.3093421459197998,0.0007751047378405929,0.0011626571649685502,-0.00040440246812067926,0.00019377618446014822,0.0,0.0005055031506344676,-0.003487971378490329,0.0,0.0007077043410390615,0.0013564333785325289,0.0036817477084696293,0.0021231132559478283,0.0,0.0,0.0,0.0,0.0,0.0,0.0,0.0,0.0,0.0,0.0,0.0,-0.02368651103973387,1.3128847822570802,-2.7225225502014156,0.027546049118041975,1.3088149561309814,-2.720485360717773,-0.06572196979522686,1.330302533569336,-2.722091626739502,0.07591894454956034,1.3272539038085938,-2.720642049407959
nan,nan,nan,-0.09236274659633636,-0.008403581567108631,-0.9956899881362915,-0.04897496849298477,0.46007436513900757,-1.2910807132720947,0.05848214775323868,0.47233670949935913,-1.29292893409729,0.17759689688682556,0.4987029433250427,-1.294161081314087,-0.13732782006263733,0.5199577212333679,-1.309452772140503,0.00038755236892029643,0.0005813285824842751,0.0003033018729183823,0.0007751047378405929,0.0,0.0018198111793026328,-0.0029066430870443583,0.004650628659874201,0.0011121068382635713,0.0015502094756811857,-0.0027128667570650578,0.0,0.0,0.0,0.0,0.0,0.0,0.0,0.0,0.0,0.0,0.0,0.0,0.0,-0.023591000914573654,1.3130747629737856,-2.7222301205635073,0.02743497633934019,1.309021347436905,-2.720201145553589,-0.06465051023960094,1.3304222814178468,-2.7218009346961973,0.0748063681602476,1.327385944519043,-2.7203572024345397
nan,nan,nan,-0.09224430471658707,-0.008433767594397068,-0.9957007169723511,-0.048914410173892975,0.46007436513900757,-1.2910492420196533,0.05845186859369278,0.47233670949935913,-1.2929606437683105,0.17723360657691956,0.4986726641654968,-1.2941770553588867,-0.13693419098854065,0.5200182795524597,-1.3095791339874268,0.005231957416981459,0.0015502094756811857,0.00040440246812067926,-0.0007751047378405929,-0.0015502094756811857,-0.0005055031506344676,-0.003294195281341672,-0.003294195281341672,0.00040440246812067926,-0.0013564333785325289,0.0,-0.001415408682078123,0.0,0.0,0.0,0.0,0.0,0.0,0.0,0.0,0.0,0.0,0.0,0.0,-0.023495490789413435,1.3132647436904907,-2.721937690925598,0.027323903560638407,1.3092277387428284,-2.719916930389404,-0.06357905068397501,1.3305420292663575,-2.7215102426528928,0.07369379177093485,1.3275179852294923,-2.7200723554611206
nan,nan,nan,-0.0921739935874939,-0.008333348669111729,-0.9957080483436584,-0.04894468933343887,0.46007436513900757,-1.291064977645874,0.05842158943414688,0.47233670949935913,-1.29292893409729,0.17714276909828186,0.4987029433250427,-1.2941927909851074,-0.13632866740226746,0.5200788378715515,-1.3096580505371094,0.0027128667570650578,0.004069299902766943,0.0005055031506344676,-0.0027128667570650578,-0.0025190904270857573,0.0022242136765271425,-0.0017439856892451644,-0.0009688809514045715,-0.00020220123406033963,0.0027128667570650578,0.0,0.0007077043410390615,0.0,0.0,0.0,0.0,0.0,0.0,0.0,0.0,0.0,0.0,0.0,0.0,-0.02339998066425322,1.3134547244071961,-2.721645261287689,0.027212830781936627,1.309434130048752,-2.7196327152252193,-0.06250759112834912,1.330661777114868,-2.7212195506095886,0.07258121538162211,1.3276500259399415,-2.719787508487701
nan,nan,nan,-0.09213028103113174,-0.008274153806269169,-0.9957125782966614,-0.04894468933343887,0.46007436513900757,-1.2910807132720947,0.05842158943414688,0.4724578261375427,-1.2929606437683105,0.17696109414100647,0.4987029433250427,-1.2942242622375488,-0.13590475916862488,0.5201696753501892,-1.3097529411315918,0.003875523805618286,0.0013564333785325289,-0.0010110063012689352,-0.0017439856892451644,0.0027128667570650578,-0.0008088049362413585,-0.0021315379999578,0.00019377618446014822,-0.001516509335488081,-0.001937761902809143,0.0027128667570650578,-0.0012132074916735291,0.0,0.0,0.0,0.0,0.0,0.0,0.0,0.0,0.0,0.0,0.0,0.0,-0.023304470539093,1.3136447051239015,-2.72135283164978,0.027101758003234843,1.3096405213546753,-2.7193485000610353,-0.06143613157272321,1.330781524963379,-2.720928858566284,0.07146863899230937,1.3277820666503906,-2.719502661514282
nan,nan,nan,-0.09207704663276672,-0.008343915455043316,-0.99571692943573,-0.04894468933343887,0.46007436513900757,-1.2910807132720947,0.05842158943414688,0.4724275469779968,-1.2929446697235107,0.1765674650669098,0.4986726641654968,-1.2942399978637695,-0.13557168841362,0.5201696753501892,-1.309800148010254,0.0017439856892451644,0.001937761902809143,-0.0008088049362413585,0.001937761902809143,-0.0013564333785325289,0.0010110063012689352,-0.0036817477084696293,-0.00038755236892029643,-0.0019209118327125907,0.0007751047378405929,-0.0031004189513623714,0.0007077043410390615,0.0,0.0,0.0,0.0,0.0,0.0,0.0,0.0,0.0,0.0,0.0,0.0,-0.023208960413932785,1.313834685840607,-2.7210604020118714,0.026990685224533063,1.309846912660599,-2.7190642848968505,-0.06036467201709729,1.3309012728118899,-2.7206381665229795,0.07035606260299664,1.32791410736084,-2.7192178145408628
nan,nan,nan,-0.09198445081710815,-0.00848042219877243,-0.9957243204116821,-0.04897496849298477,0.46007436513900757,-1.291064977645874,0.05842158943414688,0.4724578261375427,-1.2929446697235107,0.1759619414806366,0.4987029433250427,-1.2942399978637695,-0.1354808509349823,0.5201696753501892,-1.3098318576812744,-0.0009688809514045715,0.0007751047378405929,-0.0006066037458367646,0.00019377618446014822,0.0027128667570650578,0.0008088049362413585,-0.004456852562725544,0.003487971378490329,-0.0020220126025378704,-0.0021315379999578,-0.0013564333785325289,0.0007077043410390615,0.0,0.0,0.0,0.0,0.0,0.0,0.0,0.0,0.0,0.0,0.0,0.0,-0.023113450288772566,1.314024666557312,-2.720767972373962,0.02687961244583128,1.3100533039665223,-2.7187800697326656,-0.05929321246147137,1.3310210206604003,-2.7203474744796754,0.0692434862136839,1.328046148071289,-2.7189329675674436
nan,nan,nan,-0.09185665845870972,-0.00847621913999319,-0.9957361817359924,-0.04894468933343887,0.46007436513900757,-1.291064977645874,0.05842158943414688,0.4723972678184509,-1.2929606437683105,0.17550775408744812,0.4986726641654968,-1.2942399978637695,-0.1349661648273468,0.5201696753501892,-1.309863567352295,0.0,0.00019377618446014822,-0.0010110063012689352,0.0,0.0007751047378405929,-0.00040440246812067926,-0.00038755236892029643,-0.0013564333785325289,-0.0010110063012689352,-0.0021315379999578,-0.004069299902766943,0.0005055031506344676,0.0,0.0,0.0,0.0,0.0,0.0,0.0,0.0,0.0,0.0,0.0,0.0,-0.02301794016361235,1.3142146472740175,-2.7204755427360534,0.0267685396671295,1.3102596952724457,-2.7184958545684816,-0.05822175290584544,1.3311407685089112,-2.720056782436371,0.06813090982437114,1.3281781887817385,-2.7186481205940245
nan,nan,nan,-0.09178660809993744,-0.008381814695894718,-0.9957433938980103,-0.048914410173892975,0.46007436513900757,-1.291064977645874,0.05842158943414688,0.4723972678184509,-1.2929606437683105,0.175174742937088,0.4987029433250427,-1.2942399978637695,-0.13426974415779114,0.5201999545097351,-1.3098793029785156,0.0021315379999578,0.0013564333785325289,-0.0003033018729183823,0.001937761902809143,-0.001937761902809143,-0.0008088049362413585,-0.0017439856892451644,0.0042630759999156,0.0009099055896513164,0.0023253143299371004,-0.0007751047378405929,0.0,0.0,0.0,0.0,0.0,0.0,0.0,0.0,0.0,0.0,0.0,0.0,0.0,-0.02292243003845213,1.3144046279907227,-2.7201831130981446,0.026657466888427715,1.3104660865783693,-2.7182116394042968,-0.057150293350219525,1.331260516357422,-2.7197660903930663,0.06701833343505838,1.3283102294921876,-2.7183632736206054
nan,nan,nan,-0.09165427088737488,-0.00837466400116682,-0.995755672454834,-0.048884131014347076,0.46007436513900757,-1.2910492420196533,0.05839131027460098,0.4724275469779968,-1.2929446697235107,0.17478111386299133,0.4986726641654968,-1.2942874431610107,-0.13360366225242615,0.520230233669281,-1.3099267482757568,0.0025190904270857573,0.0,-0.0010110063012689352,-0.0005813285824842751,-0.0029066430870443583,0.0006066037458367646,-0.0017439856892451644,0.001937761902809143,-0.0010110063012689352,0.0017439856892451644,-0.00019377618446014822,-0.001415408682078123,0.0,0.0,0.0,0.0,0.0,0.0,0.0,0.0,0.0,0.0,0.0,0.0,-0.022826919913291915,1.314594608707428,-2.7198906834602354,0.026546394109725934,1.3106724778842929,-2.717927424240112,-0.05607883379459361,1.3313802642059327,-2.719475398349762,0.06590575704574564,1.3284422702026368,-2.7180784266471862
nan,nan,nan,-0.09149470180273056,-0.008496103808283806,-0.9957693219184875,-0.048884131014347076,0.46007436513900757,-1.2910492420196533,0.05845186859369278,0.4724578261375427,-1.2929606437683105,0.17405447363853455,0.49861210584640503,-1.2943034172058105,-0.13324031233787537,0.520230233669281,-1.3099582195281982,0.0011626571649685502,0.0005813285824842751,0.00040440246812067926,0.004650628659874201,0.0,0.0,-0.0013564333785325289,-0.0013564333785325289,-0.0003033018729183823,-0.00038755236892029643,-0.001937761902809143,-0.00020220123406033963,0.0,0.0,0.0,0.0,0.0,0.0,0.0,0.0,0.0,0.0,0.0,0.0,-0.022731409788131696,1.3147845894241335,-2.7195982538223267,0.02643532133102415,1.310878869190216,-2.717643209075928,-0.05500737423896769,1.3315000120544433,-2.719184706306457,0.0647931806564329,1.328574310913086,-2.717793579673767
nan,nan,nan,-0.09137041866779327,-0.00854627974331379,-0.9957802891731262,-0.04885385185480118,0.46010464429855347,-1.291064977645874,0.05842158943414688,0.4724578261375427,-1.2929606437683105,0.17360028624534607,0.49861210584640503,-1.294334888458252,-0.13284674286842346,0.520230233669281,-1.3099899291992188,0.00019377618446014822,0.0011626571649685502,-0.0008088049362413585,0.001937761902809143,-0.0015502094756811857,0.0,-0.001937761902809143,-0.0009688809514045715,0.0003033018729183823,0.0011626571649685502,-0.001937761902809143,0.0,0.0,0.0,0.0,0.0,0.0,0.0,0.0,0.0,0.0,0.0,0.0,0.0,-0.02263589966297148,1.3149745701408388,-2.7193058241844175,0.026324248552322366,1.3110852604961396,-2.717358993911743,-0.0539359146833418,1.3316197599029542,-2.718894014263153,0.06368060426712016,1.3287063516235351,-2.717508732700348
nan,nan,nan,-0.09128253906965256,-0.008390727452933788,-0.9957897067070007,-0.04885385185480118,0.46007436513900757,-1.291064977645874,0.05842158943414688,0.4724275469779968,-1.2929446697235107,0.17350944876670837,0.49858182668685913,-1.2943665981292725,-0.1322714388370514,0.5202605128288269,-1.3100371360778809,0.0,0.0013564333785325289,0.00020220123406033963,0.0025190904270857573,-0.0023253143299371004,0.001314308145083487,-0.0013564333785325289,-0.0017439856892451644,-0.0008088049362413585,0.00019377618446014822,-0.00019377618446014822,0.0010110063012689352,0.0,0.0,0.0,0.0,0.0,0.0,0.0,0.0,0.0,0.0,0.0,0.0,-0.022540389537811262,1.315164550857544,-2.7190133945465087,0.026213175773620586,1.3112916518020632,-2.717074778747558,-0.05286445512771587,1.3317395077514649,-2.7186033222198485,0.06256802787780741,1.3288383923339844,-2.717223885726929
nan,nan,nan,-0.09125537425279617,-0.008351899683475494,-0.9957925081253052,-0.04885385185480118,0.46010464429855347,-1.2910807132720947,0.05839131027460098,0.4724881052970886,-1.2929606437683105,0.17332777380943298,0.49861210584640503,-1.2943823337554932,-0.1318475902080536,0.5202605128288269,-1.310084581375122,0.0017439856892451644,0.0021315379999578,-0.0008088049362413585,-0.0015502094756811857,0.0,-0.0005055031506344676,-0.003875523805618286,0.0021315379999578,0.001314308145083487,0.0021315379999578,-0.001937761902809143,0.0012132074916735291,0.0,0.0,0.0,0.0,0.0,0.0,0.0,0.0,0.0,0.0,0.0,0.0,-0.022444879412651046,1.3153545315742494,-2.7187209649085995,0.026102102994918802,1.3114980431079866,-2.7167905635833742,-0.05179299557208995,1.3318592555999755,-2.718312630176544,0.06145545148849467,1.3289704330444336,-2.7169390387535097
nan,nan,nan,-0.0911744236946106,-0.008485794998705387,-0.9957987666130066,-0.04885385185480118,0.46013492345809937,-1.2910807132720947,0.05842158943414688,0.4724881052970886,-1.2929606437683105,0.17290392518043518,0.49858182668685913,-1.2944138050079346,-0.1317870318889618,0.5202605128288269,-1.3101634979248047,0.0017439856892451644,0.00038755236892029643,-0.0010110063012689352,0.004844404757022858,-0.001937761902809143,0.0,-0.00038755236892029643,0.00038755236892029643,0.0003033018729183823,-0.0015502094756811857,-0.0007751047378405929,-0.0011121068382635713,0.0,0.0,0.0,0.0,0.0,0.0,0.0,0.0,0.0,0.0,0.0,0.0,-0.022349369287490827,1.3155445122909546,-2.7184285352706907,0.025991030216217022,1.31170443441391,-2.7165063484191894,-0.050721536016464036,1.3319790034484864,-2.71802193813324,0.06034287509918193,1.3291024737548829,-2.71665419178009
nan,nan,nan,-0.09107241779565811,-0.008533544838428497,-0.9958077073097229,-0.04885385185480118,0.46013492345809937,-1.291064977645874,0.05839131027460098,0.4724881052970886,-1.2929606437683105,0.1723286211490631,0.49858182668685913,-1.294445514678955,-0.1315750777721405,0.5202907919883728,-1.3101634979248047,0.00038755236892029643,-0.00019377618446014822,0.00010110061703016981,0.00019377618446014822,-0.0013564333785325289,0.0010110063012689352,-0.0054257335141301155,0.0015502094756811857,-0.0007077043410390615,-0.0013564333785325289,-0.00019377618446014822,0.001516509335488081,0.0,0.0,0.0,0.0,0.0,0.0,0.0,0.0,0.0,0.0,0.0,0.0,-0.02225385916233061,1.31573449300766,-2.718136105632782,0.025879957437515238,1.3119108257198335,-2.7162221332550045,-0.04965007646083812,1.3320987512969973,-2.717731246089935,0.05923029870986919,1.3292345144653321,-2.716369344806671
nan,nan,nan,-0.09096558392047882,-0.008448636159300804,-0.9958181977272034,-0.04885385185480118,0.46013492345809937,-1.291064977645874,0.05839131027460098,0.4724881052970886,-1.2929763793945312,0.17214694619178772,0.49855154752731323,-1.2944769859313965,-0.13106033205986023,0.5202907919883728,-1.3102266788482666,0.001937761902809143,0.0011626571649685502,-0.0011121068382635713,0.00038755236892029643,-0.001937761902809143,-0.0008088049362413585,-0.0005813285824842751,-0.0007751047378405929,-0.0022242136765271425,0.0007751047378405929,0.0017439856892451644,-0.00040440246812067926,0.0,0.0,0.0,0.0,0.0,0.0,0.0,0.0,0.0,0.0,0.0,0.0,-0.022158349037170393,1.3159244737243654,-2.7178436759948728,0.025768884658813457,1.312117217025757,-2.7159379180908205,-0.0485786169052122,1.3322184991455077,-2.7174405540466307,0.058117722320556425,1.3293665551757812,-2.716084497833252
nan,nan,nan,-0.090860515832901,-0.008344082161784172,-0.9958286881446838,-0.04885385185480118,0.46016520261764526,-1.291064977645874,0.05842158943414688,0.4725183844566345,-1.2929606437683105,0.1718744933605194,0.49861210584640503,-1.2944929599761963,-0.13033369183540344,0.5202907919883728,-1.3102266788482666,0.0015502094756811857,0.004069299902766943,0.00010110061703016981,0.006007061805576086,-0.001937761902809143,-0.0005055031506344676,-0.001937761902809143,0.0050381808541715145,-0.001415408682078123,-0.00038755236892029643,0.0,0.001314308145083487,0.0,0.0,0.0,0.0,0.0,0.0,0.0,0.0,0.0,0.0,0.0,0.0,-0.022062838912010177,1.3161144544410708,-2.717551246356964,0.025657811880111674,1.3123236083316803,-2.7156537029266357,-0.04750715734958627,1.3323382469940186,-2.7171498620033265,0.05700514593124367,1.3294985958862306,-2.7157996508598323
nan,nan,nan,-0.09074190258979797,-0.008457222953438759,-0.9958385229110718,-0.04882357269525528,0.46010464429855347,-1.291064977645874,0.058330751955509186,0.4725789427757263,-1.2929606437683105,0.17117807269096375,0.49852126836776733,-1.2945244312286377,-0.12994006276130676,0.5202907919883728,-1.3102741241455078,0.001937761902809143,-0.0027128667570650578,-0.0008088049362413585,-0.0007751047378405929,0.0011626571649685502,-0.0005055031506344676,-0.005619509611278772,-0.0005813285824842751,0.00040440246812067926,0.003487971378490329,0.0015502094756811857,-0.0005055031506344676,0.0,0.0,0.0,0.0,0.0,0.0,0.0,0.0,0.0,0.0,0.0,0.0,-0.021967328786849958,1.3163044351577762,-2.7172588167190552,0.025546739101409893,1.3125299996376039,-2.715369487762451,-0.046435697793960354,1.3324579948425295,-2.716859169960022,0.055892569541930934,1.3296306365966797,-2.715514803886413
nan,nan,nan,-0.09057823568582535,-0.00854058563709259,-0.9958527088165283,-0.04879329353570938,0.46019548177719116,-1.291064977645874,0.05830047279596329,0.4725486636161804,-1.2929606437683105,0.17048171162605286,0.49852126836776733,-1.2945401668548584,-0.12957677245140076,0.520230233669281,-1.3102898597717285,0.003294195281341672,0.0054257335141301155,-0.0010110063012689352,0.0015502094756811857,-0.001937761902809143,0.0,-0.0036817477084696293,0.001937761902809143,0.0,0.00038755236892029643,-0.0021315379999578,0.0005055031506344676,0.0,0.0,0.0,0.0,0.0,0.0,0.0,0.0,0.0,0.0,0.0,0.0,-0.02187181866168974,1.3164944158744811,-2.716966387081146,0.02543566632270811,1.3127363909435275,-2.715085272598267,-0.045364238238334464,1.3325777426910401,-2.7165684779167174,0.054779993152618195,1.329762677307129,-2.715229956912994
nan,nan,nan,-0.0904729887843132,-0.0085395323112607,-0.9958623051643372,-0.04876301437616348,0.46013492345809937,-1.291064977645874,0.058330751955509186,0.4725486636161804,-1.2929606437683105,0.16993668675422668,0.49852126836776733,-1.2946033477783203,-0.1286986768245697,0.5202605128288269,-1.3103532791137695,0.0015502094756811857,0.0,0.00020220123406033963,0.001937761902809143,-0.0021315379999578,0.0,-0.0011626571649685502,0.0042630759999156,-0.0006066037458367646,-0.00038755236892029643,0.0009688809514045715,0.0011121068382635713,0.0,0.0,0.0,0.0,0.0,0.0,0.0,0.0,0.0,0.0,0.0,0.0,-0.021776308536529523,1.3166843965911865,-2.7166739574432373,0.025324593544006326,1.3129427822494508,-2.714801057434082,-0.04429277868270855,1.3326974905395508,-2.716277785873413,0.053667416763305456,1.3298947180175782,-2.714945109939575
nan,nan,nan,-0.09040306508541107,-0.008405103348195553,-0.9958698153495789,-0.04876301437616348,0.46013492345809937,-1.291064977645874,0.058330751955509186,0.4726395010948181,-1.2929606437683105,0.1697852909564972,0.49849098920822144,-1.294682502746582,-0.1281537115573883,0.5202907919883728,-1.3104164600372314,0.001937761902809143,0.00019377618446014822,0.0003033018729183823,0.0029066430870443583,0.0009688809514045715,0.0006066037458367646,-0.0029066430870443583,-0.00038755236892029643,-0.0020220126025378704,0.00038755236892029643,0.0023253143299371004,0.001415408682078123,0.0,0.0,0.0,0.0,0.0,0.0,0.0,0.0,0.0,0.0,0.0,0.0,-0.021680798411369304,1.316874377307892,-2.7163815278053285,0.025213520765304545,1.3131491735553742,-2.714516842269897,-0.04322131912708263,1.3328172383880617,-2.7159870938301083,0.05255484037399272,1.3300267587280274,-2.714660262966156
nan,nan,nan,-0.09035846590995789,-0.008431228809058666,-0.9958736300468445,-0.048702456057071686,0.46022576093673706,-1.291064977645874,0.05827019363641739,0.4726395010948181,-1.2929606437683105,0.16945227980613708,0.49849098920822144,-1.2946982383728027,-0.1280023157596588,0.5202605128288269,-1.310495376586914,0.0054257335141301155,0.0031004189513623714,-0.0009099055896513164,-0.0027128667570650578,-0.001937761902809143,0.00020220123406033963,-0.0027128667570650578,0.0,0.00020220123406033963,-0.0025190904270857573,-0.0015502094756811857,0.0003033018729183823,0.0,0.0,0.0,0.0,0.0,0.0,0.0,0.0,0.0,0.0,0.0,0.0,-0.02158528828620909,1.3170643580245973,-2.7160890981674193,0.02510244798660276,1.3133555648612978,-2.714232627105713,-0.0421498595714567,1.3329369862365725,-2.715696401786804,0.051442263984679965,1.3301587994384767,-2.7143754159927367
nan,nan,nan,-0.09026417881250381,-0.008574826642870903,-0.9958809614181519,-0.048732735216617584,0.46022576093673706,-1.2910807132720947,0.05830047279596329,0.4726092219352722,-1.2929763793945312,0.16869530081748962,0.49849098920822144,-1.2947771549224854,-0.12782064080238342,0.5202605128288269,-1.3105268478393555,0.001937761902809143,0.001937761902809143,0.0009099055896513164,0.0015502094756811857,-0.0015502094756811857,-0.0006066037458367646,-0.007169718854129314,0.0017439856892451644,-0.0022242136765271425,0.0,0.0007751047378405929,0.0010110063012689352,0.0,0.0,0.0,0.0,0.0,0.0,0.0,0.0,0.0,0.0,0.0,0.0,-0.02148977816104887,1.3172543387413027,-2.71579666852951,0.02499137520790098,1.3135619561672212,-2.7139484119415282,-0.04107840001583078,1.333056734085083,-2.7154057097434996,0.050329687595367226,1.3302908401489257,-2.7140905690193176
nan,nan,nan,-0.09015218168497086,-0.008561612106859684,-0.9958912134170532,-0.04867217689752579,0.46022576093673706,-1.291064977645874,0.05830047279596329,0.4726395010948181,-1.2929763793945312,0.16769614815711975,0.49852126836776733,-1.2948403358459473,-0.12733620405197144,0.5201999545097351,-1.3105742931365967,0.006007061805576086,0.0017439856892451644,0.0010110063012689352,0.00019377618446014822,0.0021315379999578,-0.00010110061703016981,-0.004844404757022858,0.0025190904270857573,0.00040440246812067926,0.0009688809514045715,-0.0031004189513623714,0.00020220123406033963,0.0,0.0,0.0,0.0,0.0,0.0,0.0,0.0,0.0,0.0,0.0,0.0,-0.021394268035888654,1.317444319458008,-2.7155042388916018,0.024880302429199197,1.3137683474731445,-2.7136641967773434,-0.040006940460204865,1.3331764819335938,-2.715115017700195,0.04921711120605446,1.3304228808593752,-2.7138057220458984
nan,nan,nan,-0.08996763080358505,-0.008506971411406994,-0.9959083795547485,-0.048702456057071686,0.46025604009628296,-1.2910966873168945,0.05827019363641739,0.4726092219352722,-1.2929763793945312,0.16672727465629578,0.49849098920822144,-1.2949035167694092,-0.12648844718933105,0.5201999545097351,-1.310621738433838,0.00019377618446014822,0.004844404757022858,-0.001415408682078123,0.0011626571649685502,-0.00019377618446014822,-0.00040440246812067926,-0.004069299902766943,0.0011626571649685502,-0.00020220123406033963,0.003487971378490329,-0.0013564333785325289,0.0010110063012689352,0.0,0.0,0.0,0.0,0.0,0.0,0.0,0.0,0.0,0.0,0.0,0.0,-0.021298757910728435,1.317634300174713,-2.7152118092536925,0.024769229650497417,1.3139747387790681,-2.7133799816131594,-0.03893548090457895,1.3332962297821047,-2.714824325656891,0.04810453481674172,1.3305549215698242,-2.7135208750724793
nan,nan,nan,-0.08971132338047028,-0.008681059814989567,-0.9959299564361572,-0.04867217689752579,0.46022576093673706,-1.2910966873168945,0.05823991447687149,0.4726092219352722,-1.2929763793945312,0.1651225984096527,0.49846071004867554,-1.295029878616333,-0.12573149800300598,0.5201393961906433,-1.3106849193572998,0.003875523805618286,-0.0009688809514045715,-0.0010110063012689352,0.0013564333785325289,-0.0017439856892451644,0.0007077043410390615,-0.006007061805576086,-0.003487971378490329,0.00010110061703016981,-0.0013564333785325289,0.0029066430870443583,-0.00010110061703016981,0.0,0.0,0.0,0.0,0.0,0.0,0.0,0.0,0.0,0.0,0.0,0.0,-0.02120324778556822,1.3178242808914185,-2.7149193796157833,0.024658156871795633,1.3141811300849917,-2.7130957664489745,-0.03786402134895303,1.3334159776306154,-2.7145336336135863,0.04699195842742898,1.3306869622802735,-2.71323602809906
nan,nan,nan,-0.08935832977294922,-0.008970655500888824,-0.9959591627120972,-0.048732735216617584,0.46037715673446655,-1.2910492420196533,0.05820963531732559,0.4726395010948181,-1.2930078506469727,0.16291233897209167,0.49849098920822144,-1.295203685760498,-0.1251865029335022,0.5199577212333679,-1.3107163906097412,-0.0027128667570650578,0.0,0.0009099055896513164,0.0031004189513623714,0.0005813285824842751,0.0010110063012689352,-0.004650628659874201,-0.0021315379999578,-0.001617609872482717,0.0,-0.001937761902809143,-0.00040440246812067926,0.0,0.0,0.0,0.0,0.0,0.0,0.0,0.0,0.0,0.0,0.0,0.0,-0.021107737660408,1.3180142616081238,-2.714626949977875,0.024547084093093852,1.3143875213909149,-2.7128115512847897,-0.03679256179332713,1.333535725479126,-2.714242941570282,0.04587938203811623,1.3308190029907228,-2.712951181125641
nan,nan,nan,-0.08902226388454437,-0.009059065021574497,-0.9959884285926819,-0.048551060259342194,0.46046799421310425,-1.2910807132720947,0.05820963531732559,0.4725183844566345,-1.2930395603179932,0.16158011555671692,0.49846071004867554,-1.2953457832336426,-0.12439929693937302,0.5197760462760925,-1.310732364654541,0.003875523805618286,0.0021315379999578,-0.001516509335488081,0.001937761902809143,-0.0023253143299371004,-0.00040440246812067926,-0.005231957416981459,0.0,0.0021231132559478283,0.0013564333785325289,-0.0036817477084696293,-0.0006066037458367646,0.0,0.0,0.0,0.0,0.0,0.0,0.0,0.0,0.0,0.0,0.0,0.0,-0.021012227535247785,1.3182042423248292,-2.714334520339966,0.02443601131439207,1.3145939126968385,-2.7125273361206053,-0.03572110223770121,1.333655473327637,-2.7139522495269772,0.04476680564880349,1.330951043701172,-2.7126663341522215
nan,nan,nan,-0.08887980133295059,-0.00891899224370718,-0.9960024356842041,-0.04858133941888809,0.46046799421310425,-1.2910807132720947,0.058149076998233795,0.4726092219352722,-1.2930078506469727,0.16127732396125793,0.49849098920822144,-1.2954723834991455,-0.12370290607213974,0.5197154879570007,-1.310732364654541,0.0011626571649685502,0.0021315379999578,-0.0010110063012689352,0.0017439856892451644,0.0009688809514045715,0.001718710525892675,-0.0013564333785325289,0.00038755236892029643,-0.0009099055896513164,0.0023253143299371004,-0.004456852562725544,0.0009099055896513164,0.0,0.0,0.0,0.0,0.0,0.0,0.0,0.0,0.0,0.0,0.0,0.0,-0.020916717410087566,1.3183942230415346,-2.7140420907020566,0.024324938535690285,1.314800304002762,-2.712243120956421,-0.03464964268207529,1.3337752211761476,-2.7136615574836727,0.04365422925949075,1.3310830844116213,-2.7123814871788023
nan,nan,nan,-0.08882513642311096,-0.008899817243218422,-0.99600750207901,-0.048551060259342194,0.46043771505355835,-1.2910807132720947,0.05820963531732559,0.4725789427757263,-1.2930395603179932,0.16112592816352844,0.49852126836776733,-1.2955355644226074,-0.12364234775304794,0.5197760462760925,-1.3107795715332031,0.005231957416981459,-0.0027128667570650578,0.0,0.004650628659874201,-0.004069299902766943,0.0003033018729183823,-0.0031004189513623714,0.0025190904270857573,0.0,-0.0021315379999578,0.0,0.00020220123406033963,0.0,0.0,0.0,0.0,0.0,0.0,0.0,0.0,0.0,0.0,0.0,0.0,-0.02082120728492735,1.3185842037582398,-2.713749661064148,0.024213865756988504,1.3150066953086854,-2.711958905792236,-0.033578183126449376,1.3338949690246582,-2.7133708654403685,0.04254165287017801,1.3312151251220703,-2.712096640205383
nan,nan,nan,-0.0887400209903717,-0.009116425178945065,-0.9960131049156189,-0.048551060259342194,0.46058911085128784,-1.2910807132720947,0.058179356157779694,0.4725789427757263,-1.2930710315704346,0.16009649634361267,0.49849098920822144,-1.2956302165985107,-0.12358178943395615,0.5197457671165466,-1.3108112812042236,0.001937761902809143,0.0007751047378405929,-0.00040440246812067926,-0.0011626571649685502,0.0023253143299371004,0.0003033018729183823,-0.003294195281341672,-0.0025190904270857573,-0.0024264149833470583,0.0013564333785325289,-0.0015502094756811857,0.001415408682078123,0.0,0.0,0.0,0.0,0.0,0.0,0.0,0.0,0.0,0.0,0.0,0.0,-0.02072569715976713,1.318774184474945,-2.713457231426239,0.02410279297828672,1.3152130866146088,-2.7116746906280516,-0.03250672357082346,1.334014716873169,-2.713080173397064,0.04142907648086527,1.3313471658325196,-2.7118117932319636
nan,nan,nan,-0.08852513879537582,-0.009148054756224155,-0.9960319399833679,-0.048520781099796295,0.46058911085128784,-1.2910807132720947,0.058149076998233795,0.4725486636161804,-1.2930710315704346,0.1591276228427887,0.49852126836776733,-1.2956461906433105,-0.12288539856672287,0.5197154879570007,-1.3108429908752441,0.0031004189513623714,-0.0007751047378405929,-0.00040440246812067926,0.0,-0.0007751047378405929,0.001617609872482717,-0.007557271514087915,0.00038755236892029643,-0.0007077043410390615,0.00038755236892029643,-0.001937761902809143,0.00040440246812067926,0.0,0.0,0.0,0.0,0.0,0.0,0.0,0.0,0.0,0.0,0.0,0.0,-0.020630187034606916,1.3189641651916504,-2.71316480178833,0.02399172019958494,1.3154194779205324,-2.711390475463867,-0.03143526401519753,1.3341344647216797,-2.7127894813537594,0.04031650009155249,1.3314792065429688,-2.7115269462585445
nan,nan,nan,-0.08832776546478271,-0.008986195549368858,-0.9960509538650513,-0.0484905019402504,0.46058911085128784,-1.2910807132720947,0.0581187978386879,0.4725789427757263,-1.2930710315704346,0.1584918200969696,0.49852126836776733,-1.2957251071929932,-0.1218256875872612,0.5196549296379089,-1.310906171798706,0.00038755236892029643,-0.0009688809514045715,0.00020220123406033963,0.0031004189513623714,0.0,0.001415408682078123,-0.0005813285824842751,0.0013564333785325289,-0.002830817364156246,0.0025190904270857573,-0.003875523805618286,0.0007077043410390615,0.0,0.0,0.0,0.0,0.0,0.0,0.0,0.0,0.0,0.0,0.0,0.0,-0.020534676909446697,1.3191541459083558,-2.712872372150421,0.023880647420883156,1.3156258692264557,-2.7111062602996823,-0.03036380445957161,1.3342542125701904,-2.7124987893104553,0.039203923702239754,1.331611247253418,-2.7112420992851254
nan,nan,nan,-0.08808055520057678,-0.008958937600255013,-0.9960730671882629,-0.0483996644616127,0.460679829120636,-1.2910966873168945,0.058088518679142,0.4725789427757263,-1.2930710315704346,0.15749266743659973,0.49849098920822144,-1.2957725524902344,-0.12088709324598312,0.519624650478363,-1.3110008239746094,0.0027128667570650578,0.003294195281341672,-0.0009099055896513164,0.001937761902809143,-0.0013564333785325289,0.001314308145083487,-0.006007061805576086,-0.00019377618446014822,-0.00040440246812067926,0.0017439856892451644,-0.001937761902809143,0.00010110061703016981,0.0,0.0,0.0,0.0,0.0,0.0,0.0,0.0,0.0,0.0,0.0,0.0,-0.02043916678428648,1.3193441266250612,-2.7125799425125123,0.023769574642181376,1.3158322605323791,-2.710822045135498,-0.029292344903945694,1.3343739604187013,-2.7122080972671507,0.038091347312927015,1.3317432879638673,-2.7109572523117063
nan,nan,nan,-0.08772028982639313,-0.009258018806576729,-0.9961020946502686,-0.048308826982975006,0.4608009457588196,-1.2910966873168945,0.0580279603600502,0.4725486636161804,-1.2931184768676758,0.155554860830307,0.49849098920822144,-1.2958672046661377,-0.12016042321920395,0.5195339322090149,-1.311079740524292,0.003487971378490329,0.003487971378490329,-0.0010110063012689352,0.0,-0.0029066430870443583,-0.0003033018729183823,-0.006007061805576086,0.0011626571649685502,-0.00010110061703016981,-0.0007751047378405929,-0.0017439856892451644,0.00020220123406033963,0.0,0.0,0.0,0.0,0.0,0.0,0.0,0.0,0.0,0.0,0.0,0.0,-0.020343656659126262,1.3195341073417666,-2.712287512874603,0.023658501863479592,1.3160386518383027,-2.7105378299713134,-0.028220885348319805,1.334493708267212,-2.711917405223846,0.036978770923614276,1.3318753286743163,-2.710672405338287
nan,nan,nan,-0.08734859526157379,-0.009289386682212353,-0.9961345195770264,-0.04827854782342911,0.4608615040779114,-1.2910807132720947,0.0580582395195961,0.4725486636161804,-1.2931501865386963,0.15431347489356995,0.49846071004867554,-1.2959778308868408,-0.11900987476110458,0.5193219780921936,-1.3111114501953125,0.0017439856892451644,0.0015502094756811857,0.001617609872482717,-0.00019377618446014822,-0.0009688809514045715,0.0007077043410390615,-0.0025190904270857573,-0.0007751047378405929,0.0006066037458367646,0.0013564333785325289,-0.003294195281341672,0.00010110061703016981,0.0,0.0,0.0,0.0,0.0,0.0,0.0,0.0,0.0,0.0,0.0,0.0,-0.020248146533966047,1.3197240880584717,-2.7119950832366944,0.02354742908477781,1.3162450431442263,-2.7102536148071286,-0.027149425792693888,1.3346134561157228,-2.711626713180542,0.03586619453430154,1.3320073693847658,-2.710387558364868
nan,nan,nan,-0.0870673805475235,-0.0089406818151474,-0.9961622953414917,-0.048218049108982086,0.4608312249183655,-1.2911124229431152,0.0580279603600502,0.4725789427757263,-1.2931501865386963,0.15401074290275574,0.49836987257003784,-1.2960724830627441,-0.11728405207395554,0.5192916989326477,-1.3111746311187744,-0.00019377618446014822,0.0009688809514045715,-0.001314308145083487,0.0009688809514045715,0.0009688809514045715,0.00020220123406033963,-0.001937761902809143,-0.00019377618446014822,-0.0009099055896513164,0.00038755236892029643,0.0005813285824842751,0.0020220126025378704,0.0,0.0,0.0,0.0,0.0,0.0,0.0,0.0,0.0,0.0,0.0,0.0,-0.020152636408805828,1.319914068775177,-2.711702653598785,0.023436356306076028,1.3164514344501494,-2.709969399642944,-0.026077966237067957,1.3347332039642335,-2.7113360211372375,0.034753618144988785,1.3321394100952149,-2.710102711391449
nan,nan,nan,-0.08683227002620697,-0.008851509541273117,-0.9961836338043213,-0.04815749078989029,0.4608312249183655,-1.291128158569336,0.0580279603600502,0.4725789427757263,-1.2931501865386963,0.15358683466911316,0.49821847677230835,-1.2961673736572266,-0.11610325425863266,0.5193219780921936,-1.3113641738891602,0.0017439856892451644,0.0017439856892451644,-0.0010110063012689352,0.0,-0.004844404757022858,0.0,-0.0007751047378405929,0.0,-0.001415408682078123,0.0,0.0023253143299371004,-0.0005055031506344676,0.0,0.0,0.0,0.0,0.0,0.0,0.0,0.0,0.0,0.0,0.0,0.0,-0.020057126283645612,1.3201040494918823,-2.7114102239608764,0.023325283527374244,1.316657825756073,-2.7096851844787597,-0.02500650668144204,1.3348529518127443,-2.711045329093933,0.033641041755676046,1.3322714508056641,-2.7098178644180297
nan,nan,nan,-0.08663038909435272,-0.009110641665756702,-0.996198832988739,-0.048066653311252594,0.4608615040779114,-1.291128158569336,0.0580279603600502,0.4725486636161804,-1.2931816577911377,0.15273907780647278,0.49821847677230835,-1.2961831092834473,-0.11583074182271957,0.5192311406135559,-1.311490535736084,0.0015502094756811857,0.003294195281341672,-0.001617609872482717,0.0013564333785325289,-0.0011626571649685502,0.001617609872482717,-0.003294195281341672,-0.0017439856892451644,-0.0009099055896513164,-0.00019377618446014822,-0.004069299902766943,0.0010110063012689352,0.0,0.0,0.0,0.0,0.0,0.0,0.0,0.0,0.0,0.0,0.0,0.0,-0.019961616158485393,1.3202940302085877,-2.711117794322967,0.023214210748672463,1.3168642170619966,-2.709400969314575,-0.023935047125816122,1.3349726996612548,-2.710754637050629,0.03252846536636331,1.3324034915161134,-2.7095330174446106
nan,nan,nan,-0.08652833849191666,-0.009143086150288582,-0.9962074160575867,-0.0480060949921608,0.4608917832374573,-1.2911124229431152,0.0580279603600502,0.4725183844566345,-1.293165922164917,0.1522848904132843,0.49821847677230835,-1.2962148189544678,-0.1150737926363945,0.51920086145401,-1.3115854263305664,0.0015502094756811857,-0.00019377618446014822,0.0003033018729183823,0.0,-0.0025190904270857573,-0.00040440246812067926,0.00019377618446014822,0.0013564333785325289,-0.0007077043410390615,0.0015502094756811857,-0.0042630759999156,-0.0012132074916735291,0.0,0.0,0.0,0.0,0.0,0.0,0.0,0.0,0.0,0.0,0.0,0.0,-0.019866106033325177,1.320484010925293,-2.7108253646850584,0.02310313796997068,1.31707060836792,-2.7091167541503904,-0.022863587570190205,1.3350924475097656,-2.710463945007324,0.03141588897705054,1.3325355322265626,-2.7092481704711915
nan,nan,nan,-0.08645682036876678,-0.008844937197864056,-0.996216356754303,-0.0479758158326149,0.4609523415565491,-1.2911124229431152,0.0580279603600502,0.4726395010948181,-1.2931816577911377,0.1522243320941925,0.49815791845321655,-1.2962462902069092,-0.11407463997602463,0.5192614197731018,-1.3116486072540283,0.001937761902809143,0.004650628659874201,0.0007077043410390615,0.0027128667570650578,-0.0011626571649685502,-0.001516509335488081,0.0013564333785325289,0.0,0.0,0.0005813285824842751,-0.0023253143299371004,0.0008088049362413585,0.0,0.0,0.0,0.0,0.0,0.0,0.0,0.0,0.0,0.0,0.0,0.0,-0.01977059590816496,1.3206739916419985,-2.7105329350471496,0.0229920651912689,1.3172769996738434,-2.708832538986206,-0.021792128014564288,1.3352121953582765,-2.7101732529640197,0.030303312587737802,1.3326675729370119,-2.7089633234977724
nan,nan,nan,-0.08637617528438568,-0.008799158968031406,-0.9962237477302551,-0.047945536673069,0.4609220623970032,-1.2911438941955566,0.0580582395195961,0.4726092219352722,-1.293165922164917,0.1519518792629242,0.49815791845321655,-1.2962937355041504,-0.11325716227293015,0.5193219780921936,-1.3117749691009521,0.0021315379999578,0.0017439856892451644,0.00010110061703016981,0.003294195281341672,-0.00038755236892029643,0.0009099055896513164,-0.001937761902809143,0.001937761902809143,0.0009099055896513164,0.0015502094756811857,-0.001937761902809143,-0.00040440246812067926,0.0,0.0,0.0,0.0,0.0,0.0,0.0,0.0,0.0,0.0,0.0,0.0,-0.019675085783004743,1.3208639723587037,-2.7102405054092404,0.022880992412567115,1.317483390979767,-2.708548323822021,-0.020720668458938357,1.3353319432067872,-2.7098825609207156,0.02919073619842505,1.332799613647461,-2.7086784765243532
nan,nan,nan,-0.0860738754272461,-0.009017346426844597,-0.9962479472160339,-0.0478849783539772,0.46098262071609497,-1.2911438941955566,0.0580279603600502,0.4726092219352722,-1.2931816577911377,0.15061965584754944,0.49815791845321655,-1.296309471130371,-0.11271216720342636,0.5192614197731018,-1.3118064403533936,0.0017439856892451644,0.0054257335141301155,-0.0005055031506344676,-0.0005813285824842751,-0.0017439856892451644,0.001516509335488081,-0.00833237636834383,0.0013564333785325289,-0.00040440246812067926,0.0023253143299371004,0.0005813285824842751,0.00010110061703016981,0.0,0.0,0.0,0.0,0.0,0.0,0.0,0.0,0.0,0.0,0.0,0.0,-0.019579575657844524,1.321053953075409,-2.7099480757713317,0.022769919633865335,1.3176897822856906,-2.7082641086578367,-0.01964920890331244,1.3354516910552978,-2.7095918688774105,0.02807815980911231,1.3329316543579104,-2.7083936295509337
nan,nan,nan,-0.08565730601549149,-0.008970278315246105,-0.9962843060493469,-0.04770330339670181,0.46098262071609497,-1.2911598682403564,0.0580279603600502,0.4725789427757263,-1.2932133674621582,0.14946910738945007,0.49815791845321655,-1.2963411808013916,-0.11104690283536911,0.5191100239753723,-1.3118538856506348,0.004844404757022858,-0.0007751047378405929,-0.001718710525892675,0.0023253143299371004,-0.0017439856892451644,0.001718710525892675,-0.0011626571649685502,0.0015502094756811857,-0.0008088049362413585,0.005619509611278772,-0.006007061805576086,0.00010110061703016981,0.0,0.0,0.0,0.0,0.0,0.0,0.0,0.0,0.0,0.0,0.0,0.0,-0.019484065532684305,1.3212439337921142,-2.709655646133423,0.02265884685516355,1.3178961735916137,-2.7079798934936523,-0.01857774934768655,1.3355714389038087,-2.7093011768341064,0.02696558341979957,1.3330636950683594,-2.7081087825775145
nan,nan,nan,-0.08526406437158585,-0.008680521510541439,-0.9963205456733704,-0.04770330339670181,0.4609220623970032,-1.2912070751190186,0.057937122881412506,0.4726092219352722,-1.293229103088379,0.1484093964099884,0.49800652265548706,-1.2964043617248535,-0.10871552675962448,0.5190191864967346,-1.312011957168579,0.0007751047378405929,-0.0007751047378405929,-0.0012132074916735291,0.0,-0.001937761902809143,0.0005055031506344676,-0.0036817477084696293,-0.0023253143299371004,-0.0010110063012689352,-0.00019377618446014822,-0.0007751047378405929,-0.0023253143299371004,0.0,0.0,0.0,0.0,0.0,0.0,0.0,0.0,0.0,0.0,0.0,0.0,-0.01938855540752409,1.3214339145088196,-2.7093632164955137,0.02254777407646177,1.3181025648975373,-2.7076956783294674,-0.017506289792060634,1.3356911867523196,-2.709010484790802,0.025853007030486833,1.3331957357788087,-2.707823935604095
nan,nan,nan,-0.08489274978637695,-0.00873105600476265,-0.9963518381118774,-0.047673024237155914,0.4609523415565491,-1.2912230491638184,0.05781600624322891,0.472669780254364,-1.2932133674621582,0.14674410223960876,0.49803680181503296,-1.2964832782745361,-0.10747414082288742,0.5188375115394592,-1.312138319015503,-0.00019377618446014822,0.0011626571649685502,-0.0010110063012689352,0.0011626571649685502,-0.00038755236892029643,0.0018198111793026328,-0.004650628659874201,-0.00019377618446014822,-0.001718710525892675,0.00019377618446014822,-0.0005813285824842751,0.001314308145083487,0.0,0.0,0.0,0.0,0.0,0.0,0.0,0.0,0.0,0.0,0.0,0.0,-0.01929304528236387,1.321623895225525,-2.709070786857605,0.022436701297759987,1.318308956203461,-2.707411463165283,-0.016434830236434717,1.33581093460083,-2.7087197927474973,0.024740430641174094,1.333327776489258,-2.707539088630676
nan,nan,nan,-0.08445657044649124,-0.009148584678769112,-0.9963851571083069,-0.047491349279880524,0.46107345819473267,-1.2912070751190186,0.05772516876459122,0.4725486636161804,-1.2932765483856201,0.1451091468334198,0.49806708097457886,-1.2965307235717773,-0.10650526732206345,0.5184741616249084,-1.3122172355651855,0.0013564333785325289,0.0015502094756811857,-0.0010110063012689352,0.0,-0.0031004189513623714,-0.00010110061703016981,-0.003294195281341672,0.0015502094756811857,0.00020220123406033963,0.004456852562725544,-0.0042630759999156,0.0022242136765271425,0.0,0.0,0.0,0.0,0.0,0.0,0.0,0.0,0.0,0.0,0.0,0.0,-0.019197535157203655,1.3218138759422304,-2.708778357219696,0.022325628519058203,1.3185153475093843,-2.7071272480010986,-0.015363370680808786,1.3359306824493409,-2.708429100704193,0.02362785425186134,1.3334598171997072,-2.7072542416572567
nan,nan,nan,-0.08397766202688217,-0.009109876118600368,-0.996425986289978,-0.04730967432260513,0.46113401651382446,-1.2912070751190186,0.05772516876459122,0.4725183844566345,-1.2933239936828613,0.14423111081123352,0.49803680181503296,-1.2965939044952393,-0.105082206428051,0.5181109309196472,-1.3123118877410889,0.0005813285824842751,-0.0007751047378405929,-0.00040440246812067926,-0.0005813285824842751,0.0,0.0010110063012689352,-0.0009688809514045715,0.0,-0.001415408682078123,0.0042630759999156,-0.00038755236892029643,-0.001516509335488081,0.0,0.0,0.0,0.0,0.0,0.0,0.0,0.0,0.0,0.0,0.0,0.0,-0.019102025032043436,1.3220038566589356,-2.708485927581787,0.022214555740356422,1.3187217388153076,-2.7068430328369137,-0.014291911125182868,1.3360504302978518,-2.708138408660888,0.022515277862548574,1.3335918579101564,-2.7069693946838376
nan,nan,nan,-0.08364319801330566,-0.008795092813670635,-0.9964569807052612,-0.04721883684396744,0.46113401651382446,-1.291238784790039,0.05766461044549942,0.4726092219352722,-1.2933239936828613,0.14335301518440247,0.49797624349594116,-1.2966570854187012,-0.10359861701726913,0.51786869764328,-1.31235933303833,-0.00038755236892029643,-0.0009688809514045715,-0.0010110063012689352,-0.0011626571649685502,-0.00038755236892029643,0.0006066037458367646,-0.004069299902766943,-0.0009688809514045715,0.0005055031506344676,0.0031004189513623714,-0.0027128667570650578,0.001516509335488081,0.0,0.0,0.0,0.0,0.0,0.0,0.0,0.0,0.0,0.0,0.0,0.0,-0.01900651490688322,1.322193837375641,-2.7081934979438778,0.02210348296165464,1.3189281301212312,-2.7065588176727293,-0.013220451569556951,1.3361701781463624,-2.707847716617584,0.021402701473235836,1.3337238986206055,-2.7066845477104184
nan,nan,nan,-0.08342786133289337,-0.008854633197188377,-0.9964745044708252,-0.04718855768442154,0.46125513315200806,-1.291238784790039,0.05763433128595352,0.4726092219352722,-1.293339729309082,0.1422933042049408,0.49800652265548706,-1.2967991828918457,-0.10284166783094406,0.5177778601646423,-1.3124699592590332,0.0017439856892451644,0.0009688809514045715,-0.00010110061703016981,0.0017439856892451644,-0.001937761902809143,-0.0009099055896513164,-0.003875523805618286,0.001937761902809143,-0.001718710525892675,0.0029066430870443583,-0.0009688809514045715,-0.001718710525892675,0.0,0.0,0.0,0.0,0.0,0.0,0.0,0.0,0.0,0.0,0.0,0.0,-0.018911004781723,1.3223838180923462,-2.7079010683059694,0.021992410182952858,1.3191345214271546,-2.706274602508545,-0.012148992013931034,1.336289925994873,-2.70755702457428,0.020290125083923097,1.3338559393310547,-2.7063997007369993
nan,nan,nan,-0.08318156003952026,-0.009151660837233067,-0.9964923858642578,-0.04709777981042862,0.46143680810928345,-1.291238784790039,0.05766461044549942,0.4725183844566345,-1.2933554649353027,0.14120331406593323,0.49803680181503296,-1.2968623638153076,-0.10253890603780746,0.5176264643669128,-1.3125331401824951,0.001937761902809143,0.001937761902809143,-0.001415408682078123,0.003294195281341672,-0.006007061805576086,0.001516509335488081,-0.003294195281341672,-0.0009688809514045715,-0.001516509335488081,-0.0007751047378405929,-0.001937761902809143,-0.001415408682078123,0.0,0.0,0.0,0.0,0.0,0.0,0.0,0.0,0.0,0.0,0.0,0.0,-0.018815494656562785,1.3225737988090516,-2.7076086386680602,0.021881337404251074,1.3193409127330782,-2.70599038734436,-0.011077532458305117,1.336409673843384,-2.707266332530975,0.019177548694610358,1.333987980041504,-2.70611485376358
nan,nan,nan,-0.08292403817176819,-0.009187459945678711,-0.9965135455131531,-0.04706750065088272,0.46149736642837524,-1.291238784790039,0.05760405212640762,0.4725486636161804,-1.293402910232544,0.13993164896965027,0.49800652265548706,-1.2969255447387695,-0.10163059085607529,0.5173842310905457,-1.3125331401824951,0.00038755236892029643,0.001937761902809143,-0.0003033018729183823,0.0009688809514045715,-0.004650628659874201,0.0010110063012689352,-0.0058132861740887165,-0.0017439856892451644,0.0,0.00038755236892029643,-0.003875523805618286,0.001415408682078123,0.0,0.0,0.0,0.0,0.0,0.0,0.0,0.0,0.0,0.0,0.0,0.0,-0.018719984531402566,1.322763779525757,-2.707316209030151,0.021770264625549294,1.3195473040390016,-2.7057061721801756,-0.010006072902679214,1.3365294216918946,-2.706975640487671,0.018064972305297605,1.3341200207519532,-2.705830006790161
nan,nan,nan,-0.08262737840414047,-0.009076475165784359,-0.9965391755104065,-0.04703722149133682,0.46149736642837524,-1.2912545204162598,0.057573772966861725,0.4726395010948181,-1.2934343814849854,0.1383269727230072,0.49797624349594116,-1.297194242477417,-0.10051032155752182,0.5171722769737244,-1.3125805854797363,0.0017439856892451644,0.0025190904270857573,0.0,0.0027128667570650578,0.0,-0.0018198111793026328,-0.003875523805618286,-0.0036817477084696293,-0.001718710525892675,0.0023253143299371004,-0.0007751047378405929,0.0,0.0,0.0,0.0,0.0,0.0,0.0,0.0,0.0,0.0,0.0,0.0,0.0,-0.01862447440624235,1.3229537602424624,-2.7070237793922427,0.02165919184684751,1.3197536953449251,-2.705421957015991,-0.008934613347053297,1.3366491695404052,-2.7066849484443667,0.016952395915984866,1.3342520614624025,-2.705545159816742
nan,nan,nan,-0.08239448070526123,-0.009156329557299614,-0.9965577125549316,-0.047006942331790924,0.46155792474746704,-1.2912702560424805,0.05745265632867813,0.4726092219352722,-1.2934186458587646,0.13702502846717834,0.49803680181503296,-1.297541618347168,-0.10017725080251694,0.5169300436973572,-1.312596321105957,0.001937761902809143,0.003487971378490329,-0.0007077043410390615,0.0005813285824842751,-0.0015502094756811857,0.00010110061703016981,-0.0015502094756811857,0.001937761902809143,-0.0012132074916735291,-0.0031004189513623714,-0.0005813285824842751,-0.00040440246812067926,0.0,0.0,0.0,0.0,0.0,0.0,0.0,0.0,0.0,0.0,0.0,0.0,-0.01852896428108213,1.3231437409591675,-2.7067313497543335,0.02154811906814573,1.3199600866508485,-2.7051377418518063,-0.00786315379142738,1.3367689173889161,-2.7063942564010617,0.015839819526672128,1.3343841021728515,-2.705260312843323
nan,nan,nan,-0.08215013146400452,-0.009396063163876534,-0.996575653553009,-0.04694638401269913,0.46173959970474243,-1.291238784790039,0.05742243677377701,0.4725486636161804,-1.2934818267822266,0.1354505717754364,0.49806708097457886,-1.2978103160858154,-0.09999560564756393,0.51668781042099,-1.312596321105957,0.004844404757022858,0.0005813285824842751,0.001617609872482717,0.001937761902809143,0.00019377618446014822,0.0008088049362413585,-0.004069299902766943,0.0,-0.001718710525892675,0.003875523805618286,-0.00019377618446014822,0.0005055031506344676,0.0,0.0,0.0,0.0,0.0,0.0,0.0,0.0,0.0,0.0,0.0,0.0,-0.018433454155921916,1.323333721675873,-2.7064389201164243,0.021437046289443946,1.3201664779567719,-2.704853526687622,-0.006791694235801463,1.336888665237427,-2.7061035643577576,0.014727243137359361,1.334516142883301,-2.7049754658699037
nan,nan,nan,-0.08180881291627884,-0.009457523003220558,-0.9966031908988953,-0.04691610485315323,0.4618605971336365,-1.2912702560424805,0.05739215761423111,0.4724881052970886,-1.293513536453247,0.13411840796470642,0.49809736013412476,-1.2980945110321045,-0.09926893562078476,0.5164455771446228,-1.3126120567321777,-0.0007751047378405929,0.0,0.0,-0.0005813285824842751,-0.001937761902809143,0.0008088049362413585,-0.0042630759999156,0.004844404757022858,-0.001415408682078123,-0.0005813285824842751,-0.001937761902809143,0.0,0.0,0.0,0.0,0.0,0.0,0.0,0.0,0.0,0.0,0.0,0.0,0.0,-0.018337944030761697,1.323523702392578,-2.7061464904785155,0.021325973510742162,1.3203728692626955,-2.7045693115234375,-0.0057202346801755455,1.3370084130859374,-2.705812872314453,0.013614666748046622,1.33464818359375,-2.7046906188964845
nan,nan,nan,-0.08168523758649826,-0.009245122782886028,-0.9966152906417847,-0.046794988214969635,0.4618908762931824,-1.2912702560424805,0.05736187845468521,0.4725789427757263,-1.293513536453247,0.13372477889060974,0.49803680181503296,-1.2984578609466553,-0.09845142811536789,0.5163547396659851,-1.3126120567321777,0.004456852562725544,-0.0027128667570650578,0.0007077043410390615,0.00038755236892029643,-0.00038755236892029643,0.0003033018729183823,-0.0025190904270857573,0.0,-0.0020220126025378704,0.0007751047378405929,-0.001937761902809143,0.00010110061703016981,0.0,0.0,0.0,0.0,0.0,0.0,0.0,0.0,0.0,0.0,0.0,0.0,-0.01824243390560148,1.3237136831092835,-2.7058540608406068,0.02121490073204038,1.3205792605686189,-2.7042850963592526,-0.0046487751245496145,1.3371281609344483,-2.7055221802711484,0.01250209035873387,1.3347802243041993,-2.704405771923065
nan,nan,nan,-0.08162461221218109,-0.009149244986474514,-0.9966211318969727,-0.046794988214969635,0.46195143461227417,-1.2912862300872803,0.05739215761423111,0.4725789427757263,-1.2935450077056885,0.13305869698524475,0.49803680181503296,-1.2989001274108887,-0.0979972705245018,0.5163547396659851,-1.3126280307769775,0.0013564333785325289,0.004069299902766943,-0.0010110063012689352,0.0017439856892451644,-0.0029066430870443583,-0.0020220126025378704,-0.0027128667570650578,0.001937761902809143,-0.0009099055896513164,-0.0023253143299371004,-0.0023253143299371004,0.0011121068382635713,0.0,0.0,0.0,0.0,0.0,0.0,0.0,0.0,0.0,0.0,0.0,0.0,-0.018146923780441263,1.323903663825989,-2.7055616312026975,0.021103827953338598,1.3207856518745422,-2.704000881195068,-0.0035773155689236974,1.337247908782959,-2.7052314882278443,0.01138951396942113,1.3349122650146485,-2.704120924949646
nan,nan,nan,-0.08154125511646271,-0.009341606870293617,-0.9966261982917786,-0.04673442989587784,0.46201199293136597,-1.2912545204162598,0.05733159929513931,0.4725789427757263,-1.293513536453247,0.13172647356987,0.49806708097457886,-1.2993266582489014,-0.0979669913649559,0.516385018825531,-1.312659502029419,0.0015502094756811857,0.0023253143299371004,0.0005055031506344676,-0.003294195281341672,-0.001937761902809143,0.001415408682078123,-0.006007061805576086,0.0021315379999578,-0.001617609872482717,-0.0021315379999578,0.0007751047378405929,0.0012132074916735291,0.0,0.0,0.0,0.0,0.0,0.0,0.0,0.0,0.0,0.0,0.0,0.0,-0.018051413655281047,1.3240936445426943,-2.705269201564789,0.020992755174636817,1.3209920431804658,-2.703716666030884,-0.0025058560132977803,1.3373676566314698,-2.7049407961845398,0.010276937580108392,1.3350443057250978,-2.7038360779762267
nan,nan,nan,-0.08144012838602066,-0.00941548403352499,-0.996633768081665,-0.04670415073633194,0.46210283041000366,-1.2912545204162598,0.05736187845468521,0.4725486636161804,-1.2935292720794678,0.13075760006904602,0.49803680181503296,-1.2996110916137695,-0.09760367125272751,0.5163244605064392,-1.3126912117004395,0.0017439856892451644,0.0009688809514045715,0.00010110061703016981,-0.00019377618446014822,-0.0005813285824842751,0.0020220126025378704,-0.0013564333785325289,0.0011626571649685502,-0.0021231132559478283,-0.0007751047378405929,0.0007751047378405929,-0.0005055031506344676,0.0,0.0,0.0,0.0,0.0,0.0,0.0,0.0,0.0,0.0,0.0,0.0,-0.017955903530120828,1.3242836252593995,-2.70497677192688,0.020881682395935033,1.3211984344863892,-2.703432450866699,-0.001434396457671891,1.3374874044799805,-2.704650104141235,0.009164361190795653,1.3351763464355468,-2.703551231002807
nan,nan,nan,-0.08131618052721024,-0.00922735407948494,-0.9966456294059753,-0.04664359241724014,0.46207255125045776,-1.2912702560424805,0.05736187845468521,0.4726092219352722,-1.2935450077056885,0.13033369183540344,0.49803680181503296,-1.299705982208252,-0.09696783870458603,0.5162639021873474,-1.3126912117004395,0.0031004189513623714,-0.0029066430870443583,0.0,0.0013564333785325289,0.00019377618446014822,0.0007077043410390615,-0.003875523805618286,0.001937761902809143,-0.0007077043410390615,0.0,-0.0021315379999578,0.0007077043410390615,0.0,0.0,0.0,0.0,0.0,0.0,0.0,0.0,0.0,0.0,0.0,0.0,-0.017860393404960612,1.3244736059761049,-2.704684342288971,0.020770609617233253,1.3214048257923128,-2.7031482357025145,-0.00036293690204597384,1.3376071523284914,-2.704359412097931,0.008051784801482914,1.335308387145996,-2.703266384029388
nan,nan,nan,-0.08126046508550644,-0.009129299782216549,-0.9966511130332947,-0.046613313257694244,0.46219366788864136,-1.2912862300872803,0.057301320135593414,0.4726092219352722,-1.2935607433319092,0.12994006276130676,0.49797624349594116,-1.2998323440551758,-0.09651368111371994,0.5162639021873474,-1.3127226829528809,0.003294195281341672,0.0023253143299371004,-0.0010110063012689352,0.00038755236892029643,-0.001937761902809143,-0.0012132074916735291,-0.006200837902724743,-0.001937761902809143,-0.0020220126025378704,0.003487971378490329,-0.0031004189513623714,-0.001415408682078123,0.0,0.0,0.0,0.0,0.0,0.0,0.0,0.0,0.0,0.0,0.0,0.0,-0.017764883279800393,1.32466358669281,-2.704391912651062,0.02065953683853147,1.3216112170982361,-2.70286402053833,0.0007085226535799571,1.337726900177002,-2.7040687200546265,0.006939208412170161,1.3354404278564453,-2.7029815370559693
nan,nan,nan,-0.08115892112255096,-0.00932224839925766,-0.9966575503349304,-0.04670415073633194,0.46240562200546265,-1.2912702560424805,0.05736187845468521,0.4725789427757263,-1.2935607433319092,0.12933453917503357,0.49800652265548706,-1.2999744415283203,-0.09651368111371994,0.5162639021873474,-1.3127543926239014,-0.0013564333785325289,0.001937761902809143,-0.0008088049362413585,0.0029066430870443583,-0.0009688809514045715,-0.0007077043410390615,-0.004069299902766943,-0.0023253143299371004,-0.0020220126025378704,0.0007751047378405929,0.0009688809514045715,0.0003033018729183823,0.0,0.0,0.0,0.0,0.0,0.0,0.0,0.0,0.0,0.0,0.0,0.0,-0.017669373154640178,1.3248535674095154,-2.704099483013153,0.02054846405982969,1.3218176084041597,-2.702579805374145,0.0017799822092058604,1.3378466480255127,-2.703778028011322,0.005826632022857409,1.3355724685668946,-2.7026966900825498
nan,nan,nan,-0.08101000636816025,-0.009357543662190437,-0.996669352054596,-0.04664359241724014,0.46261757612228394,-1.2912702560424805,0.05736187845468521,0.4725486636161804,-1.293576717376709,0.1287592351436615,0.49803680181503296,-1.3000218868255615,-0.09612008184194565,0.5161730647087097,-1.3127858638763428,0.0027128667570650578,0.004844404757022858,-0.00020220123406033963,0.0031004189513623714,-0.0015502094756811857,0.0,-0.0031004189513623714,-0.0011626571649685502,-0.0005055031506344676,0.0027128667570650578,0.0,0.00020220123406033963,0.0,0.0,0.0,0.0,0.0,0.0,0.0,0.0,0.0,0.0,0.0,0.0,-0.01757386302947996,1.3250435481262208,-2.703807053375244,0.020437391281127905,1.322023999710083,-2.702295590209961,0.0028514417648317913,1.3379663958740236,-2.703487335968018,0.004714055633544656,1.3357045092773439,-2.7024118431091306
nan,nan,nan,-0.08087815344333649,-0.00912286527454853,-0.9966822266578674,-0.046613313257694244,0.46261757612228394,-1.2912702560424805,0.05733159929513931,0.4726092219352722,-1.2935924530029297,0.1284565031528473,0.49806708097457886,-1.3001322746276855,-0.09536313265562057,0.5161427855491638,-1.3128175735473633,0.001937761902809143,-0.0007751047378405929,0.0005055031506344676,0.00038755236892029643,-0.00038755236892029643,-0.001516509335488081,-0.0015502094756811857,0.0029066430870443583,-0.0020220126025378704,0.0031004189513623714,-0.0015502094756811857,0.00010110061703016981,0.0,0.0,0.0,0.0,0.0,0.0,0.0,0.0,0.0,0.0,0.0,0.0,-0.017478352904319743,1.3252335288429262,-2.703514623737335,0.02032631850242612,1.3222303910160065,-2.7020113750457764,0.003922901320457722,1.3380861437225342,-2.703196643924713,0.0036014792442319032,1.335836549987793,-2.7021269961357115
nan,nan,nan,-0.08079300075769424,-0.009001577273011208,-0.9966902732849121,-0.04667387157678604,0.46267813444137573,-1.291301965713501,0.057301320135593414,0.4726395010948181,-1.2935450077056885,0.1280325949192047,0.49800652265548706,-1.3002746105194092,-0.09478785842657089,0.5161730647087097,-1.312896490097046,-0.0015502094756811857,0.004069299902766943,-0.0007077043410390615,-0.0005813285824842751,0.0007751047378405929,0.0010110063012689352,-0.001937761902809143,-0.0017439856892451644,-0.0010110063012689352,0.00038755236892029643,0.0,0.00020220123406033963,0.0,0.0,0.0,0.0,0.0,0.0,0.0,0.0,0.0,0.0,0.0,0.0,-0.017382842779159524,1.3254235095596316,-2.703222194099426,0.02021524572372434,1.32243678232193,-2.7017271598815915,0.004994360876083612,1.338205891571045,-2.7029059518814087,0.0024889028549191783,1.3359685906982424,-2.7018421491622924
nan,nan,nan,-0.08066283911466599,-0.009168319404125214,-0.9966992735862732,-0.04655275493860245,0.4627689719200134,-1.291301965713501,0.057301320135593414,0.4726092219352722,-1.2935450077056885,0.12727567553520203,0.49800652265548706,-1.3003852367401123,-0.09424286335706711,0.5162033438682556,-1.3130228519439697,0.003875523805618286,0.0029066430870443583,-0.0010110063012689352,0.0,0.001937761902809143,-0.0003033018729183823,-0.0007751047378405929,-0.0015502094756811857,-0.0006066037458367646,-0.0007751047378405929,0.0009688809514045715,-0.001617609872482717,0.0,0.0,0.0,0.0,0.0,0.0,0.0,0.0,0.0,0.0,0.0,0.0,-0.01728733265399931,1.3256134902763368,-2.7029297644615173,0.020104172945022557,1.3226431736278534,-2.701442944717407,0.006065820431709543,1.3383256394195557,-2.702615259838104,0.0013763264656064256,1.3361006314086916,-2.7015573021888732
nan,nan,nan,-0.08038366585969925,-0.009283022955060005,-0.9967207908630371,-0.04652247577905655,0.4628598093986511,-1.2912702560424805,0.057301320135593414,0.4726395010948181,-1.2935607433319092,0.12642791867256165,0.49803680181503296,-1.3004484176635742,-0.09345563501119614,0.516082227230072,-1.3131334781646729,0.001937761902809143,0.001937761902809143,0.0007077043410390615,0.0,0.0,0.0010110063012689352,-0.0021315379999578,-0.0005813285824842751,-0.0006066037458367646,0.003487971378490329,-0.00038755236892029643,-0.001516509335488081,0.0,0.0,0.0,0.0,0.0,0.0,0.0,0.0,0.0,0.0,0.0,0.0,-0.01719182252883909,1.3258034709930422,-2.702637334823608,0.019993100166320776,1.322849564933777,-2.7011587295532227,0.007137279987335446,1.3384453872680666,-2.7023245677947996,0.0002637500762937006,1.3362326721191407,-2.701272455215454
nan,nan,nan,-0.08014648407697678,-0.00909637100994587,-0.9967415928840637,-0.04637107998132706,0.4629203677177429,-1.2913177013397217,0.057271040976047516,0.4726395010948181,-1.2935607433319092,0.12609484791755676,0.49803680181503296,-1.3004798889160156,-0.09227483719587326,0.516082227230072,-1.3131966590881348,0.0013564333785325289,0.0009688809514045715,-0.0027297167107462883,-0.0009688809514045715,-0.0009688809514045715,0.0009099055896513164,-0.00038755236892029643,0.0029066430870443583,-0.0007077043410390615,0.0,0.00038755236892029643,0.0,0.0,0.0,0.0,0.0,0.0,0.0,0.0,0.0,0.0,0.0,0.0,0.0,-0.01709631240367887,1.3259934517097474,-2.7023449051856994,0.019882027387618992,1.3230559562397004,-2.700874514389038,0.008208739542961377,1.3385651351165773,-2.7020338757514955,-0.0008488263130190521,1.33636471282959,-2.700987608242035
nan,nan,nan,-0.0800272598862648,-0.008888719603419304,-0.9967530369758606,-0.04634080082178116,0.4629506468772888,-1.2913177013397217,0.057271040976047516,0.4727000594139099,-1.2935607433319092,0.12591317296028137,0.49800652265548706,-1.3005430698394775,-0.09142705053091049,0.5159913897514343,-1.313244104385376,-0.0021315379999578,0.001937761902809143,-0.0012132074916735291,0.001937761902809143,-0.0009688809514045715,0.0009099055896513164,0.00038755236892029643,0.0017439856892451644,-0.0012132074916735291,-0.0031004189513623714,-0.004456852562725544,0.00010110061703016981,0.0,0.0,0.0,0.0,0.0,0.0,0.0,0.0,0.0,0.0,0.0,0.0,-0.017000802278518655,1.3261834324264528,-2.7020524755477906,0.019770954608917212,1.323262347545624,-2.7005902992248534,0.009280199098587294,1.338684882965088,-2.701743183708191,-0.001961402702331805,1.3364967535400392,-2.700702761268616
nan,nan,nan,-0.0799090787768364,-0.008961228653788567,-0.9967618584632874,-0.04624996334314346,0.4629809260368347,-1.2913177013397217,0.057271040976047516,0.4727303385734558,-1.2935607433319092,0.1254589855670929,0.49803680181503296,-1.3005905151367188,-0.09118484705686569,0.5159913897514343,-1.3132755756378174,0.001937761902809143,-0.0009688809514045715,-0.0010110063012689352,0.001937761902809143,0.0013564333785325289,0.0011121068382635713,-0.0007751047378405929,0.0017439856892451644,-0.0009099055896513164,0.0,0.0007751047378405929,0.0009099055896513164,0.0,0.0,0.0,0.0,0.0,0.0,0.0,0.0,0.0,0.0,0.0,0.0,-0.016905292153358436,1.3263734131431582,-2.7017600459098814,0.019659881830215428,1.3234687388515474,-2.700306084060669,0.010351658654213197,1.3388046308135988,-2.7014524916648863,-0.0030739790916445575,1.3366287942504884,-2.7004179142951963
nan,nan,nan,-0.07977280765771866,-0.009128202684223652,-0.9967712759971619,-0.04615912586450577,0.4631626009941101,-1.2913177013397217,0.057271040976047516,0.4726092219352722,-1.293576717376709,0.1249442920088768,0.49803680181503296,-1.3006219863891602,-0.0909123346209526,0.5159005522727966,-1.313291311264038,0.0021315379999578,0.003487971378490329,-0.0010110063012689352,0.0013564333785325289,-0.003875523805618286,0.0009099055896513164,-0.0013564333785325289,0.0,-0.0007077043410390615,0.0009688809514045715,0.0027128667570650578,0.0011121068382635713,0.0,0.0,0.0,0.0,0.0,0.0,0.0,0.0,0.0,0.0,0.0,0.0,-0.01680978202819822,1.3265633938598635,-2.7014676162719726,0.019548809051513644,1.3236751301574707,-2.700021868896484,0.011423118209839128,1.3389243786621094,-2.7011617996215818,-0.00418655548095731,1.3367608349609377,-2.700133067321777
nan,nan,nan,-0.0795915424823761,-0.009022360667586327,-0.9967867136001587,-0.04612884670495987,0.4631626009941101,-1.2913334369659424,0.05724076181650162,0.472669780254364,-1.2935924530029297,0.12442954629659653,0.49803680181503296,-1.3006536960601807,-0.09012510627508163,0.5157188773155212,-1.3133387565612793,0.0017439856892451644,-0.0005813285824842751,-0.001415408682078123,0.0023253143299371004,0.0005813285824842751,-0.0005055031506344676,-0.006007061805576086,0.0,0.0005055031506344676,0.0017439856892451644,-0.0007751047378405929,-0.0011121068382635713,0.0,0.0,0.0,0.0,0.0,0.0,0.0,0.0,0.0,0.0,0.0,0.0,-0.016714271903038,1.3267533745765687,-2.701175186634064,0.019437736272811864,1.3238815214633943,-2.6997376537322997,0.012494577765465031,1.33904412651062,-2.7008711075782776,-0.005299131870270035,1.3368928756713867,-2.699848220348358
nan,nan,nan,-0.07947301119565964,-0.00883570034056902,-0.9967978596687317,-0.04609856754541397,0.463192880153656,-1.2913334369659424,0.05724076181650162,0.4727303385734558,-1.293576717376709,0.12418737262487411,0.49803680181503296,-1.3007326126098633,-0.08927734941244125,0.5156583189964294,-1.3133544921875,0.0017439856892451644,0.001937761902809143,0.0008088049362413585,0.0025190904270857573,0.0027128667570650578,0.00010110061703016981,-0.004844404757022858,0.003487971378490329,-0.0008088049362413585,0.0025190904270857573,-0.0011626571649685502,-0.001415408682078123,0.0,0.0,0.0,0.0,0.0,0.0,0.0,0.0,0.0,0.0,0.0,0.0,-0.016618761777877786,1.3269433552932741,-2.7008827569961547,0.01932666349411008,1.3240879127693177,-2.6994534385681153,0.013566037321090949,1.339163874359131,-2.700580415534973,-0.006411708259582788,1.3370249163818362,-2.699563373374939
nan,nan,nan,-0.0793871060013771,-0.008895381353795528,-0.9968041777610779,-0.04609856754541397,0.4632837176322937,-1.2913494110107422,0.05724076181650162,0.4727303385734558,-1.2935924530029297,0.12367262691259384,0.49806708097457886,-1.3007957935333252,-0.08882319182157516,0.5155977606773376,-1.3133544921875,-0.0009688809514045715,0.001937761902809143,0.00010110061703016981,0.004456852562725544,0.00019377618446014822,-0.0009099055896513164,-0.0031004189513623714,0.003487971378490329,-0.0012132074916735291,0.003875523805618286,-0.0005813285824842751,0.0006066037458367646,0.0,0.0,0.0,0.0,0.0,0.0,0.0,0.0,0.0,0.0,0.0,0.0,-0.016523251652717567,1.3271333360099793,-2.700590327358246,0.0192155907154083,1.324294304075241,-2.6991692234039304,0.01463749687671688,1.3392836222076416,-2.7002897234916685,-0.007524284648895541,1.3371569570922852,-2.6992785264015198
nan,nan,nan,-0.07914746552705765,-0.009088641032576561,-0.9968214631080627,-0.046038009226322174,0.4634048342704773,-1.2913494110107422,0.05714992433786392,0.472669780254364,-1.293576717376709,0.12285514920949936,0.49806708097457886,-1.3008275032043457,-0.08861123770475388,0.5153555274009705,-1.3133704662322998,0.0011626571649685502,-0.0009688809514045715,0.00020220123406033963,-0.00038755236892029643,-0.001937761902809143,0.001516509335488081,-0.0015502094756811857,0.0011626571649685502,-0.0010110063012689352,0.0,-0.0036817477084696293,-0.00040440246812067926,0.0,0.0,0.0,0.0,0.0,0.0,0.0,0.0,0.0,0.0,0.0,0.0,-0.01642774152755735,1.3273233167266847,-2.700297897720337,0.019104517936706516,1.3245006953811647,-2.698885008239746,0.015708956432342783,1.3394033700561525,-2.699999031448364,-0.008636861038208266,1.3372889978027345,-2.6989936794281006
nan,nan,nan,-0.07876443862915039,-0.008887444622814655,-0.9968536496162415,-0.04585639387369156,0.4636773467063904,-1.2913808822631836,0.05714992433786392,0.4727000594139099,-1.2935924530029297,0.12203767150640488,0.49803680181503296,-1.300874948501587,-0.08736985176801682,0.515052855014801,-1.3133862018585205,-0.0009688809514045715,0.0011626571649685502,-0.00040440246812067926,0.0029066430870443583,-0.0027128667570650578,0.00010110061703016981,0.0,-0.0013564333785325289,-0.0018198111793026328,0.0029066430870443583,0.0025190904270857573,-0.0005055031506344676,0.0,0.0,0.0,0.0,0.0,0.0,0.0,0.0,0.0,0.0,0.0,0.0,-0.016332231402397132,1.32751329744339,-2.700005468082428,0.018993445158004735,1.324707086687088,-2.6986007930755616,0.016780415987968714,1.3395231179046632,-2.69970833940506,-0.009749437427521032,1.3374210385131837,-2.698708832454681
nan,nan,nan,-0.07870979607105255,-0.008830026723444462,-0.9968584775924683,-0.04579583555459976,0.4636470675468445,-1.2913966178894043,0.057119645178318024,0.4727000594139099,-1.2935924530029297,0.12188627570867538,0.49806708097457886,-1.300858974456787,-0.08703681081533432,0.5149014592170715,-1.3133862018585205,0.0021315379999578,-0.0007751047378405929,-0.0011121068382635713,0.001937761902809143,0.0,0.0,-0.0029066430870443583,0.001937761902809143,-0.00020220123406033963,0.001937761902809143,-0.0058132861740887165,-0.00010110061703016981,0.0,0.0,0.0,0.0,0.0,0.0,0.0,0.0,0.0,0.0,0.0,0.0,-0.016236721277236917,1.3277032781600955,-2.6997130384445187,0.01888237237930295,1.3249134779930116,-2.6983165779113767,0.017851875543594603,1.339642865753174,-2.6994176473617553,-0.010862013816833757,1.337553079223633,-2.698423985481262
nan,nan,nan,-0.07851989567279816,-0.00867451075464487,-0.9968748092651367,-0.045735277235507965,0.4637076258659363,-1.2913808822631836,0.057089366018772125,0.4727606177330017,-1.293576717376709,0.12140180915594101,0.49806708097457886,-1.300922155380249,-0.08612849563360214,0.5149014592170715,-1.3133704662322998,0.00038755236892029643,0.00019377618446014822,0.0005055031506344676,-0.0011626571649685502,0.0011626571649685502,0.001516509335488081,-0.004650628659874201,0.0,-0.001718710525892675,0.00019377618446014822,0.0,0.0012132074916735291,0.0,0.0,0.0,0.0,0.0,0.0,0.0,0.0,0.0,0.0,0.0,0.0,-0.016141211152076698,1.3278932588768007,-2.69942060880661,0.01877129960060117,1.325119869298935,-2.6980323627471923,0.018923335099220534,1.3397626136016847,-2.6991269553184507,-0.01197459020614651,1.337685119934082,-2.698139138507843
nan,nan,nan,-0.07823438197374344,-0.008870760910212994,-0.9968955516815186,-0.04564443975687027,0.463798463344574,-1.291412591934204,0.05705908685922623,0.4727303385734558,-1.2936081886291504,0.12037237733602524,0.49809736013412476,-1.3009381294250488,-0.08540182560682297,0.5146592259407043,-1.3133704662322998,0.0005813285824842751,0.0025190904270857573,-0.001516509335488081,0.0,0.00019377618446014822,-0.00010110061703016981,-0.006394614465534687,0.0023253143299371004,-0.0005055031506344676,0.006588390562683344,-0.0031004189513623714,0.0010110063012689352,0.0,0.0,0.0,0.0,0.0,0.0,0.0,0.0,0.0,0.0,0.0,0.0,-0.016045701026916482,1.328083239593506,-2.699128179168701,0.018660226821899387,1.3253262606048586,-2.697748147583008,0.019994794654846465,1.3398823614501953,-2.6988362632751466,-0.013087166595459263,1.3378171606445313,-2.6978542915344237
nan,nan,nan,-0.0779028832912445,-0.00904715433716774,-0.9969199299812317,-0.045553602278232574,0.46391957998275757,-1.2913966178894043,0.05699852854013443,0.4726395010948181,-1.293639898300171,0.11843463033437729,0.49809736013412476,-1.3010013103485107,-0.08473571389913559,0.5142050385475159,-1.3133862018585205,-0.001937761902809143,0.00019377618446014822,0.0,0.0,-0.0029066430870443583,0.0,-0.006007061805576086,0.0007751047378405929,-0.001617609872482717,0.0023253143299371004,-0.0036817477084696293,-0.00040440246812067926,0.0,0.0,0.0,0.0,0.0,0.0,0.0,0.0,0.0,0.0,0.0,0.0,-0.015950190901756263,1.3282732203102112,-2.698835749530792,0.018549154043197603,1.325532651910782,-2.697463932418823,0.021066254210472368,1.3400021092987062,-2.698545571231842,-0.014199742984772001,1.3379492013549805,-2.6975694445610046
nan,nan,nan,-0.0774652510881424,-0.009015589952468872,-0.9969542622566223,-0.045341648161411285,0.46401041746139526,-1.2914440631866455,0.05693797022104263,0.4726395010948181,-1.293687105178833,0.11719324439764023,0.49809736013412476,-1.3010802268981934,-0.08331268280744553,0.5136298537254333,-1.3133704662322998,0.0023253143299371004,0.0015502094756811857,-0.0019209118327125907,0.0,-0.001937761902809143,0.001718710525892675,-0.0027128667570650578,0.0015502094756811857,0.0006066037458367646,0.003875523805618286,-0.001937761902809143,0.0008088049362413585,0.0,0.0,0.0,0.0,0.0,0.0,0.0,0.0,0.0,0.0,0.0,0.0,-0.015854680776596047,1.3284632010269166,-2.698543319892883,0.018438081264495823,1.3257390432167053,-2.6971797172546386,0.022137713766098285,1.3401218571472169,-2.6982548791885375,-0.015312319374084754,1.3380812420654298,-2.6972845975875854
nan,nan,nan,-0.0770462229847908,-0.008886587806046009,-0.9969879388809204,-0.0450994148850441,0.46413153409957886,-1.2914915084838867,0.056877411901950836,0.4727000594139099,-1.2937030792236328,0.11598213762044907,0.49806708097457886,-1.3012065887451172,-0.08164741843938828,0.5133270621299744,-1.3133862018585205,0.0027128667570650578,0.0013564333785325289,-0.0010110063012689352,0.0,0.0,0.00040440246812067926,-0.006007061805576086,-0.0007751047378405929,-0.0010110063012689352,0.005619509611278772,-0.0025190904270857573,-0.00010110061703016981,0.0,0.0,0.0,0.0,0.0,0.0,0.0,0.0,0.0,0.0,0.0,0.0,-0.01575917065143583,1.328653181743622,-2.6982508902549744,0.01832700848579404,1.325945434522629,-2.696895502090454,0.02320917332172419,1.3402416049957275,-2.697964187145233,-0.01642489576339748,1.338213282775879,-2.6969997506141663
nan,nan,nan,-0.07649939507246017,-0.008996955119073391,-0.9970290064811707,-0.04491773992776871,0.46428292989730835,-1.291538953781128,0.05663517862558365,0.4727000594139099,-1.2937345504760742,0.11401411145925522,0.49815791845321655,-1.3013803958892822,-0.0807996317744255,0.5127214789390564,-1.3133862018585205,0.001937761902809143,0.0036817477084696293,-0.0007077043410390615,-0.0027128667570650578,-0.0005813285824842751,0.0,-0.007169718854129314,0.005619509611278772,-0.001314308145083487,0.0011626571649685502,-0.0005813285824842751,-0.0005055031506344676,0.0,0.0,0.0,0.0,0.0,0.0,0.0,0.0,0.0,0.0,0.0,0.0,-0.015663660526275613,1.3288431624603272,-2.6979584606170652,0.01821593570709226,1.3261518258285523,-2.6966112869262693,0.02428063287735012,1.3403613528442384,-2.6976734951019288,-0.017537472152710232,1.3383453234863283,-2.696714903640747
nan,nan,nan,-0.07605300843715668,-0.009279666468501091,-0.9970605969429016,-0.044675566256046295,0.46452516317367554,-1.291538953781128,0.05654434114694595,0.472669780254364,-1.2938451766967773,0.11231853812932968,0.49812763929367065,-1.3014910221099854,-0.08019407838582993,0.5122672915458679,-1.3133862018585205,0.004650628659874201,0.0021315379999578,-0.0010110063012689352,0.0,0.0009688809514045715,-0.0003033018729183823,-0.006394614465534687,-0.0009688809514045715,-0.0024264149833470583,0.0009688809514045715,-0.0013564333785325289,-0.0003033018729183823,0.0,0.0,0.0,0.0,0.0,0.0,0.0,0.0,0.0,0.0,0.0,0.0,-0.015568150401115394,1.3290331431770326,-2.697666030979156,0.018104862928390475,1.3263582171344757,-2.696327071762085,0.02535209243297605,1.340481100692749,-2.697382803058624,-0.018650048542023,1.3384773641967773,-2.6964300566673276
nan,nan,nan,-0.07556787878274918,-0.009398158639669418,-0.9970963597297668,-0.0445544496178627,0.4647371172904968,-1.2915704250335693,0.056514061987400055,0.4725789427757263,-1.2939715385437012,0.10977526754140854,0.49818819761276245,-1.3016331195831299,-0.07919492572546005,0.5117222666740417,-1.3133704662322998,0.004069299902766943,0.0015502094756811857,-0.0020220126025378704,0.00019377618446014822,-0.0015502094756811857,-0.0018198111793026328,-0.009495032951235771,0.0015502094756811857,-0.0021231132559478283,0.00038755236892029643,-0.001937761902809143,0.0009099055896513164,0.0,0.0,0.0,0.0,0.0,0.0,0.0,0.0,0.0,0.0,0.0,0.0,-0.015472640275955176,1.329223123893738,-2.6973736013412473,0.017993790149688695,1.3265646084403993,-2.6960428565979004,0.02642355198860194,1.34060084854126,-2.6970921110153196,-0.019762624931335723,1.3386094049072268,-2.6961452096939085
nan,nan,nan,-0.07493872940540314,-0.009259810671210289,-0.9971451759338379,-0.044463612139225006,0.4647673964500427,-1.2916336059570312,0.056483782827854156,0.4726092219352722,-1.294034719467163,0.10717137902975082,0.49815791845321655,-1.3021228313446045,-0.0773480162024498,0.5110258460044861,-1.3133544921875,0.0,-0.0011626571649685502,-0.0010110063012689352,0.00038755236892029643,0.0015502094756811857,0.0019209118327125907,-0.006394614465534687,-0.0013564333785325289,-0.0027297167107462883,0.006588390562683344,-0.0031004189513623714,-0.00020220123406033963,0.0,0.0,0.0,0.0,0.0,0.0,0.0,0.0,0.0,0.0,0.0,0.0,-0.015377130150794959,1.3294131046104432,-2.6970811717033385,0.01788271737098691,1.3267709997463228,-2.6957586414337156,0.02749501154422787,1.3407205963897706,-2.696801418972015,-0.020875201320648476,1.3387414456176758,-2.6958603627204893
nan,nan,nan,-0.07454539835453033,-0.009232650510966778,-0.997174859046936,-0.04425165802240372,0.4649490714073181,-1.2916967868804932,0.05642322450876236,0.4726092219352722,-1.294097900390625,0.10556664317846298,0.49821847677230835,-1.302849531173706,-0.07646995037794113,0.5104809403419495,-1.3133704662322998,0.0025190904270857573,0.00019377618446014822,-0.001617609872482717,0.0031004189513623714,-0.0005813285824842751,-0.00020220123406033963,-0.004844404757022858,-0.00019377618446014822,-0.0023253143299371004,0.0025190904270857573,-0.001937761902809143,0.0011121068382635713,0.0,0.0,0.0,0.0,0.0,0.0,0.0,0.0,0.0,0.0,0.0,0.0,-0.015281620025634742,1.3296030853271485,-2.6967887420654293,0.01777164459228513,1.3269773910522462,-2.695474426269531,0.028566471099853774,1.3408403442382815,-2.696510726928711,-0.0219877777099612,1.338873486328125,-2.69557551574707
nan,nan,nan,-0.07436829805374146,-0.009400870651006699,-0.997186541557312,-0.044100262224674225,0.46537286043167114,-1.291712760925293,0.05639294534921646,0.4725486636161804,-1.2942399978637695,0.10399224609136581,0.49830931425094604,-1.3033866882324219,-0.07631855458021164,0.5101478695869446,-1.3133544921875,0.0013564333785325289,0.0031004189513623714,-0.0023253143299371004,0.0005813285824842751,0.0,0.0,-0.007363495416939259,0.001937761902809143,-0.0010110063012689352,-0.00038755236892029643,-0.0025190904270857573,0.0010110063012689352,0.0,0.0,0.0,0.0,0.0,0.0,0.0,0.0,0.0,0.0,0.0,0.0,-0.015186109900474525,1.329793066043854,-2.6964963124275205,0.017660571813583346,1.3271837823581696,-2.6951902111053467,0.029637930655479705,1.3409600920867921,-2.6962200348854064,-0.023100354099273968,1.3390055270385743,-2.695290668773651
nan,nan,nan,-0.07425194978713989,-0.009505368769168854,-0.997194230556488,-0.044069983065128326,0.46546369791030884,-1.2916967868804932,0.05642322450876236,0.4724881052970886,-1.2944297790527344,0.10244806855916977,0.49833959341049194,-1.3036866188049316,-0.07622774690389633,0.5099964737892151,-1.3133704662322998,0.001937761902809143,-0.00038755236892029643,-0.0010110063012689352,0.0007751047378405929,-0.0005813285824842751,-0.00040440246812067926,-0.0025190904270857573,0.0021315379999578,-0.001718710525892675,-0.0031004189513623714,0.0,0.0008088049362413585,0.0,0.0,0.0,0.0,0.0,0.0,0.0,0.0,0.0,0.0,0.0,0.0,-0.015090599775314307,1.3299830467605591,-2.6962038827896118,0.017549499034881563,1.3273901736640932,-2.694905995941162,0.030709390211105636,1.3410798399353028,-2.695929342842102,-0.02421293048858672,1.3391375677490236,-2.695005821800232
nan,nan,nan,-0.07413732260465622,-0.00946294330060482,-0.9972031712532043,-0.04403970390558243,0.46558481454849243,-1.2916967868804932,0.05645350366830826,0.4724881052970886,-1.2945561408996582,0.10117640346288681,0.49830931425094604,-1.3040342330932617,-0.07577355951070786,0.5098753571510315,-1.3133704662322998,0.0011626571649685502,0.006200837902724743,0.0,0.004650628659874201,0.0,0.0,0.0011626571649685502,0.0007751047378405929,-0.0019209118327125907,-0.0042630759999156,0.0009688809514045715,0.0,0.0,0.0,0.0,0.0,0.0,0.0,0.0,0.0,0.0,0.0,0.0,0.0,-0.01499508965015409,1.3301730274772645,-2.6959114531517026,0.017438426256179782,1.3275965649700168,-2.6946217807769774,0.031780849766731525,1.3411995877838137,-2.6956386507987973,-0.025325506877899445,1.3392696084594728,-2.6947209748268124
nan,nan,nan,-0.07398728281259537,-0.009394832886755466,-0.9972149133682251,-0.04397914558649063,0.46552425622940063,-1.2917442321777344,0.05639294534921646,0.4725486636161804,-1.2946033477783203,0.09987451881170273,0.49827903509140015,-1.304366111755371,-0.07489552348852158,0.509723961353302,-1.3133704662322998,0.0015502094756811857,-0.0017439856892451644,-0.0006066037458367646,-0.00038755236892029643,-0.0021315379999578,0.001617609872482717,-0.0054257335141301155,-0.0023253143299371004,0.0,0.0007751047378405929,-0.0027128667570650578,0.0012132074916735291,0.0,0.0,0.0,0.0,0.0,0.0,0.0,0.0,0.0,0.0,0.0,0.0,-0.014899579524993873,1.33036300819397,-2.695619023513794,0.017327353477478,1.32780295627594,-2.694337565612793,0.032852309322357456,1.3413193356323243,-2.695347958755493,-0.026438083267212198,1.3394016491699219,-2.6944361278533933
nan,nan,nan,-0.07371657341718674,-0.009514904581010342,-0.9972338676452637,-0.043918587267398834,0.465705931186676,-1.2917442321777344,0.05639294534921646,0.4725183844566345,-1.2946665287017822,0.09845145791769028,0.49827903509140015,-1.304713487625122,-0.07441108673810959,0.5094818472862244,-1.3133862018585205,0.0013564333785325289,0.0054257335141301155,-0.0005055031506344676,0.0,-0.004844404757022858,0.0,-0.006588390562683344,-0.0021315379999578,-0.0021231132559478283,-0.00038755236892029643,0.0005813285824842751,-0.0007077043410390615,0.0,0.0,0.0,0.0,0.0,0.0,0.0,0.0,0.0,0.0,0.0,0.0,-0.014804069399833655,1.330552988910675,-2.695326593875885,0.017216280698776218,1.3280093475818635,-2.694053350448608,0.03392376887798336,1.341439083480835,-2.6950572667121886,-0.027550659656524937,1.3395336898803714,-2.694151280879974
nan,nan,nan,-0.07345657050609589,-0.009654915891587734,-0.9972516894340515,-0.04382774978876114,0.4658573269844055,-1.2917442321777344,0.05642322450876236,0.4724881052970886,-1.2948088645935059,0.0976339802145958,0.49830931425094604,-1.3049347400665283,-0.0739872083067894,0.5091487765312195,-1.3133704662322998,0.003294195281341672,0.001937761902809143,0.0003033018729183823,0.0005813285824842751,-0.001937761902809143,0.00020220123406033963,-0.0015502094756811857,-0.0013564333785325289,0.0009099055896513164,-0.001937761902809143,-0.0007751047378405929,0.0010110063012689352,0.0,0.0,0.0,0.0,0.0,0.0,0.0,0.0,0.0,0.0,0.0,0.0,-0.014708559274673438,1.3307429696273805,-2.695034164237976,0.017105207920074434,1.328215738887787,-2.6937691352844237,0.03499522843360929,1.3415588313293458,-2.694766574668884,-0.02866323604583769,1.3396657305908204,-2.693866433906555
nan,nan,nan,-0.07326383888721466,-0.0096041951328516,-0.9972663521766663,-0.04370669275522232,0.4660692811012268,-1.2917759418487549,0.05645350366830826,0.4724881052970886,-1.2949352264404297,0.09714951366186142,0.49833959341049194,-1.3050451278686523,-0.07329081743955612,0.5089065432548523,-1.3133704662322998,0.0015502094756811857,0.001937761902809143,-0.001718710525892675,0.0011626571649685502,-0.0027128667570650578,-0.0008088049362413585,0.0009688809514045715,0.001937761902809143,-0.001314308145083487,-0.0007751047378405929,-0.001937761902809143,0.0007077043410390615,0.0,0.0,0.0,0.0,0.0,0.0,0.0,0.0,0.0,0.0,0.0,0.0,-0.01461304914951322,1.3309329503440859,-2.694741734600067,0.016994135141372654,1.3284221301937105,-2.6934849201202393,0.03606668798923521,1.3416785791778567,-2.6944758826255795,-0.029775812435150442,1.3397977713012696,-2.693581586933136
nan,nan,nan,-0.07317589968442917,-0.009448186494410038,-0.9972742795944214,-0.043646134436130524,0.4660995602607727,-1.2917759418487549,0.05642322450876236,0.4725789427757263,-1.2949352264404297,0.09684672206640244,0.49830931425094604,-1.3051085472106934,-0.07289721816778183,0.5088762640953064,-1.3133704662322998,0.0029066430870443583,0.0013564333785325289,0.0012132074916735291,-0.0015502094756811857,0.0013564333785325289,0.0,-0.0011626571649685502,0.003487971378490329,0.0010110063012689352,-0.0011626571649685502,-0.001937761902809143,0.0,0.0,0.0,0.0,0.0,0.0,0.0,0.0,0.0,0.0,0.0,0.0,0.0,-0.014517539024353003,1.331122931060791,-2.6944493049621583,0.01688306236267087,1.3286285214996338,-2.6932007049560545,0.03713814754486111,1.3417983270263671,-2.6941851905822753,-0.030888388824463167,1.339929812011719,-2.6932967399597167
nan,nan,nan,-0.0732000321149826,-0.009468416683375835,-0.9972723126411438,-0.04367641359567642,0.4661298394203186,-1.291823148727417,0.05645350366830826,0.4725183844566345,-1.2949352264404297,0.09657426923513412,0.49827903509140015,-1.3052349090576172,-0.07277610152959824,0.5088762640953064,-1.3133704662322998,-0.00019377618446014822,-0.00038755236892029643,-0.002628616290166974,0.001937761902809143,-0.003487971378490329,0.0024264149833470583,-0.0015502094756811857,-0.00019377618446014822,-0.0008088049362413585,-0.0054257335141301155,0.00019377618446014822,0.0,0.0,0.0,0.0,0.0,0.0,0.0,0.0,0.0,0.0,0.0,0.0,0.0,-0.014422028899192786,1.3313129117774964,-2.694156875324249,0.01677198958396909,1.3288349128055574,-2.69291648979187,0.03820960710048704,1.341918074874878,-2.693894498538971,-0.032000965213775934,1.3400618527221682,-2.6930118929862976
nan,nan,nan,-0.07313189655542374,-0.009577911347150803,-0.9972763061523438,-0.04367641359567642,0.46625083684921265,-1.2918074131011963,0.05642322450876236,0.4725183844566345,-1.294982671737671,0.09608980268239975,0.49833959341049194,-1.3053138256072998,-0.07271554321050644,0.5088459849357605,-1.3133704662322998,0.0,0.001937761902809143,-0.0005055031506344676,-0.0009688809514045715,-0.0005813285824842751,-0.0011121068382635713,-0.0017439856892451644,-0.00019377618446014822,-0.0007077043410390615,0.0009688809514045715,-0.0013564333785325289,0.0007077043410390615,0.0,0.0,0.0,0.0,0.0,0.0,0.0,0.0,0.0,0.0,0.0,0.0,-0.014326518774032569,1.3315028924942016,-2.6938644456863403,0.016660916805267306,1.3290413041114808,-2.6926322746276856,0.039281066656112945,1.3420378227233887,-2.693603806495666,-0.03311354160308866,1.3401938934326172,-2.6927270460128785
nan,nan,nan,-0.07297623157501221,-0.0096521507948637,-0.9972869753837585,-0.043615855276584625,0.46640223264694214,-1.2918074131011963,0.05642322450876236,0.4724881052970886,-1.2950458526611328,0.09530260413885117,0.49833959341049194,-1.3053770065307617,-0.07256414741277695,0.5087551474571228,-1.3133544921875,0.001937761902809143,0.004650628659874201,-0.0005055031506344676,0.0013564333785325289,-0.0021315379999578,-0.00020220123406033963,-0.0025190904270857573,0.0017439856892451644,-0.0010110063012689352,-0.0011626571649685502,-0.0023253143299371004,0.0007077043410390615,0.0,0.0,0.0,0.0,0.0,0.0,0.0,0.0,0.0,0.0,0.0,0.0,-0.014231008648872352,1.331692873210907,-2.6935720160484315,0.01654984402656552,1.3292476954174044,-2.6923480594635008,0.04035252621173886,1.3421575705718995,-2.693313114452362,-0.03422611799240141,1.3403259341430664,-2.6924421990394594
nan,nan,nan,-0.07288888841867447,-0.009636199101805687,-0.9972935318946838,-0.04358557611703873,0.46634167432785034,-1.2918074131011963,0.05642322450876236,0.4725486636161804,-1.295093059539795,0.09487869590520859,0.49827903509140015,-1.3054559230804443,-0.07220082730054855,0.5087248682975769,-1.3133544921875,0.003487971378490329,-0.00019377618446014822,-0.00020220123406033963,-0.0009688809514045715,0.0,0.0,0.0011626571649685502,-0.003487971378490329,-0.0006066037458367646,0.0005813285824842751,0.0015502094756811857,0.0010110063012689352,0.0,0.0,0.0,0.0,0.0,0.0,0.0,0.0,0.0,0.0,0.0,0.0,-0.014135498523712134,1.3318828539276124,-2.6932795864105223,0.01643877124786374,1.3294540867233278,-2.6920638442993163,0.04142398576736479,1.3422773184204102,-2.6930224224090575,-0.035338694381714164,1.3404579748535157,-2.69215735206604
nan,nan,nan,-0.07279238104820251,-0.009457061998546124,-0.9973022937774658,-0.04358557611703873,0.46640223264694214,-1.2918074131011963,0.05645350366830826,0.4725789427757263,-1.2950615882873535,0.0946364626288414,0.49830931425094604,-1.3055508136749268,-0.07165583223104477,0.5086643099784851,-1.3133544921875,0.0013564333785325289,0.0036817477084696293,0.0,0.0027128667570650578,0.0007751047378405929,0.001516509335488081,-0.0015502094756811857,0.0011626571649685502,0.0,-0.0015502094756811857,-0.0015502094756811857,0.001415408682078123,0.0,0.0,0.0,0.0,0.0,0.0,0.0,0.0,0.0,0.0,0.0,0.0,-0.014039988398551917,1.3320728346443178,-2.6929871567726136,0.016327698469161957,1.3296604780292514,-2.691779629135132,0.042495445322990696,1.342397066268921,-2.692731730365753,-0.0364512707710269,1.340590015563965,-2.6918725050926207
nan,nan,nan,-0.07268877327442169,-0.009503483772277832,-0.9973093867301941,-0.04355529695749283,0.46643251180648804,-1.2918074131011963,0.05642322450876236,0.4725789427757263,-1.2950773239135742,0.09387954324483871,0.49830931425094604,-1.305598258972168,-0.07138331979513168,0.5085734724998474,-1.3133544921875,0.00019377618446014822,0.001937761902809143,0.0005055031506344676,-0.0005813285824842751,-0.001937761902809143,0.00020220123406033963,-0.0027128667570650578,0.0,-0.0007077043410390615,-0.001937761902809143,0.0,0.00040440246812067926,0.0,0.0,0.0,0.0,0.0,0.0,0.0,0.0,0.0,0.0,0.0,0.0,-0.0139444782733917,1.332262815361023,-2.6926947271347044,0.016216625690460177,1.3298668693351747,-2.691495413970947,0.04356690487861663,1.3425168141174317,-2.6924410383224484,-0.037563847160339656,1.3407220562744142,-2.6915876581192015
nan,nan,nan,-0.07241327315568924,-0.00971204787492752,-0.997327446937561,-0.04349473863840103,0.46658390760421753,-1.291823148727417,0.05642322450876236,0.4724881052970886,-1.2951247692108154,0.09285011142492294,0.49833959341049194,-1.3056297302246094,-0.0708988830447197,0.5083312392234802,-1.3133544921875,0.0005813285824842751,0.001937761902809143,-0.0010110063012689352,-0.0009688809514045715,-0.005231957416981459,-0.0008088049362413585,-0.004844404757022858,-0.0009688809514045715,0.00010110061703016981,0.0027128667570650578,-0.0023253143299371004,0.0011121068382635713,0.0,0.0,0.0,0.0,0.0,0.0,0.0,0.0,0.0,0.0,0.0,0.0,-0.013848968148231482,1.3324527960777284,-2.6924022974967956,0.016105552911758393,1.330073260641098,-2.6912111988067626,0.04463836443424252,1.3426365619659424,-2.692150346279144,-0.03867642354965238,1.3408540969848635,-2.6913028111457824
nan,nan,nan,-0.07215379923582077,-0.009760275483131409,-0.9973457455635071,-0.043434180319309235,0.4667050242424011,-1.2918391227722168,0.05642322450876236,0.4725183844566345,-1.2951879501342773,0.09151788800954819,0.49836987257003784,-1.3056614398956299,-0.07002084702253342,0.5081495642662048,-1.3133544921875,0.0013564333785325289,0.001937761902809143,-0.0019209118327125907,-0.00019377618446014822,-0.003487971378490329,0.0005055031506344676,-0.006588390562683344,-0.00019377618446014822,0.001415408682078123,0.0023253143299371004,-0.0005813285824842751,0.001415408682078123,0.0,0.0,0.0,0.0,0.0,0.0,0.0,0.0,0.0,0.0,0.0,0.0,-0.013753458023071263,1.3326427767944335,-2.6921098678588864,0.015994480133056613,1.3302796519470217,-2.690926983642578,0.04570982398986845,1.3427563098144533,-2.6918596542358397,-0.03978899993896513,1.3409861376953125,-2.6910179641723633
nan,nan,nan,-0.07180291414260864,-0.009679319337010384,-0.9973718523979187,-0.043403901159763336,0.4667050242424011,-1.2918548583984375,0.05642322450876236,0.4725183844566345,-1.295203685760498,0.09033706039190292,0.49830931425094604,-1.3057560920715332,-0.06884001940488815,0.507786214351654,-1.3133544921875,0.0,-0.0009688809514045715,-0.0010110063012689352,0.0015502094756811857,-0.003487971378490329,0.001415408682078123,-0.0021315379999578,-0.0015502094756811857,-0.0005055031506344676,0.0013564333785325289,0.0007751047378405929,0.00020220123406033963,0.0,0.0,0.0,0.0,0.0,0.0,0.0,0.0,0.0,0.0,0.0,0.0,-0.013657947897911046,1.332832757511139,-2.6918174382209776,0.01588340735435483,1.330486043252945,-2.6906427684783933,0.04678128354549438,1.342876057662964,-2.691568962192535,-0.0409015763282779,1.3411181784057618,-2.6907331171989437
nan,nan,nan,-0.0715041384100914,-0.009603365324437618,-0.9973940849304199,-0.04331306368112564,0.4668261408805847,-1.291886329650879,0.05639294534921646,0.4725789427757263,-1.2952511310577393,0.08979209512472153,0.49833959341049194,-1.3058035373687744,-0.06796195358037949,0.507513701915741,-1.3133387565612793,-0.0013564333785325289,0.0027128667570650578,-0.00010110061703016981,0.0013564333785325289,-0.00019377618446014822,-0.00010110061703016981,-0.0027128667570650578,-0.00038755236892029643,-0.0010110063012689352,0.0042630759999156,0.00038755236892029643,0.001617609872482717,0.0,0.0,0.0,0.0,0.0,0.0,0.0,0.0,0.0,0.0,0.0,0.0,-0.013562437772750829,1.3330227382278443,-2.691525008583069,0.01577233457565305,1.3306924345588684,-2.690358553314209,0.04785274310112028,1.3429958055114746,-2.6912782701492306,-0.042014152717590625,1.341250219116211,-2.6904482702255246
nan,nan,nan,-0.0711350291967392,-0.009642237797379494,-0.997420072555542,-0.04319194704294205,0.4670986533164978,-1.2919180393218994,0.05642322450876236,0.4725486636161804,-1.2953143119812012,0.08891399949789047,0.49836987257003784,-1.3058192729949951,-0.0670839175581932,0.507210910320282,-1.3133704662322998,0.0,0.0027128667570650578,0.0,0.0027128667570650578,-0.0009688809514045715,-0.0005055031506344676,-0.006782166659832001,0.001937761902809143,0.0005055031506344676,0.00019377618446014822,-0.0005813285824842751,-0.00040440246812067926,0.0,0.0,0.0,0.0,0.0,0.0,0.0,0.0,0.0,0.0,0.0,0.0,-0.013466927647590611,1.3332127189445497,-2.6912325789451597,0.015661261796951265,1.330898825864792,-2.6900743381500245,0.0489242026567462,1.3431155533599854,-2.6909875781059265,-0.04312672910690338,1.3413822598266603,-2.6901634232521054
nan,nan,nan,-0.07081218808889389,-0.009679518640041351,-0.9974427223205566,-0.043040551245212555,0.4672197699546814,-1.2919337749481201,0.05639294534921646,0.4725789427757263,-1.2954092025756836,0.0880359634757042,0.49840015172958374,-1.3058509826660156,-0.06611504405736923,0.5070292353630066,-1.3133704662322998,0.0009688809514045715,-0.0009688809514045715,-0.0010110063012689352,0.0,0.003487971378490329,0.0007077043410390615,-0.0050381808541715145,0.003875523805618286,-0.0009099055896513164,0.0029066430870443583,0.0,0.0018198111793026328,0.0,0.0,0.0,0.0,0.0,0.0,0.0,0.0,0.0,0.0,0.0,0.0,-0.013371417522430394,1.333402699661255,-2.690940149307251,0.015550189018249483,1.3311052171707154,-2.6897901229858396,0.0499956622123721,1.343235301208496,-2.690696886062622,-0.0442393054962161,1.3415143005371095,-2.6898785762786863
nan,nan,nan,-0.07033371925354004,-0.009555098600685596,-0.9974777698516846,-0.04288915544748306,0.4673106074333191,-1.2919654846191406,0.05639294534921646,0.4725183844566345,-1.2954881191253662,0.08673401921987534,0.49833959341049194,-1.3058981895446777,-0.06435894221067429,0.5065750479698181,-1.3133544921875,-0.0011626571649685502,0.00019377618446014822,-0.001718710525892675,0.0,-0.0017439856892451644,0.0007077043410390615,-0.006007061805576086,-0.0005813285824842751,-0.0008088049362413585,0.004456852562725544,-0.004844404757022858,0.0011121068382635713,0.0,0.0,0.0,0.0,0.0,0.0,0.0,0.0,0.0,0.0,0.0,0.0,-0.013275907397270177,1.3335926803779603,-2.690647719669342,0.0154391162395477,1.331311608476639,-2.689505907821655,0.05106712176799803,1.343355049057007,-2.6904061940193174,-0.04535188188552887,1.3416463412475588,-2.689593729305267
nan,nan,nan,-0.06978416442871094,-0.009321247227489948,-0.9975185394287109,-0.04261670261621475,0.467340886592865,-1.2920761108398438,0.05639294534921646,0.4725486636161804,-1.295503854751587,0.08573486655950546,0.49827903509140015,-1.305945634841919,-0.062088124454021454,0.5062118172645569,-1.3133544921875,0.0023253143299371004,0.0025190904270857573,-0.0020220126025378704,0.00019377618446014822,-0.0021315379999578,0.0010110063012689352,-0.001937761902809143,-0.0031004189513623714,0.0003033018729183823,0.0036817477084696293,-0.001937761902809143,0.00040440246812067926,0.0,0.0,0.0,0.0,0.0,0.0,0.0,0.0,0.0,0.0,0.0,0.0,-0.01318039727210996,1.3337826610946657,-2.690355290031433,0.015328043460845918,1.3315179997825624,-2.689221692657471,0.052138581323623964,1.3434747969055176,-2.6901155019760132,-0.04646445827484162,1.341778381958008,-2.689308882331848
nan,nan,nan,-0.06912323832511902,-0.009239799343049526,-0.9975653290748596,-0.04261670261621475,0.4674317240715027,-1.292297124862671,0.05627188831567764,0.4725789427757263,-1.2955355644226074,0.08388795703649521,0.49833959341049194,-1.3059616088867188,-0.05999898165464401,0.5056365132331848,-1.3133704662322998,-0.004069299902766943,0.001937761902809143,-0.00040440246812067926,0.0,-0.0029066430870443583,-0.001718710525892675,-0.006200837902724743,0.0011626571649685502,-0.0010110063012689352,0.003294195281341672,-0.004069299902766943,-0.001314308145083487,0.0,0.0,0.0,0.0,0.0,0.0,0.0,0.0,0.0,0.0,0.0,0.0,-0.013084887146949742,1.3339726418113709,-2.6900628603935237,0.015216970682144136,1.331724391088486,-2.688937477493286,0.053210040879249854,1.3435945447540285,-2.6898248099327087,-0.04757703466415435,1.341910422668457,-2.689024035358429
nan,nan,nan,-0.06826847046613693,-0.009364026598632336,-0.9976230263710022,-0.042374469339847565,0.46770423650741577,-1.2924392223358154,0.05609021335840225,0.4725183844566345,-1.2957091331481934,0.08137490600347519,0.49833959341049194,-1.3059616088867188,-0.057667605578899384,0.5048796534538269,-1.3133387565612793,0.004456852562725544,0.0007751047378405929,-0.0005055031506344676,-0.0021315379999578,-0.0027128667570650578,0.0012132074916735291,-0.007169718854129314,0.0011626571649685502,-0.0007077043410390615,0.005619509611278772,-0.0011626571649685502,0.001617609872482717,0.0,0.0,0.0,0.0,0.0,0.0,0.0,0.0,0.0,0.0,0.0,0.0,-0.012989377021789525,1.3341626225280763,-2.689770430755615,0.015105897903442352,1.3319307823944093,-2.6886532623291015,0.054281500434875785,1.3437142926025392,-2.689534117889404,-0.0486896110534671,1.3420424633789065,-2.68873918838501
nan,nan,nan,-0.06731078028678894,-0.009458928368985653,-0.9976872205734253,-0.04182944446802139,0.46788591146469116,-1.2925658226013184,0.05609021335840225,0.4724578261375427,-1.2961041927337646,0.07943715900182724,0.49836987257003784,-1.3059616088867188,-0.05512430518865585,0.5040923953056335,-1.3133704662322998,0.004844404757022858,0.003294195281341672,-0.0023253143299371004,-0.0017439856892451644,-0.0009688809514045715,0.0003033018729183823,-0.007944824174046516,0.0025190904270857573,-0.0010110063012689352,0.007944824174046516,-0.0050381808541715145,-0.001314308145083487,0.0,0.0,0.0,0.0,0.0,0.0,0.0,0.0,0.0,0.0,0.0,0.0,-0.012893866896629308,1.3343526032447817,-2.689478001117706,0.01499482512474057,1.3321371737003327,-2.688369047164917,0.05535295999050169,1.3438340404510498,-2.6892434258461,-0.04980218744277984,1.3421745040893556,-2.6884543414115907
nan,nan,nan,-0.06645207852125168,-0.009252644143998623,-0.9977467060089111,-0.04143587499856949,0.46800702810287476,-1.2928025722503662,0.056059934198856354,0.4724881052970886,-1.2962148189544678,0.0778627023100853,0.49833959341049194,-1.3059616088867188,-0.052762649953365326,0.5036987662315369,-1.3133544921875,0.0027128667570650578,0.0021315379999578,-0.001415408682078123,-0.0009688809514045715,0.0013564333785325289,-0.0005055031506344676,-0.001937761902809143,0.0021315379999578,-0.0009099055896513164,0.0009688809514045715,-0.004650628659874201,0.00010110061703016981,0.0,0.0,0.0,0.0,0.0,0.0,0.0,0.0,0.0,0.0,0.0,0.0,-0.01279835677146909,1.334542583961487,-2.689185571479797,0.014883752346038788,1.3323435650062563,-2.6880848320007322,0.05642441954612762,1.3439537882995607,-2.688952733802795,-0.05091476383209259,1.3423065447998048,-2.688169494438171
nan,nan,nan,-0.06587143242359161,-0.009100412018597126,-0.9977866411209106,-0.04155699163675308,0.46803730726242065,-1.2931976318359375,0.05599937587976456,0.4725789427757263,-1.2962620258331299,0.07680299133062363,0.49833959341049194,-1.3059616088867188,-0.05136986821889877,0.503668487071991,-1.3133387565612793,-0.0023253143299371004,0.0,-0.001314308145083487,0.001937761902809143,-0.0029066430870443583,0.0,-0.0054257335141301155,0.0023253143299371004,-0.0010110063012689352,0.0021315379999578,-0.00038755236892029643,0.001516509335488081,0.0,0.0,0.0,0.0,0.0,0.0,0.0,0.0,0.0,0.0,0.0,0.0,-0.012702846646308873,1.3347325646781922,-2.688893141841888,0.014772679567337006,1.3325499563121797,-2.687800616836548,0.057495879101753536,1.3440735361480713,-2.688662041759491,-0.052027340221405344,1.342438585510254,-2.687884647464752
nan,nan,nan,-0.06552236527204514,-0.009224630892276764,-0.9978084564208984,-0.041496433317661285,0.46809786558151245,-1.2933082580566406,0.05593881756067276,0.4726092219352722,-1.2963252067565918,0.07559188455343246,0.49830931425094604,-1.3059616088867188,-0.050461553037166595,0.5036079287528992,-1.3133544921875,0.003294195281341672,0.0031004189513623714,0.0,0.004844404757022858,0.0013564333785325289,-0.0003033018729183823,-0.005619509611278772,0.0025190904270857573,-0.0006066037458367646,0.00038755236892029643,-0.0021315379999578,0.00040440246812067926,0.0,0.0,0.0,0.0,0.0,0.0,0.0,0.0,0.0,0.0,0.0,0.0,-0.012607336521148656,1.3349225453948974,-2.6886007122039794,0.014661606788635224,1.332756347618103,-2.6875164016723634,0.05856733865737944,1.344193283996582,-2.6883713497161867,-0.05313991661071807,1.3425706262207031,-2.687599800491333
nan,nan,nan,-0.06536337733268738,-0.009425865486264229,-0.9978169798851013,-0.041526712477207184,0.46815842390060425,-1.293339729309082,0.05587825924158096,0.4725486636161804,-1.2964832782745361,0.07471384853124619,0.49830931425094604,-1.3059773445129395,-0.050249598920345306,0.503365695476532,-1.3133544921875,0.0013564333785325289,0.001937761902809143,-0.0005055031506344676,0.0011626571649685502,-0.0009688809514045715,0.00040440246812067926,-0.006200837902724743,0.0007751047378405929,-0.0010110063012689352,-0.0027128667570650578,-0.0036817477084696293,0.0010110063012689352,0.0,0.0,0.0,0.0,0.0,0.0,0.0,0.0,0.0,0.0,0.0,0.0,-0.012511826395988438,1.3351125261116028,-2.6883082825660702,0.014550534009933442,1.3329627389240266,-2.6872321865081785,0.05963879821300537,1.3443130318450929,-2.6880806576728817,-0.054252493000030835,1.3427026669311524,-2.6873149535179137
nan,nan,nan,-0.06529351323843002,-0.00938997883349657,-0.9978219270706177,-0.041526712477207184,0.46824926137924194,-1.2933554649353027,0.05590853840112686,0.4725789427757263,-1.2965307235717773,0.07435055822134018,0.49833959341049194,-1.3059773445129395,-0.05000739544630051,0.5032445788383484,-1.3133544921875,0.0011626571649685502,0.003487971378490329,-0.0010110063012689352,0.0025190904270857573,0.0005813285824842751,0.0,0.0023253143299371004,0.0021315379999578,-0.0007077043410390615,-0.0021315379999578,-0.0007751047378405929,0.0008088049362413585,0.0,0.0,0.0,0.0,0.0,0.0,0.0,0.0,0.0,0.0,0.0,0.0,-0.012416316270828221,1.3353025068283082,-2.6880158529281615,0.01443946123123166,1.3331691302299502,-2.686947971343994,0.06071025776863127,1.3444327796936038,-2.6877899656295776,-0.05536506938934356,1.3428347076416016,-2.6870301065444946
nan,nan,nan,-0.06521253287792206,-0.009181958623230457,-0.9978291392326355,-0.041526712477207184,0.46821898221969604,-1.2933871746063232,0.05587825924158096,0.4725789427757263,-1.2965149879455566,0.07419916242361069,0.49827903509140015,-1.3059930801391602,-0.049432121217250824,0.5032445788383484,-1.3133544921875,-0.00019377618446014822,0.0027128667570650578,-0.00010110061703016981,0.0027128667570650578,-0.0029066430870443583,0.0023253143299371004,-0.00038755236892029643,-0.0009688809514045715,-0.0012132074916735291,0.0027128667570650578,0.0007751047378405929,0.0007077043410390615,0.0,0.0,0.0,0.0,0.0,0.0,0.0,0.0,0.0,0.0,0.0,0.0,-0.012320806145668004,1.3354924875450136,-2.6877234232902527,0.014328388452529877,1.3333755215358736,-2.6866637561798097,0.06178171732425719,1.3445525275421144,-2.687499273586273,-0.05647764577865631,1.342966748352051,-2.6867452595710755
nan,nan,nan,-0.06513421982526779,-0.00914272852241993,-0.9978346228599548,-0.041496433317661285,0.46818870306015015,-1.2934186458587646,0.055847980082035065,0.4726092219352722,-1.296546459197998,0.0739569291472435,0.49830931425094604,-1.3059930801391602,-0.049189887940883636,0.5032142996788025,-1.3133230209350586,0.001937761902809143,-0.0011626571649685502,-0.0005055031506344676,-0.0005813285824842751,-0.0025190904270857573,-0.00010110061703016981,-0.0013564333785325289,0.003487971378490329,-0.00010110061703016981,-0.0011626571649685502,-0.0015502094756811857,0.002830817364156246,0.0,0.0,0.0,0.0,0.0,0.0,0.0,0.0,0.0,0.0,0.0,0.0,-0.012225296020507787,1.3356824682617188,-2.6874309936523435,0.014217315673828095,1.333581912841797,-2.686379541015625,0.06285317687988312,1.344672275390625,-2.6872085815429685,-0.057590222167969066,1.3430987890625001,-2.686460412597656
nan,nan,nan,-0.06489297747612,-0.009326125495135784,-0.997848629951477,-0.041496433317661285,0.46824926137924194,-1.2934186458587646,0.05587825924158096,0.4726092219352722,-1.2965939044952393,0.0733514055609703,0.49830931425094604,-1.3060088157653809,-0.04894768446683884,0.5031234622001648,-1.3133387565612793,0.0027128667570650578,-0.001937761902809143,-0.0005055031506344676,0.0027128667570650578,-0.0005813285824842751,0.0,-0.0027128667570650578,-0.00038755236892029643,-0.0010110063012689352,0.0017439856892451644,-0.003875523805618286,0.0007077043410390615,0.0,0.0,0.0,0.0,0.0,0.0,0.0,0.0,0.0,0.0,0.0,0.0,-0.01212978589534757,1.3358724489784242,-2.6871385640144347,0.014106242895126311,1.3337883041477205,-2.6860953258514404,0.06392463643550902,1.344792023239136,-2.6869178894996644,-0.058702798557281805,1.3432308297729492,-2.6861755656242368
nan,nan,nan,-0.06468445807695389,-0.009430785663425922,-0.9978612065315247,-0.04146615415811539,0.46840065717697144,-1.2934186458587646,0.055847980082035065,0.4725789427757263,-1.2966570854187012,0.07259442657232285,0.49827903509140015,-1.3060088157653809,-0.04870545119047165,0.5029417872428894,-1.3133544921875,0.001937761902809143,0.0011626571649685502,0.0007077043410390615,0.0,0.00019377618446014822,0.0005055031506344676,0.00038755236892029643,-0.004456852562725544,-0.001415408682078123,-0.0011626571649685502,-0.0023253143299371004,-0.00040440246812067926,0.0,0.0,0.0,0.0,0.0,0.0,0.0,0.0,0.0,0.0,0.0,0.0,-0.012034275770187352,1.3360624296951296,-2.6868461343765255,0.01399517011642453,1.333994695453644,-2.6858111106872555,0.06499609599113496,1.3449117710876466,-2.6866271974563594,-0.05981537494659456,1.3433628704833986,-2.6858907186508176
nan,nan,nan,-0.06453879177570343,-0.00943033304065466,-0.9978706240653992,-0.041496433317661285,0.46846121549606323,-1.2934503555297852,0.055847980082035065,0.4725486636161804,-1.2966885566711426,0.07183750718832016,0.49833959341049194,-1.3060088157653809,-0.04803933948278427,0.5028812289237976,-1.3133544921875,-0.0009688809514045715,0.0011626571649685502,-0.0008088049362413585,0.0007751047378405929,-0.0031004189513623714,0.0,-0.0021315379999578,0.0021315379999578,-0.00010110061703016981,0.003294195281341672,-0.0017439856892451644,-0.0005055031506344676,0.0,0.0,0.0,0.0,0.0,0.0,0.0,0.0,0.0,0.0,0.0,0.0,-0.011938765645027135,1.336252410411835,-2.6865537047386168,0.013884097337722747,1.3342010867595675,-2.685526895523071,0.06606755554676087,1.3450315189361575,-2.6863365054130552,-0.06092795133590731,1.343494911193848,-2.6856058716773985
nan,nan,nan,-0.0643320232629776,-0.0092877596616745,-0.9978853464126587,-0.04140559583902359,0.46846121549606323,-1.2934660911560059,0.055817700922489166,0.4726092219352722,-1.2967045307159424,0.07132276147603989,0.49833959341049194,-1.3060245513916016,-0.04716130346059799,0.5028812289237976,-1.3133230209350586,0.003875523805618286,0.0009688809514045715,0.0005055031506344676,0.0,-0.0023253143299371004,0.0009099055896513164,-0.0009688809514045715,0.003294195281341672,-0.00040440246812067926,0.0015502094756811857,-0.0015502094756811857,0.0025275154039263725,0.0,0.0,0.0,0.0,0.0,0.0,0.0,0.0,0.0,0.0,0.0,0.0,-0.011843255519866917,1.3364423911285401,-2.686261275100708,0.013773024559020965,1.3344074780654909,-2.6852426803588867,0.06713901510238678,1.3451512667846681,-2.686045813369751,-0.06204052772522005,1.343626951904297,-2.6853210247039794
nan,nan,nan,-0.06414377689361572,-0.009321354329586029,-0.9978971481323242,-0.04140559583902359,0.46852177381515503,-1.2934818267822266,0.05575714260339737,0.4727303385734558,-1.296720266342163,0.07080807536840439,0.49830931425094604,-1.3060245513916016,-0.04655575007200241,0.5028812289237976,-1.3133230209350586,-0.00038755236892029643,0.004844404757022858,-0.0007077043410390615,0.0,0.0007751047378405929,0.0,-0.004069299902766943,0.00038755236892029643,-0.00010110061703016981,-0.0009688809514045715,0.0009688809514045715,0.0023253143299371004,0.0,0.0,0.0,0.0,0.0,0.0,0.0,0.0,0.0,0.0,0.0,0.0,-0.0117477453947067,1.3366323718452455,-2.685968845462799,0.013661951780319183,1.3346138693714142,-2.684958465194702,0.0682104746580127,1.3452710146331788,-2.685755121326446,-0.0631531041145328,1.3437589926147462,-2.6850361777305602
nan,nan,nan,-0.06384430825710297,-0.00944986566901207,-0.9979151487350464,-0.0412542000412941,0.4685520529747009,-1.2934978008270264,0.05569658428430557,0.4727303385734558,-1.2967677116394043,0.06980892270803452,0.49830931425094604,-1.3060245513916016,-0.04598047584295273,0.5027903914451599,-1.3133387565612793,0.005619509611278772,0.0013564333785325289,-0.0010110063012689352,0.004844404757022858,0.0007751047378405929,0.0003033018729183823,-0.0013564333785325289,0.0,-0.00010110061703016981,-0.00038755236892029643,-0.001937761902809143,0.001314308145083487,0.0,0.0,0.0,0.0,0.0,0.0,0.0,0.0,0.0,0.0,0.0,0.0,-0.011652235269546483,1.336822352561951,-2.68567641582489,0.0135508790016174,1.3348202606773378,-2.6846742500305174,0.06928193421363861,1.3453907624816897,-2.685464429283142,-0.06426568050384553,1.3438910333251954,-2.684751330757141
nan,nan,nan,-0.06363294273614883,-0.00945120956748724,-0.9979286193847656,-0.041284479200839996,0.4686126112937927,-1.293513536453247,0.055666305124759674,0.472669780254364,-1.2968149185180664,0.06914278119802475,0.49836987257003784,-1.3060405254364014,-0.04555659741163254,0.5026389956474304,-1.3133544921875,-0.0009688809514045715,0.001937761902809143,-0.001516509335488081,0.0021315379999578,-0.003875523805618286,-0.0003033018729183823,-0.004069299902766943,0.0025190904270857573,-0.0010110063012689352,-0.0017439856892451644,-0.003875523805618286,-0.0005055031506344676,0.0,0.0,0.0,0.0,0.0,0.0,0.0,0.0,0.0,0.0,0.0,0.0,-0.011556725144386265,1.3370123332786563,-2.6853839861869813,0.013439806222915619,1.3350266519832612,-2.684390034866333,0.07035339376926453,1.3455105103302003,-2.6851737372398374,-0.06537825689315828,1.3440230740356447,-2.684466483783722
nan,nan,nan,-0.06347496807575226,-0.009318346157670021,-0.997939944267273,-0.0412239208817482,0.4685823321342468,-1.2935292720794678,0.055666305124759674,0.4727303385734558,-1.2968149185180664,0.06859781593084335,0.49830931425094604,-1.306056261062622,-0.04507216066122055,0.5025178790092468,-1.3133544921875,0.0005813285824842751,-0.00038755236892029643,-0.0009099055896513164,0.0025190904270857573,0.0007751047378405929,0.0007077043410390615,-0.003875523805618286,-0.0007751047378405929,0.0003033018729183823,0.0017439856892451644,-0.0031004189513623714,-0.00010110061703016981,0.0,0.0,0.0,0.0,0.0,0.0,0.0,0.0,0.0,0.0,0.0,0.0,-0.011461215019226048,1.3372023139953613,-2.6850915565490725,0.013328733444213836,1.3352330432891846,-2.6841058197021486,0.07142485332489046,1.345630258178711,-2.6848830451965333,-0.06649083328247105,1.3441551147460937,-2.684181636810303
nan,nan,nan,-0.06337713450193405,-0.009244389832019806,-0.9979468584060669,-0.0412239208817482,0.4686126112937927,-1.293576717376709,0.055636025965213776,0.4728211760520935,-1.2968149185180664,0.06820418685674667,0.49827903509140015,-1.3060719966888428,-0.04473908990621567,0.5025784373283386,-1.3133544921875,0.0023253143299371004,0.0029066430870443583,-0.0022242136765271425,0.0,0.0023253143299371004,0.0010110063012689352,0.00038755236892029643,-0.0005813285824842751,-0.0010110063012689352,0.00038755236892029643,0.003294195281341672,-0.00010110061703016981,0.0,0.0,0.0,0.0,0.0,0.0,0.0,0.0,0.0,0.0,0.0,0.0,-0.011365704894065829,1.3373922947120667,-2.6847991269111633,0.013217660665512054,1.3354394345951082,-2.6838216045379637,0.07249631288051636,1.3457500060272216,-2.6845923531532287,-0.06760340967178377,1.344287155456543,-2.6838967898368837
nan,nan,nan,-0.0632580816745758,-0.00940662994980812,-0.9979528784751892,-0.0411936417222023,0.4686126112937927,-1.2935924530029297,0.055636025965213776,0.4727606177330017,-1.296846628189087,0.06759866327047348,0.49833959341049194,-1.3060879707336426,-0.04458772391080856,0.5024875998497009,-1.3133387565612793,0.0029066430870443583,0.001937761902809143,-0.001718710525892675,0.0021315379999578,-0.001937761902809143,0.00010110061703016981,-0.0029066430870443583,0.0011626571649685502,-0.00010110061703016981,-0.0027128667570650578,-0.0009688809514045715,0.00010110061703016981,0.0,0.0,0.0,0.0,0.0,0.0,0.0,0.0,0.0,0.0,0.0,0.0,-0.011270194768905612,1.337582275428772,-2.684506697273254,0.01310658788681027,1.3356458259010315,-2.683537389373779,0.07356777243614229,1.3458697538757325,-2.6843016611099237,-0.06871598606109652,1.3444191961669922,-2.683611942863464
nan,nan,nan,-0.06308188289403915,-0.009556768462061882,-0.9979625940322876,-0.0412239208817482,0.4687337279319763,-1.293576717376709,0.055636025965213776,0.4727606177330017,-1.2969098091125488,0.06681140512228012,0.49836987257003784,-1.3061037063598633,-0.04425465315580368,0.5023059248924255,-1.3133230209350586,-0.0011626571649685502,0.0,0.00020220123406033963,0.004069299902766943,0.0011626571649685502,0.0,-0.001937761902809143,0.0027128667570650578,-0.00040440246812067926,-0.0007751047378405929,-0.001937761902809143,0.0021231132559478283,0.0,0.0,0.0,0.0,0.0,0.0,0.0,0.0,0.0,0.0,0.0,0.0,-0.011174684643745394,1.3377722561454775,-2.6842142676353453,0.012995515108108488,1.3358522172069551,-2.6832531742095944,0.07463923199176818,1.3459895017242434,-2.6840109690666196,-0.06982856245040925,1.3445512368774417,-2.683327095890045
nan,nan,nan,-0.06284084916114807,-0.009563712403178215,-0.9979777336120605,-0.0411633625626564,0.468824565410614,-1.2936081886291504,0.05554518848657608,0.4727303385734558,-1.2969729900360107,0.06614532321691513,0.49833959341049194,-1.3061037063598633,-0.043679378926754,0.5022756457328796,-1.3133387565612793,0.0007751047378405929,0.0009688809514045715,-0.001617609872482717,-0.0017439856892451644,-0.001937761902809143,-0.0005055031506344676,-0.0017439856892451644,-0.00038755236892029643,0.0005055031506344676,0.0007751047378405929,0.0009688809514045715,0.0006066037458367646,0.0,0.0,0.0,0.0,0.0,0.0,0.0,0.0,0.0,0.0,0.0,0.0,-0.011079174518585177,1.3379622368621826,-2.6839218379974366,0.012884442329406706,1.3360586085128785,-2.68296895904541,0.07571069154739411,1.3461092495727538,-2.6837202770233155,-0.07094113883972201,1.3446832775878907,-2.683042248916626
nan,nan,nan,-0.06264018267393112,-0.009406582452356815,-0.9979918599128723,-0.041102804243564606,0.4688548445701599,-1.2936241626739502,0.05557546764612198,0.4728211760520935,-1.2969887256622314,0.06550952047109604,0.49827903509140015,-1.3061351776123047,-0.042861901223659515,0.5022453665733337,-1.3133387565612793,0.001937761902809143,0.0021315379999578,0.0,0.0031004189513623714,0.0025190904270857573,-0.0011121068382635713,-0.0023253143299371004,0.0029066430870443583,-0.001516509335488081,-0.00038755236892029643,-0.001937761902809143,0.00040440246812067926,0.0,0.0,0.0,0.0,0.0,0.0,0.0,0.0,0.0,0.0,0.0,0.0,-0.01098366439342496,1.338152217578888,-2.6836294083595273,0.012773369550704924,1.3362649998188019,-2.6826847438812256,0.07678215110302004,1.3462289974212647,-2.683429584980011,-0.07205371522903477,1.3448153182983398,-2.6827574019432068
nan,nan,nan,-0.06242525205016136,-0.009389239363372326,-0.9980054497718811,-0.04107252508401871,0.4688548445701599,-1.2936556339263916,0.05542407184839249,0.4728514552116394,-1.2969729900360107,0.06451036781072617,0.49830931425094604,-1.3061351776123047,-0.04213523119688034,0.5022453665733337,-1.3133387565612793,0.0,0.0025190904270857573,-0.0009099055896513164,-0.0023253143299371004,-0.0029066430870443583,0.0010110063012689352,-0.004650628659874201,-0.0013564333785325289,0.0005055031506344676,-0.0007751047378405929,-0.0015502094756811857,0.0003033018729183823,0.0,0.0,0.0,0.0,0.0,0.0,0.0,0.0,0.0,0.0,0.0,0.0,-0.010888154268264743,1.3383421982955934,-2.6833369787216186,0.012662296772003142,1.3364713911247255,-2.682400528717041,0.07785361065864595,1.3463487452697755,-2.6831388929367064,-0.07316629161834749,1.3449473590087893,-2.6824725549697876
nan,nan,nan,-0.06212305650115013,-0.009597310796380043,-0.9980223774909973,-0.04104224592447281,0.4689456820487976,-1.2936716079711914,0.05533323436975479,0.4728514552116394,-1.297067642211914,0.06269367784261703,0.49833959341049194,-1.3061983585357666,-0.041408561170101166,0.5021242499351501,-1.3133230209350586,-0.0011626571649685502,0.001937761902809143,-0.0008088049362413585,0.001937761902809143,-0.0011626571649685502,-0.0003033018729183823,-0.006588390562683344,0.0,-0.0019209118327125907,0.004650628659874201,-0.0027128667570650578,0.0021231132559478283,0.0,0.0,0.0,0.0,0.0,0.0,0.0,0.0,0.0,0.0,0.0,0.0,-0.010792644143104525,1.3385321790122988,-2.6830445490837094,0.01255122399330136,1.336677782430649,-2.6821163135528563,0.07892507021427186,1.3464684931182864,-2.682848200893402,-0.07427886800766025,1.3450793997192385,-2.682187707996368
nan,nan,nan,-0.06164034828543663,-0.009807833470404148,-0.9980502128601074,-0.04083029180765152,0.469127357006073,-1.293687343597412,0.05521217733621597,0.4728514552116394,-1.2971150875091553,0.060937605798244476,0.49840015172958374,-1.306230068206787,-0.04043968766927719,0.5019122958183289,-1.3133230209350586,0.0025190904270857573,0.004650628659874201,-0.0006066037458367646,-0.0007751047378405929,0.0007751047378405929,0.0007077043410390615,-0.007944824174046516,0.001937761902809143,-0.0012132074916735291,0.0017439856892451644,-0.0005813285824842751,0.0019209118327125907,0.0,0.0,0.0,0.0,0.0,0.0,0.0,0.0,0.0,0.0,0.0,0.0,-0.010697134017944308,1.3387221597290042,-2.6827521194458006,0.012440151214599578,1.3368841737365724,-2.6818320983886714,0.07999652976989777,1.346588240966797,-2.6825575088500972,-0.07539144439697298,1.3452114404296878,-2.681902861022949
nan,nan,nan,-0.061113517731428146,-0.009793726727366447,-0.9980827569961548,-0.04067889600992203,0.4692181944847107,-1.2937030792236328,0.055151619017124176,0.4728817343711853,-1.2972257137298584,0.05903007835149765,0.49840015172958374,-1.306293249130249,-0.03871386498212814,0.5017610192298889,-1.3133544921875,0.0031004189513623714,0.001937761902809143,-0.0019209118327125907,0.0,0.0007751047378405929,0.0031341195572167635,-0.008138599805533886,0.0025190904270857573,-0.0010110063012689352,0.004844404757022858,-0.0015502094756811857,0.00020220123406033963,0.0,0.0,0.0,0.0,0.0,0.0,0.0,0.0,0.0,0.0,0.0,0.0,-0.01060162389278409,1.3389121404457094,-2.6824596898078914,0.012329078435897796,1.3370905650424958,-2.681547883224487,0.0810679893255237,1.3467079888153077,-2.682266816806793,-0.07650402078628574,1.3453434811401368,-2.68161801404953
nan,nan,nan,-0.06051516532897949,-0.00961596891283989,-0.9981209635734558,-0.04058805853128433,0.4691879153251648,-1.2939400672912598,0.05509106069803238,0.472972571849823,-1.2972731590270996,0.057576797902584076,0.49833959341049194,-1.3063879013061523,-0.0367155596613884,0.5017004609107971,-1.3133387565612793,0.0,-0.0017439856892451644,-0.001516509335488081,0.0011626571649685502,0.0015502094756811857,0.0,-0.0021315379999578,-0.00038755236892029643,-0.001617609872482717,0.0023253143299371004,-0.001937761902809143,0.00010110061703016981,0.0,0.0,0.0,0.0,0.0,0.0,0.0,0.0,0.0,0.0,0.0,0.0,-0.010506113767623873,1.3391021211624148,-2.6821672601699826,0.012218005657196013,1.3372969563484194,-2.6812636680603026,0.08213944888114963,1.3468277366638184,-2.6819761247634886,-0.07761659717559849,1.345475521850586,-2.6813331670761107
nan,nan,nan,-0.059794191271066666,-0.009539433754980564,-0.9981651306152344,-0.04049722105264664,0.4693090319633484,-1.2941296100616455,0.05487910658121109,0.4730634093284607,-1.2973206043243408,0.054730676114559174,0.49836987257003784,-1.3064513206481934,-0.03420250862836838,0.501730740070343,-1.3133387565612793,0.0036817477084696293,0.0042630759999156,0.0,0.00038755236892029643,-0.0027128667570650578,0.001516509335488081,-0.01259545236825943,0.001937761902809143,-0.0005055031506344676,0.003875523805618286,0.0,0.00020220123406033963,0.0,0.0,0.0,0.0,0.0,0.0,0.0,0.0,0.0,0.0,0.0,0.0,-0.010410603642463656,1.3392921018791202,-2.681874830532074,0.01210693287849423,1.3375033476543428,-2.680979452896118,0.08321090843677553,1.3469474845123293,-2.681685432720184,-0.07872917356491121,1.3456075625610353,-2.6810483201026916
nan,nan,nan,-0.05901661887764931,-0.009810840710997581,-0.99820876121521,-0.04034588485956192,0.4693393111228943,-1.2942085266113281,0.0546671524643898,0.4731239676475525,-1.2974941730499268,0.05115797370672226,0.49836987257003784,-1.3066091537475586,-0.032325319945812225,0.5015490651130676,-1.3133230209350586,0.0,0.0007751047378405929,-0.0012132074916735291,-0.0007751047378405929,-0.0007751047378405929,-0.00020220123406033963,-0.008719928562641144,0.0007751047378405929,-0.001415408682078123,0.007363495416939259,-0.001937761902809143,0.0007077043410390615,0.0,0.0,0.0,0.0,0.0,0.0,0.0,0.0,0.0,0.0,0.0,0.0,-0.010315093517303439,1.3394820825958254,-2.681582400894165,0.011995860099792447,1.3377097389602663,-2.6806952377319337,0.08428236799240145,1.34706723236084,-2.68139474067688,-0.07984174995422398,1.3457396032714846,-2.6807634731292724
nan,nan,nan,-0.057924799621105194,-0.0098488824442029,-0.9982723593711853,-0.03974030166864395,0.469853937625885,-1.2943034172058105,0.0546368733048439,0.4731542468070984,-1.2977943420410156,0.048554085195064545,0.49840015172958374,-1.3067512512207031,-0.029327834025025368,0.5012462735176086,-1.3133387565612793,0.0025190904270857573,0.003294195281341672,-0.0020220126025378704,0.0007751047378405929,-0.0005813285824842751,-0.0005055031506344676,-0.010076361708343029,0.0023253143299371004,-0.0005055031506344676,-0.0025190904270857573,-0.0009688809514045715,-0.00010110061703016981,0.0,0.0,0.0,0.0,0.0,0.0,0.0,0.0,0.0,0.0,0.0,0.0,-0.010219583392143222,1.3396720633125305,-2.681289971256256,0.011884787321090665,1.3379161302661897,-2.680411022567749,0.08535382754802735,1.3471869802093506,-2.681104048633575,-0.0809543263435367,1.3458716439819336,-2.680478626155853
nan,nan,nan,-0.05705346539616585,-0.009753472171723843,-0.9983235001564026,-0.03955862671136856,0.4700961709022522,-1.2943823337554932,0.05454603582620621,0.473275363445282,-1.2979207038879395,0.046434663236141205,0.49836987257003784,-1.306767225265503,-0.02699645794928074,0.5011857151985168,-1.3133387565612793,0.0023253143299371004,0.00019377618446014822,-0.001617609872482717,0.004069299902766943,-0.00019377618446014822,0.0003033018729183823,-0.008138599805533886,-0.0005813285824842751,-0.00040440246812067926,0.004650628659874201,-0.001937761902809143,-0.00040440246812067926,0.0,0.0,0.0,0.0,0.0,0.0,0.0,0.0,0.0,0.0,0.0,0.0,-0.010124073266983004,1.339862044029236,-2.680997541618347,0.011773714542388883,1.338122521572113,-2.680126807403564,0.08642528710365328,1.3473067280578614,-2.6808133565902708,-0.08206690273284946,1.3460036846923829,-2.6801937791824337
nan,nan,nan,-0.056376274675130844,-0.009582562372088432,-0.9983636140823364,-0.039498068392276764,0.470156729221344,-1.294571876525879,0.05433408170938492,0.4733964800834656,-1.2979207038879395,0.04455747455358505,0.49840015172958374,-1.3067986965179443,-0.024786198511719704,0.501125156879425,-1.3133230209350586,0.001937761902809143,-0.0009688809514045715,0.0005055031506344676,0.0013564333785325289,-0.00038755236892029643,0.00040440246812067926,-0.003875523805618286,0.0031004189513623714,-0.0019209118327125907,0.00019377618446014822,-0.0013564333785325289,0.0007077043410390615,0.0,0.0,0.0,0.0,0.0,0.0,0.0,0.0,0.0,0.0,0.0,0.0,-0.010028563141822787,1.3400520247459413,-2.680705111980438,0.011662641763687101,1.3383289128780367,-2.6798425922393796,0.08749674665927921,1.347426475906372,-2.6805226645469666,-0.08317947912216221,1.346135725402832,-2.6799089322090146
nan,nan,nan,-0.05574652925133705,-0.009596718475222588,-0.9983988404273987,-0.03943751007318497,0.4703989624977112,-1.2947139739990234,0.054182685911655426,0.4734267592430115,-1.2979366779327393,0.043073855340480804,0.49840015172958374,-1.306814432144165,-0.023332888260483742,0.5010645985603333,-1.3133230209350586,0.0021315379999578,0.00038755236892029643,-0.00040440246812067926,0.0013564333785325289,-0.0005813285824842751,0.0006066037458367646,-0.0029066430870443583,0.0029066430870443583,-0.00020220123406033963,0.0021315379999578,-0.00038755236892029643,0.0006066037458367646,0.0,0.0,0.0,0.0,0.0,0.0,0.0,0.0,0.0,0.0,0.0,0.0,-0.00993305301666257,1.3402420054626467,-2.680412682342529,0.011551568984985319,1.33853530418396,-2.679558377075195,0.0885682062149051,1.347546223754883,-2.680231972503662,-0.08429205551147495,1.3462677661132814,-2.6796240852355955
nan,nan,nan,-0.055418215692043304,-0.00967695377767086,-0.9984163641929626,-0.03928617388010025,0.4707016348838806,-1.294745683670044,0.054182685911655426,0.4733964800834656,-1.2980155944824219,0.04255910962820053,0.49840015172958374,-1.306814432144165,-0.02233373560011387,0.5008829236030579,-1.3133230209350586,0.0013564333785325289,0.0007751047378405929,-0.0010110063012689352,0.0,0.0,0.0,0.0015502094756811857,0.0,0.0,0.00019377618446014822,-0.001937761902809143,0.00010110061703016981,0.0,0.0,0.0,0.0,0.0,0.0,0.0,0.0,0.0,0.0,0.0,0.0,-0.009837542891502352,1.3404319861793519,-2.6801202527046204,0.011440496206283537,1.3387416954898834,-2.6792741619110108,0.08963966577053104,1.3476659716033936,-2.6799412804603575,-0.0854046319007877,1.3463998068237304,-2.6793392382621763
nan,nan,nan,-0.055249087512493134,-0.009710137732326984,-0.9984253644943237,-0.03910449892282486,0.4708530306816101,-1.2947614192962646,0.054182685911655426,0.4734267592430115,-1.2980787754058838,0.041983865201473236,0.49840015172958374,-1.3068461418151855,-0.02166762389242649,0.500852644443512,-1.3133230209350586,0.0025190904270857573,-0.00019377618446014822,-0.0008088049362413585,-0.0009688809514045715,0.0,0.00040440246812067926,-0.0025190904270857573,-0.0007751047378405929,-0.0010110063012689352,-0.0021315379999578,-0.0013564333785325289,0.0012132074916735291,0.0,0.0,0.0,0.0,0.0,0.0,0.0,0.0,0.0,0.0,0.0,0.0,-0.009742032766342135,1.3406219668960573,-2.6798278230667116,0.011329423427581755,1.338948086795807,-2.6789899467468263,0.09071112532615694,1.3477857194519043,-2.6796505884170534,-0.08651720829010043,1.3465318475341799,-2.679054391288757
nan,nan,nan,-0.055131878703832626,-0.00951138511300087,-0.9984337687492371,-0.03910449892282486,0.4708530306816101,-1.2947931289672852,0.054212965071201324,0.47348731756210327,-1.2980470657348633,0.04192330688238144,0.49840015172958374,-1.3068618774414062,-0.021122628822922707,0.500852644443512,-1.3133387565612793,0.0023253143299371004,0.0021315379999578,-0.00020220123406033963,0.001937761902809143,-0.0005813285824842751,0.0024264149833470583,-0.004069299902766943,0.0031004189513623714,-0.0007077043410390615,-0.00038755236892029643,-0.001937761902809143,-0.001314308145083487,0.0,0.0,0.0,0.0,0.0,0.0,0.0,0.0,0.0,0.0,0.0,0.0,-0.009646522641181918,1.3408119476127627,-2.679535393428802,0.011218350648879973,1.3391544781017304,-2.6787057315826415,0.09178258488178287,1.3479054673004152,-2.6793598963737484,-0.08762978467941318,1.3466638882446291,-2.6787695443153376
nan,nan,nan,-0.05511624366044998,-0.009417365305125713,-0.9984355568885803,-0.03910449892282486,0.4708530306816101,-1.294856309890747,0.054212965071201324,0.47354787588119507,-1.298063039779663,0.041832469403743744,0.49836987257003784,-1.306877613067627,-0.02081986702978611,0.5008829236030579,-1.3133230209350586,0.0011626571649685502,0.001937761902809143,-0.00010110061703016981,0.0015502094756811857,-0.00019377618446014822,-0.00020220123406033963,-0.0011626571649685502,-0.0017439856892451644,0.00020220123406033963,0.00038755236892029643,0.0009688809514045715,-0.00010110061703016981,0.0,0.0,0.0,0.0,0.0,0.0,0.0,0.0,0.0,0.0,0.0,0.0,-0.0095510125160217,1.3410019283294679,-2.679242963790893,0.011107277870178189,1.339360869407654,-2.6784215164184566,0.09285404443740879,1.348025215148926,-2.6790692043304443,-0.08874236106872595,1.3467959289550784,-2.6784846973419185
nan,nan,nan,-0.055075254291296005,-0.00948859378695488,-0.9984371066093445,-0.03910449892282486,0.4709438681602478,-1.294856309890747,0.054182685911655426,0.47354787588119507,-1.2980787754058838,0.04146911948919296,0.49843043088912964,-1.3069093227386475,-0.020698750391602516,0.5008223652839661,-1.3133230209350586,0.003294195281341672,0.0013564333785325289,-0.0011121068382635713,-0.0013564333785325289,-0.0027128667570650578,0.00040440246812067926,0.0,0.0017439856892451644,-0.001516509335488081,-0.004069299902766943,-0.001937761902809143,0.00020220123406033963,0.0,0.0,0.0,0.0,0.0,0.0,0.0,0.0,0.0,0.0,0.0,0.0,-0.009455502390861483,1.3411919090461732,-2.6789505341529845,0.010996205091476407,1.3395672607135773,-2.678137301254272,0.09392550399303469,1.3481449629974365,-2.6787785122871397,-0.08985493745803867,1.3469279696655274,-2.6781998503684994
nan,nan,nan,-0.05483970791101456,-0.009577833116054535,-0.9984492063522339,-0.03910449892282486,0.4710649847984314,-1.294856309890747,0.054182685911655426,0.47357815504074097,-1.2980945110321045,0.04086359590291977,0.49846071004867554,-1.306877613067627,-0.02045651711523533,0.5007920861244202,-1.313307285308838,0.00038755236892029643,0.0031004189513623714,-0.0003033018729183823,-0.0005813285824842751,-0.00019377618446014822,0.00020220123406033963,-0.0017439856892451644,0.0029066430870443583,0.0012132074916735291,-0.0029066430870443583,-0.004650628659874201,0.001516509335488081,0.0,0.0,0.0,0.0,0.0,0.0,0.0,0.0,0.0,0.0,0.0,0.0,-0.009359992265701266,1.3413818897628784,-2.6786581045150757,0.010885132312774624,1.3397736520195007,-2.6778530860900878,0.09499696354866062,1.3482647108459473,-2.678487820243835,-0.09096751384735142,1.3470600103759767,-2.6779150033950803
nan,nan,nan,-0.05472792312502861,-0.009606637991964817,-0.9984551072120667,-0.03907421976327896,0.4710649847984314,-1.2948720455169678,0.054182685911655426,0.47360843420028687,-1.2981104850769043,0.04046996682882309,0.49840015172958374,-1.3069093227386475,-0.019699597731232643,0.5008223652839661,-1.313307285308838,0.0036817477084696293,0.0007751047378405929,-0.0019209118327125907,0.0017439856892451644,0.0009688809514045715,0.00020220123406033963,0.0025190904270857573,-0.0007751047378405929,-0.0010110063012689352,0.003294195281341672,-0.00038755236892029643,0.0006066037458367646,0.0,0.0,0.0,0.0,0.0,0.0,0.0,0.0,0.0,0.0,0.0,0.0,-0.009264482140541049,1.3415718704795838,-2.678365674877167,0.010774059534072842,1.3399800433254243,-2.6775688709259033,0.09606842310428652,1.3483844586944582,-2.678197128200531,-0.09208009023666415,1.347192051086426,-2.677630156421661
nan,nan,nan,-0.05459612235426903,-0.009516235440969467,-0.9984631538391113,-0.03907421976327896,0.4710649847984314,-1.2948720455169678,0.05415240675210953,0.47363871335983276,-1.2980945110321045,0.04004611819982529,0.49843043088912964,-1.3069093227386475,-0.018882090225815773,0.5008223652839661,-1.313307285308838,0.0027128667570650578,0.0009688809514045715,-0.00040440246812067926,0.00038755236892029643,-0.00019377618446014822,0.00020220123406033963,-0.0017439856892451644,0.004069299902766943,0.00020220123406033963,0.00019377618446014822,-0.0015502094756811857,0.0010110063012689352,0.0,0.0,0.0,0.0,0.0,0.0,0.0,0.0,0.0,0.0,0.0,0.0,-0.009168972015380831,1.3417618511962892,-2.6780732452392577,0.01066298675537106,1.340186434631348,-2.6772846557617185,0.09713988265991244,1.3485042065429689,-2.677906436157226,-0.09319266662597692,1.3473240917968752,-2.677345309448242
nan,nan,nan,-0.05442385375499725,-0.009478620253503323,-0.9984729290008545,-0.03904394060373306,0.4710347056388855,-1.294919490814209,0.05415240675210953,0.47372955083847046,-1.2980787754058838,0.03953137248754501,0.49840015172958374,-1.3068935871124268,-0.018155420199036598,0.5008223652839661,-1.313307285308838,0.003487971378490329,-0.0025190904270857573,-0.0009099055896513164,0.0011626571649685502,0.0,0.0020220126025378704,-0.0013564333785325289,-0.0017439856892451644,0.0019209118327125907,-0.0007751047378405929,-0.001937761902809143,0.0010110063012689352,0.0,0.0,0.0,0.0,0.0,0.0,0.0,0.0,0.0,0.0,0.0,0.0,-0.009073461890220612,1.3419518319129944,-2.6777808156013485,0.010551913976669278,1.340392825937271,-2.677000440597534,0.09821134221553837,1.3486239543914795,-2.677615744113922,-0.09430524301528967,1.3474561325073242,-2.677060462474823
nan,nan,nan,-0.05409346893429756,-0.009629587642848492,-0.9984894394874573,-0.039013661444187164,0.4711558222770691,-1.2949352264404297,0.05412212759256363,0.47369927167892456,-1.2981419563293457,0.03838082402944565,0.49843043088912964,-1.3069250583648682,-0.017337942495942116,0.5007618069648743,-1.313307285308838,0.0007751047378405929,0.0011626571649685502,-0.0005055031506344676,0.0029066430870443583,-0.0015502094756811857,0.0,-0.0050381808541715145,0.003487971378490329,0.0,0.0027128667570650578,-0.0031004189513623714,0.0007077043410390615,0.0,0.0,0.0,0.0,0.0,0.0,0.0,0.0,0.0,0.0,0.0,0.0,-0.008977951765060395,1.3421418126296998,-2.6774883859634397,0.010440841197967496,1.3405992172431946,-2.676716225433349,0.09928280177116428,1.3487437022399904,-2.6773250520706173,-0.0954178194046024,1.3475881732177735,-2.6767756155014037
nan,nan,nan,-0.05371486023068428,-0.00972563587129116,-0.9985089302062988,-0.03889254480600357,0.4712769389152527,-1.2949509620666504,0.054091908037662506,0.47372955083847046,-1.2982208728790283,0.03732111304998398,0.49846071004867554,-1.3069250583648682,-0.016520434990525246,0.5006710886955261,-1.313307285308838,0.0007751047378405929,0.0,0.0005055031506344676,0.0029066430870443583,0.0,0.00040440246812067926,-0.0011626571649685502,0.0031004189513623714,0.00010110061703016981,-0.0005813285824842751,-0.004069299902766943,0.00020220123406033963,0.0,0.0,0.0,0.0,0.0,0.0,0.0,0.0,0.0,0.0,0.0,0.0,-0.008882441639900178,1.3423317933464052,-2.677195956325531,0.010329768419265714,1.3408056085491182,-2.6764320102691648,0.1003542613267902,1.348863450088501,-2.677034360027313,-0.09653039579391515,1.3477202139282227,-2.6764907685279846
nan,nan,nan,-0.05337526276707649,-0.009664183482527733,-0.9985277652740479,-0.038801707327365875,0.4713374972343445,-1.295030117034912,0.05403134971857071,0.47372955083847046,-1.2982683181762695,0.03620084375143051,0.49836987257003784,-1.3069407939910889,-0.015218520537018776,0.5006710886955261,-1.313307285308838,0.00038755236892029643,-0.00038755236892029643,-0.001718710525892675,-0.0005813285824842751,0.0,0.0009099055896513164,-0.006200837902724743,-0.003294195281341672,-0.0011121068382635713,0.00038755236892029643,-0.001937761902809143,0.0007077043410390615,0.0,0.0,0.0,0.0,0.0,0.0,0.0,0.0,0.0,0.0,0.0,0.0,-0.00878693151473996,1.3425217740631106,-2.6769035266876218,0.010218695640563932,1.3410119998550418,-2.6761477951049804,0.10142572088241611,1.348983197937012,-2.6767436679840086,-0.09764297218322789,1.347852254638672,-2.6762059215545655
nan,nan,nan,-0.05303822085261345,-0.009479837492108345,-0.9985474944114685,-0.038801707327365875,0.4713374972343445,-1.295203685760498,0.053910233080387115,0.47388094663619995,-1.2982840538024902,0.03553476184606552,0.49836987257003784,-1.3069407939910889,-0.01409825123846531,0.5007618069648743,-1.313291311264038,0.00019377618446014822,0.0017439856892451644,-0.001415408682078123,-0.0013564333785325289,0.00038755236892029643,0.0008088049362413585,-0.0015502094756811857,-0.00019377618446014822,0.0007077043410390615,0.0027128667570650578,0.0029066430870443583,0.001718710525892675,0.0,0.0,0.0,0.0,0.0,0.0,0.0,0.0,0.0,0.0,0.0,0.0,-0.008691421389579743,1.342711754779816,-2.676611097049713,0.010107622861862148,1.3412183911609652,-2.675863579940796,0.10249718043804203,1.3491029457855226,-2.6764529759407045,-0.09875554857254064,1.3479842953491212,-2.6759210745811464
nan,nan,nan,-0.05273188650608063,-0.009431314654648304,-0.9985641837120056,-0.038831986486911774,0.4713374972343445,-1.295393466949463,0.05387995392084122,0.4740322232246399,-1.2983472347259521,0.03480806201696396,0.49836987257003784,-1.3069567680358887,-0.013159627094864845,0.5007315278053284,-1.313291311264038,-0.0017439856892451644,-0.0009688809514045715,0.0005055031506344676,0.0005813285824842751,-0.0013564333785325289,-0.0012132074916735291,-0.0007751047378405929,-0.0009688809514045715,-0.0008088049362413585,0.001937761902809143,0.00019377618446014822,0.00020220123406033963,0.0,0.0,0.0,0.0,0.0,0.0,0.0,0.0,0.0,0.0,0.0,0.0,-0.008595911264419526,1.3429017354965211,-2.676318667411804,0.009996550083160366,1.3414247824668886,-2.675579364776611,0.10356863999366796,1.3492226936340332,-2.6761622838973995,-0.09986812496185339,1.3481163360595705,-2.675636227607727
nan,nan,nan,-0.05244798958301544,-0.009510798379778862,-0.9985783696174622,-0.03874114900827408,0.47154945135116577,-1.2954881191253662,0.05384967476129532,0.4740927815437317,-1.2984263896942139,0.03414198011159897,0.49843043088912964,-1.3069567680358887,-0.012342149391770363,0.500701367855072,-1.313307285308838,0.0025190904270857573,0.005619509611278772,-0.0003033018729183823,-0.0007751047378405929,0.0009688809514045715,0.0008088049362413585,-0.003487971378490329,0.0021315379999578,0.0,0.001937761902809143,-0.001937761902809143,0.00040440246812067926,0.0,0.0,0.0,0.0,0.0,0.0,0.0,0.0,0.0,0.0,0.0,0.0,-0.008500401139259308,1.3430917162132265,-2.676026237773895,0.009885477304458583,1.341631173772812,-2.6752951496124266,0.10464009954929385,1.3493424414825441,-2.6758715918540954,-0.10098070135116612,1.3482483767700195,-2.6753513806343077
nan,nan,nan,-0.052120547741651535,-0.009458262473344803,-0.9985960125923157,-0.03874114900827408,0.47164028882980347,-1.2955830097198486,0.05387995392084122,0.4740322232246399,-1.298536777496338,0.03341533988714218,0.49843043088912964,-1.3069567680358887,-0.011100763455033302,0.5006710886955261,-1.313291311264038,-0.0009688809514045715,0.005231957416981459,-0.0020220126025378704,0.0011626571649685502,-0.003875523805618286,0.0020220126025378704,-0.0015502094756811857,0.0009688809514045715,0.00040440246812067926,-0.0011626571649685502,-0.0011626571649685502,0.0019209118327125907,0.0,0.0,0.0,0.0,0.0,0.0,0.0,0.0,0.0,0.0,0.0,0.0,-0.008404891014099091,1.3432816969299317,-2.6757338081359863,0.009774404525756801,1.3418375650787355,-2.675010934448242,0.10571155910491978,1.3494621893310548,-2.675580899810791,-0.10209327774047888,1.348380417480469,-2.6750665336608885
nan,nan,nan,-0.0518559105694294,-0.00924479030072689,-0.9986118078231812,-0.03868059068918228,0.47164028882980347,-1.295677661895752,0.05387995392084122,0.4741230607032776,-1.2985527515411377,0.03290059417486191,0.49836987257003784,-1.3069567680358887,-0.01007133163511753,0.5006710886955261,-1.313307285308838,0.003487971378490329,0.0,-0.0010110063012689352,0.0021315379999578,-0.0013564333785325289,-0.0005055031506344676,0.0,0.0015502094756811857,0.0,-0.0017439856892451644,-0.0021315379999578,-0.0006066037458367646,0.0,0.0,0.0,0.0,0.0,0.0,0.0,0.0,0.0,0.0,0.0,0.0,-0.008309380888938874,1.343471677646637,-2.6754413784980775,0.00966333174705502,1.3420439563846591,-2.6747267192840574,0.10678301866054568,1.3495819371795656,-2.6752902077674863,-0.10320585412979161,1.3485124581909183,-2.6747816866874694
nan,nan,nan,-0.05160919576883316,-0.009170974604785442,-0.9986252188682556,-0.03871086984872818,0.47167056798934937,-1.2958989143371582,0.05384967476129532,0.474304735660553,-1.2985527515411377,0.032083116471767426,0.49836987257003784,-1.3069725036621094,-0.009102458134293556,0.500701367855072,-1.313291311264038,0.0031004189513623714,0.0015502094756811857,-0.001415408682078123,0.0025190904270857573,0.0,0.00010110061703016981,-0.0036817477084696293,-0.0009688809514045715,-0.0010110063012689352,0.00038755236892029643,-0.0013564333785325289,0.0009099055896513164,0.0,0.0,0.0,0.0,0.0,0.0,0.0,0.0,0.0,0.0,0.0,0.0,-0.008213870763778656,1.3436616583633423,-2.6751489488601683,0.009552258968353237,1.3422503476905823,-2.674442504119873,0.10785447821617161,1.3497016850280763,-2.674999515724182,-0.10431843051910436,1.3486444989013673,-2.6744968397140503
nan,nan,nan,-0.05121949315071106,-0.009255015291273594,-0.9986445307731628,-0.03871086984872818,0.47173112630844116,-1.2959935665130615,0.05375883728265762,0.4743350148200989,-1.2985684871673584,0.031053686514496803,0.49836987257003784,-1.3069725036621094,-0.008012467995285988,0.5006710886955261,-1.313291311264038,0.0017439856892451644,0.00038755236892029643,-0.001617609872482717,0.0,-0.001937761902809143,0.001617609872482717,-0.0042630759999156,-0.0013564333785325289,0.0005055031506344676,0.003875523805618286,-0.0031004189513623714,0.001314308145083487,0.0,0.0,0.0,0.0,0.0,0.0,0.0,0.0,0.0,0.0,0.0,0.0,-0.00811836063861844,1.3438516390800477,-2.6748565192222595,0.009441186189651455,1.3424567389965059,-2.6741582889556885,0.10892593777179754,1.349821432876587,-2.6747088236808776,-0.10543100690841711,1.3487765396118165,-2.674211992740631
nan,nan,nan,-0.05072011426091194,-0.009309536777436733,-0.9986695051193237,-0.03865031152963638,0.47182196378707886,-1.296088457107544,0.053698278963565826,0.4743350148200989,-1.298710584640503,0.029812300577759743,0.49846071004867554,-1.3069725036621094,-0.006831639911979437,0.500701367855072,-1.313307285308838,0.0021315379999578,0.0042630759999156,0.00010110061703016981,0.00038755236892029643,-0.0023253143299371004,0.0003033018729183823,-0.004844404757022858,0.0042630759999156,-0.001415408682078123,-0.0025190904270857573,0.0025190904270857573,-0.0005055031506344676,0.0,0.0,0.0,0.0,0.0,0.0,0.0,0.0,0.0,0.0,0.0,0.0,-0.008022850513458222,1.344041619796753,-2.6745640895843503,0.009330113410949673,1.3426631303024295,-2.6738740737915037,0.10999739732742345,1.3499411807250978,-2.674418131637573,-0.10654358329772984,1.3489085803222658,-2.6739271457672116
nan,nan,nan,-0.05027640238404274,-0.009365768171846867,-0.9986914396286011,-0.038620032370090485,0.47188252210617065,-1.296199083328247,0.05360744148492813,0.4743955731391907,-1.2988369464874268,0.0282378438860178,0.49846071004867554,-1.3069725036621094,-0.005802208092063665,0.5006408095359802,-1.313291311264038,0.0009688809514045715,0.0009688809514045715,-0.0010110063012689352,0.0,0.00019377618446014822,-0.00040440246812067926,-0.006394614465534687,0.006200837902724743,-0.00040440246812067926,0.004844404757022858,-0.001937761902809143,0.0007077043410390615,0.0,0.0,0.0,0.0,0.0,0.0,0.0,0.0,0.0,0.0,0.0,0.0,-0.007927340388298005,1.3442316005134585,-2.6742716599464416,0.009219040632247889,1.3428695216083528,-2.6735898586273192,0.11106885688304936,1.3500609285736087,-2.6741274395942685,-0.1076561596870426,1.349040621032715,-2.6736422987937924
nan,nan,nan,-0.04984048381447792,-0.009343132376670837,-0.998713493347168,-0.038620032370090485,0.47194308042526245,-1.296325445175171,0.05345604568719864,0.47448641061782837,-1.2989792823791504,0.026542330160737038,0.49840015172958374,-1.30698823928833,-0.004681938793510199,0.5006408095359802,-1.313291311264038,0.00038755236892029643,0.003487971378490329,-0.0019209118327125907,-0.0009688809514045715,0.0011626571649685502,0.0,-0.006394614465534687,0.0015502094756811857,-0.001415408682078123,-0.0025190904270857573,-0.001937761902809143,0.0010110063012689352,0.0,0.0,0.0,0.0,0.0,0.0,0.0,0.0,0.0,0.0,0.0,0.0,-0.007831830263137787,1.3444215812301636,-2.6739792303085324,0.009107967853546107,1.3430759129142762,-2.6733056434631344,0.11214031643867527,1.3501806764221191,-2.6738367475509643,-0.10876873607635533,1.349172661743164,-2.6733574518203733
nan,nan,nan,-0.049486007541418076,-0.009395601227879524,-0.9987305998802185,-0.038620032370090485,0.47197335958480835,-1.296436071395874,0.053334929049015045,0.47457724809646606,-1.2991056442260742,0.025512898340821266,0.49840015172958374,-1.30698823928833,-0.003652506973594427,0.5006710886955261,-1.313291311264038,0.0007751047378405929,0.0025190904270857573,-0.0010110063012689352,-0.0027128667570650578,-0.004069299902766943,-0.0005055031506344676,-0.0031004189513623714,0.001937761902809143,-0.0009099055896513164,0.003487971378490329,0.0005813285824842751,0.0,0.0,0.0,0.0,0.0,0.0,0.0,0.0,0.0,0.0,0.0,0.0,0.0,-0.00773632013797757,1.344611561946869,-2.6736868006706236,0.008996895074844325,1.3432823042201998,-2.67302142829895,0.11321177599430118,1.35030042427063,-2.67354605550766,-0.1098813124656681,1.3493047024536133,-2.673072604846954
nan,nan,nan,-0.048909544944763184,-0.009496912360191345,-0.99875807762146,-0.03855947405099869,0.47203391790390015,-1.2965624332427979,0.053334929049015045,0.47469836473464966,-1.2992794513702393,0.023665929213166237,0.49836987257003784,-1.3070039749145508,-0.002229446079581976,0.5006105303764343,-1.3132755756378174,0.0,0.0031004189513623714,-0.001516509335488081,0.001937761902809143,-0.00019377618446014822,-0.001314308145083487,-0.001937761902809143,-0.0007751047378405929,-0.0007077043410390615,0.0027128667570650578,-0.0023253143299371004,0.002628616290166974,0.0,0.0,0.0,0.0,0.0,0.0,0.0,0.0,0.0,0.0,0.0,0.0,-0.007640810012817353,1.3448015426635744,-2.673394371032715,0.008885822296142543,1.3434886955261232,-2.6727372131347655,0.11428323554992711,1.350420172119141,-2.6732553634643557,-0.11099388885498085,1.3494367431640626,-2.672787757873535
nan,nan,nan,-0.04837789386510849,-0.009594939649105072,-0.9987829923629761,-0.0383777990937233,0.47212475538253784,-1.2966728210449219,0.053365208208560944,0.47478920221328735,-1.2993583679199219,0.022394323721528053,0.49846071004867554,-1.3070039749145508,-0.000927531742490828,0.5006408095359802,-1.313291311264038,0.001937761902809143,0.001937761902809143,-0.0007077043410390615,0.0054257335141301155,0.0009688809514045715,0.0021231132559478283,-0.0036817477084696293,0.003875523805618286,0.0,0.007751047611236572,0.0009688809514045715,0.0010110063012689352,0.0,0.0,0.0,0.0,0.0,0.0,0.0,0.0,0.0,0.0,0.0,0.0,-0.007545299887657135,1.3449915233802798,-2.6731019413948056,0.00877474951744076,1.3436950868320467,-2.6724529979705807,0.11535469510555302,1.3505399199676515,-2.6729646714210507,-0.11210646524429357,1.3495687838745118,-2.6725029109001155
nan,nan,nan,-0.047832224518060684,-0.009589891880750656,-0.9988093376159668,-0.03825674206018448,0.47224587202072144,-1.2968308925628662,0.05324409157037735,0.47488003969192505,-1.299468994140625,0.02081986702978611,0.49843043088912964,-1.3070199489593506,0.0008891284232959151,0.5006105303764343,-1.313291311264038,-0.0009688809514045715,0.0,-0.001314308145083487,-0.00019377618446014822,-0.0027128667570650578,0.0,-0.0050381808541715145,-0.0007751047378405929,-0.0003033018729183823,0.005619509611278772,-0.0023253143299371004,0.0010110063012689352,0.0,0.0,0.0,0.0,0.0,0.0,0.0,0.0,0.0,0.0,0.0,0.0,-0.007449789762496918,1.345181504096985,-2.672809511756897,0.008663676738738978,1.3439014781379701,-2.6721687828063962,0.11642615466117895,1.3506596678161622,-2.672673979377746,-0.11321904163360633,1.3497008245849609,-2.6722180639266964
nan,nan,nan,-0.04727312922477722,-0.009501184336841106,-0.9988368153572083,-0.0383475199341774,0.47230643033981323,-1.2973837852478027,0.05309269577264786,0.47503143548965454,-1.299532175064087,0.01888212002813816,0.49840015172958374,-1.3070356845855713,0.002221351955085993,0.5006710886955261,-1.313307285308838,-0.0013564333785325289,0.0027128667570650578,-0.002830817364156246,0.00019377618446014822,-0.0025190904270857573,-0.0011121068382635713,-0.004456852562725544,0.0013564333785325289,-0.0009099055896513164,0.00038755236892029643,0.0,-0.0010110063012689352,0.0,0.0,0.0,0.0,0.0,0.0,0.0,0.0,0.0,0.0,0.0,0.0,-0.007354279637336701,1.3453714848136902,-2.6725170821189876,0.008552603960037196,1.3441078694438935,-2.671884567642212,0.11749761421680485,1.3507794156646729,-2.672383287334442,-0.11433161802291905,1.3498328652954101,-2.6719332169532772
nan,nan,nan,-0.046682845801115036,-0.009426675736904144,-0.9988653063774109,-0.03849891573190689,0.4724275469779968,-1.29795241355896,0.05275968462228775,0.475334107875824,-1.2995636463165283,0.017368221655488014,0.49846071004867554,-1.3070199489593506,0.003704941365867853,0.500701367855072,-1.3132755756378174,0.0,0.001937761902809143,-0.0018198111793026328,0.00038755236892029643,-0.0007751047378405929,0.001718710525892675,-0.009495032951235771,0.001937761902809143,0.0018198111793026328,0.0031004189513623714,0.00019377618446014822,0.0007077043410390615,0.0,0.0,0.0,0.0,0.0,0.0,0.0,0.0,0.0,0.0,0.0,0.0,-0.007258769512176483,1.3455614655303956,-2.672224652481079,0.008441531181335414,1.344314260749817,-2.671600352478027,0.11856907377243078,1.3508991635131837,-2.6720925952911374,-0.1154441944122318,1.3499649060058596,-2.671648369979858
nan,nan,nan,-0.04604041203856468,-0.009574977681040764,-0.998893678188324,-0.0383777990937233,0.4727000594139099,-1.2979683876037598,0.05254773050546646,0.47542494535446167,-1.2996900081634521,0.015460753813385963,0.49846071004867554,-1.3070673942565918,0.005097723100334406,0.5006408095359802,-1.313291311264038,0.004844404757022858,0.007169718854129314,0.0,0.00038755236892029643,-0.0015502094756811857,-0.0005055031506344676,-0.006588390562683344,0.0031004189513623714,-0.0020220126025378704,0.0007751047378405929,-0.001937761902809143,-0.0006066037458367646,0.0,0.0,0.0,0.0,0.0,0.0,0.0,0.0,0.0,0.0,0.0,0.0,-0.007163259387016265,1.345751446247101,-2.67193222284317,0.008330458402633632,1.3445206520557407,-2.6713161373138425,0.1196405333280567,1.3510189113616946,-2.6718019032478333,-0.11655677080154457,1.3500969467163089,-2.671363523006439
nan,nan,nan,-0.04548809677362442,-0.009668939746916294,-0.9989181160926819,-0.0383172407746315,0.4729422926902771,-1.2980473041534424,0.05251745134592056,0.47542494535446167,-1.299926996231079,0.01446160115301609,0.49852126836776733,-1.3070673942565918,0.006369358394294977,0.5006408095359802,-1.3132598400115967,0.00019377618446014822,0.004844404757022858,-0.0003033018729183823,-0.0031004189513623714,-0.0029066430870443583,-0.001415408682078123,-0.0036817477084696293,0.0017439856892451644,-0.0010110063012689352,0.004650628659874201,0.00019377618446014822,0.001718710525892675,0.0,0.0,0.0,0.0,0.0,0.0,0.0,0.0,0.0,0.0,0.0,0.0,-0.007067749261856048,1.3459414269638061,-2.6716397932052613,0.008219385623931848,1.3447270433616638,-2.671031922149658,0.1207119928836826,1.351138659210205,-2.6715112112045287,-0.1176693471908573,1.350228987426758,-2.67107867603302
nan,nan,nan,-0.045183874666690826,-0.00954405963420868,-0.9989330768585205,-0.03825674206018448,0.472972571849823,-1.2981419563293457,0.052487172186374664,0.47551578283309937,-1.3000218868255615,0.013644063845276833,0.49852126836776733,-1.3070673942565918,0.007429069373756647,0.5006710886955261,-1.3132755756378174,0.004069299902766943,0.0005813285824842751,-0.0009099055896513164,0.0027128667570650578,0.0013564333785325289,-0.0010110063012689352,-0.0029066430870443583,0.001937761902809143,-0.0009099055896513164,0.0005813285824842751,0.0007751047378405929,0.0006066037458367646,0.0,0.0,0.0,0.0,0.0,0.0,0.0,0.0,0.0,0.0,0.0,0.0,-0.006972239136695831,1.3461314076805115,-2.671347363567352,0.008108312845230066,1.3449334346675874,-2.6707477069854733,0.12178345243930852,1.351258407058716,-2.671220519161224,-0.11878192358017006,1.3503610281372072,-2.6707938290596003
nan,nan,nan,-0.04488195478916168,-0.009312872774899006,-0.998948872089386,-0.0382869616150856,0.472972571849823,-1.2982842922210693,0.052456893026828766,0.47563689947128296,-1.299990177154541,0.013099098578095436,0.49849098920822144,-1.3070831298828125,0.008549338206648827,0.500701367855072,-1.3132755756378174,0.003294195281341672,0.0023253143299371004,-0.0010110063012689352,0.0025190904270857573,-0.0015502094756811857,0.0020220126025378704,-0.0007751047378405929,0.0,-0.0010110063012689352,0.0011626571649685502,0.0,0.0006066037458367646,0.0,0.0,0.0,0.0,0.0,0.0,0.0,0.0,0.0,0.0,0.0,0.0,-0.0068767290115356134,1.346321388397217,-2.671054933929443,0.007997240066528284,1.345139825973511,-2.670463491821289,0.12285491199493442,1.3513781549072266,-2.6709298271179196,-0.11989449996948279,1.3504930688476564,-2.670508982086181
nan,nan,nan,-0.04470466077327728,-0.009360168129205704,-0.9989563822746277,-0.0383475199341774,0.472972571849823,-1.2983789443969727,0.05236605554819107,0.47581857442855835,-1.3000059127807617,0.01234217919409275,0.49849098920822144,-1.3070831298828125,0.00912461243569851,0.500701367855072,-1.3132598400115967,-0.0015502094756811857,-0.0007751047378405929,0.0006066037458367646,0.0013564333785325289,-0.00019377618446014822,0.0,-0.0013564333785325289,0.0005813285824842751,-0.0011121068382635713,-0.0007751047378405929,0.0,0.0024264149833470583,0.0,0.0,0.0,0.0,0.0,0.0,0.0,0.0,0.0,0.0,0.0,0.0,-0.006781218886375396,1.3465113691139223,-2.670762504291534,0.007886167287826502,1.3453462172794344,-2.6701792766571044,0.12392637155056035,1.3514979027557374,-2.670639135074615,-0.12100707635879554,1.3506251095581057,-2.670224135112762
nan,nan,nan,-0.044466644525527954,-0.009573408402502537,-0.9989650249481201,-0.03825674206018448,0.4731542468070984,-1.2984421253204346,0.052275218069553375,0.47581857442855835,-1.300053358078003,0.011464083567261696,0.49849098920822144,-1.3070831298828125,0.009518241509795189,0.5006408095359802,-1.3132755756378174,0.0029066430870443583,-0.0011626571649685502,-0.003033018670976162,-0.00019377618446014822,0.0009688809514045715,0.001314308145083487,-0.004650628659874201,-0.0009688809514045715,0.0008088049362413585,-0.0021315379999578,-0.0023253143299371004,0.0010110063012689352,0.0,0.0,0.0,0.0,0.0,0.0,0.0,0.0,0.0,0.0,0.0,0.0,-0.006685708761215179,1.3467013498306275,-2.6704700746536254,0.00777509450912472,1.3455526085853577,-2.6698950614929196,0.12499783110618629,1.351617650604248,-2.670348443031311,-0.12211965274810829,1.3507571502685547,-2.669939288139343
nan,nan,nan,-0.04429370164871216,-0.009593104012310505,-0.998972475528717,-0.03822646290063858,0.4733662009239197,-1.2984106540679932,0.052305497229099274,0.47578829526901245,-1.300163984298706,0.0109191183000803,0.49855154752731323,-1.307114601135254,0.010063236579298973,0.5006408095359802,-1.3132755756378174,0.00019377618446014822,0.004456852562725544,0.0005055031506344676,0.004650628659874201,-0.0017439856892451644,0.00010110061703016981,-0.0050381808541715145,0.0027128667570650578,-0.0022242136765271425,-0.004650628659874201,-0.001937761902809143,0.0005055031506344676,0.0,0.0,0.0,0.0,0.0,0.0,0.0,0.0,0.0,0.0,0.0,0.0,-0.0065901986360549615,1.346891330547333,-2.6701776450157166,0.0076640217304229374,1.3457589998912813,-2.669610846328735,0.1260692906618122,1.3517373984527588,-2.6700577509880064,-0.12323222913742102,1.350889190979004,-2.669654441165924
nan,nan,nan,-0.044610440731048584,-0.009536569006741047,-0.998958945274353,-0.03816590458154678,0.47372955083847046,-1.2984578609466553,0.05176053196191788,0.4763938784599304,-1.3001797199249268,0.010676885023713112,0.4987635016441345,-1.3071463108062744,0.010063236579298973,0.5006408095359802,-1.3132755756378174,0.0036817477084696293,0.0023253143299371004,-0.001617609872482717,0.005231957416981459,0.003487971378490329,-0.0005055031506344676,-0.003487971378490329,0.0025190904270857573,-0.0005055031506344676,0.0009688809514045715,-0.001937761902809143,0.0,0.0,0.0,0.0,0.0,0.0,0.0,0.0,0.0,0.0,0.0,0.0,0.0,-0.006494688510894744,1.3470813112640383,-2.669885215377808,0.007552948951721155,1.3459653911972047,-2.6693266311645507,0.12714075021743812,1.3518571463012696,-2.6697670589447022,-0.12434480552673377,1.3510212316894532,-2.669369594192505
nan,nan,nan,-0.04447508603334427,-0.00955339428037405,-0.998964786529541,-0.03822646290063858,0.47366899251937866,-1.2983946800231934,0.051397182047367096,0.476514995098114,-1.3001322746276855,0.010374093428254128,0.4986423850059509,-1.3071463108062744,0.010244881734251976,0.5007315278053284,-1.3132755756378174,0.0011626571649685502,0.006200837902724743,0.00040440246812067926,-0.0017439856892451644,0.0011626571649685502,-0.00010110061703016981,-0.001937761902809143,-0.00019377618446014822,0.00040440246812067926,-0.0013564333785325289,-0.0009688809514045715,0.0007077043410390615,0.0,0.0,0.0,0.0,0.0,0.0,0.0,0.0,0.0,0.0,0.0,0.0,-0.006399178385734527,1.3472712919807437,-2.669592785739898,0.007441876173019372,1.3461717825031283,-2.669042416000366,0.12821220977306402,1.3519768941497805,-2.6694763669013972,-0.1254573819160465,1.3511532723999025,-2.6690847472190855
nan,nan,nan,-0.04424009099602699,-0.00946534052491188,-0.9989761114120483,-0.03816590458154678,0.47382038831710815,-1.298473834991455,0.05157885700464249,0.4766361117362976,-1.3001954555511475,0.009919965639710426,0.4987635016441345,-1.3071463108062744,0.010941272601485252,0.5007315278053284,-1.3132755756378174,-0.00038755236892029643,0.0017439856892451644,-0.0008088049362413585,0.0011626571649685502,-0.001937761902809143,-0.0011121068382635713,-0.0042630759999156,-0.00019377618446014822,0.0005055031506344676,0.0013564333785325289,-0.0025190904270857573,-0.0008088049362413585,0.0,0.0,0.0,0.0,0.0,0.0,0.0,0.0,0.0,0.0,0.0,0.0,-0.00630366826057431,1.347461272697449,-2.6693003561019895,0.00733080339431759,1.3463781738090517,-2.6687582008361814,0.12928366932868995,1.3520966419982912,-2.669185674858093,-0.12656995830535928,1.3512853131103517,-2.6687999002456664
nan,nan,nan,-0.04380687326192856,-0.009709087200462818,-0.9989928603172302,-0.03810534626245499,0.474001944065094,-1.298473834991455,0.051427461206912994,0.4766361117362976,-1.3002429008483887,0.008315229788422585,0.4987635016441345,-1.3071463108062744,0.011758780106902122,0.500701367855072,-1.3132598400115967,0.0,0.001937761902809143,-0.001415408682078123,0.0031004189513623714,-0.0005813285824842751,0.0010110063012689352,-0.0050381808541715145,0.001937761902809143,0.0005055031506344676,0.0,0.001937761902809143,0.0010110063012689352,0.0,0.0,0.0,0.0,0.0,0.0,0.0,0.0,0.0,0.0,0.0,0.0,-0.006208158135414092,1.347651253414154,-2.6690079264640807,0.007219730615615808,1.346584565114975,-2.668473985671997,0.13035512888431586,1.3522163898468018,-2.6688949828147885,-0.12768253469467203,1.3514173538208007,-2.6685150532722473
nan,nan,nan,-0.044013965874910355,-0.009694714099168777,-0.9989838600158691,-0.03874114900827408,0.4743955731391907,-1.2984895706176758,0.051790811121463776,0.4769691824913025,-1.3003060817718506,0.007709705736488104,0.4990057349205017,-1.3071777820587158,0.012273496016860008,0.5009132027626038,-1.3132755756378174,-0.012789228931069374,0.006782166659832001,-0.00010110061703016981,0.009495032951235771,0.004650628659874201,-0.00040440246812067926,0.003875523805618286,0.005619509611278772,-0.0012132074916735291,0.0007751047378405929,0.0025190904270857573,-0.0003033018729183823,0.0,0.0,0.0,0.0,0.0,0.0,0.0,0.0,0.0,0.0,0.0,0.0,-0.006112648010253874,1.3478412341308594,-2.668715496826172,0.007108657836914026,1.3467909564208986,-2.668189770507812,0.13142658843994176,1.3523361376953127,-2.6686042907714844,-0.12879511108398475,1.3515493945312502,-2.668230206298828
nan,nan,nan,-0.04362713545560837,-0.010076666250824928,-0.9989970922470093,-0.03801450878381729,0.47500115633010864,-1.298473834991455,0.05070082098245621,0.4772114157676697,-1.3004324436187744,0.006559157278388739,0.4990965723991394,-1.3072094917297363,0.012182658538222313,0.500701367855072,-1.3132598400115967,0.010851467028260231,0.0027128667570650578,-0.0007077043410390615,-0.003487971378490329,-0.0050381808541715145,-0.0009099055896513164,0.0,-0.003875523805618286,-0.001314308145083487,0.0027128667570650578,-0.0025190904270857573,0.0010110063012689352,0.0,0.0,0.0,0.0,0.0,0.0,0.0,0.0,0.0,0.0,0.0,0.0,-0.006017137885093657,1.3480312148475648,-2.6684230671882627,0.006997585058212243,1.346997347726822,-2.6679055553436277,0.1324980479955677,1.3524558855438233,-2.66831359872818,-0.1299076874732975,1.3516814352416995,-2.667945359325409
nan,nan,nan,-0.04337448254227638,-0.009773608297109604,-0.9990110993385315,-0.03819618374109268,0.4750918745994568,-1.298600196838379,0.05067054182291031,0.47766560316085815,-1.3003535270690918,0.0061352490447461605,0.4991874098777771,-1.307225227355957,0.013575410470366478,0.5009434819221497,-1.3132755756378174,-0.0017439856892451644,0.0005813285824842751,-0.0024264149833470583,-0.0013564333785325289,-0.0015502094756811857,-0.0005055031506344676,-0.0025190904270857573,-0.0015502094756811857,0.0012132074916735291,0.0029066430870443583,-0.0005813285824842751,-0.0003033018729183823,0.0,0.0,0.0,0.0,0.0,0.0,0.0,0.0,0.0,0.0,0.0,0.0,-0.00592162775993344,1.3482211955642702,-2.668130637550354,0.006886512279510461,1.3472037390327456,-2.6676213401794433,0.1335695075511936,1.3525756333923342,-2.6680229066848753,-0.13102026386261023,1.3518134759521487,-2.66766051235199
nan,nan,nan,-0.04285884648561478,-0.009713128209114075,-0.9990339279174805,-0.038135625422000885,0.47545522451400757,-1.2986476421356201,0.05030719190835953,0.47799867391586304,-1.3003220558166504,0.0048938631080091,0.4992782473564148,-1.3072569370269775,0.014453476294875145,0.5009737610816956,-1.3132755756378174,-0.004650628659874201,0.0029066430870443583,-0.0019209118327125907,0.0013564333785325289,0.001937761902809143,0.0008088049362413585,-0.0054257335141301155,-0.00038755236892029643,-0.00010110061703016981,0.00038755236892029643,-0.0025190904270857573,-0.0006066037458367646,0.0,0.0,0.0,0.0,0.0,0.0,0.0,0.0,0.0,0.0,0.0,0.0,-0.005826117634773222,1.3484111762809754,-2.6678382079124447,0.006775439500808679,1.347410130338669,-2.6673371250152584,0.13464096710681953,1.3526953812408449,-2.6677322146415707,-0.13213284025192298,1.3519455166625978,-2.6673756653785703
nan,nan,nan,-0.04232396185398102,-0.00994918029755354,-0.9990543723106384,-0.0378933921456337,0.47578829526901245,-1.298774003982544,0.05051914602518082,0.47790783643722534,-1.3004324436187744,0.003470861818641424,0.4993993639945984,-1.3072569370269775,0.015785669907927513,0.500852644443512,-1.3132598400115967,0.005619509611278772,-0.0005813285824842751,-0.00040440246812067926,0.003875523805618286,-0.001937761902809143,-0.0005055031506344676,-0.004844404757022858,-0.00019377618446014822,0.00010110061703016981,0.003294195281341672,-0.001937761902809143,0.0007077043410390615,0.0,0.0,0.0,0.0,0.0,0.0,0.0,0.0,0.0,0.0,0.0,0.0,-0.005730607509613005,1.3486011569976808,-2.667545778274536,0.0066643667221068965,1.3476165216445923,-2.667052909851074,0.13571242666244546,1.3528151290893555,-2.667441522598266,-0.13324541664123574,1.352077557373047,-2.667090818405151
nan,nan,nan,-0.04325990751385689,-0.010191031731665134,-0.9990118741989136,-0.03925589472055435,0.476514995098114,-1.2986791133880615,0.05157885700464249,0.47839218378067017,-1.3004324436187744,0.0030166744254529476,0.5003681778907776,-1.3073201179504395,0.01566455326974392,0.501427948474884,-1.3132598400115967,0.0023253143299371004,0.005619509611278772,0.0,-0.005231957416981459,0.0,0.0027297167107462883,-0.0017439856892451644,0.007751047611236572,-0.0024264149833470583,-0.009107480756938457,0.0009688809514045715,0.00020220123406033963,0.0,0.0,0.0,0.0,0.0,0.0,0.0,0.0,0.0,0.0,0.0,0.0,-0.005635097384452788,1.3487911377143862,-2.667253348636627,0.006553293943405114,1.347822912950516,-2.6667686946868896,0.13678388621807136,1.3529348769378664,-2.667150830554962,-0.13435799303054846,1.3522095980834963,-2.666805971431732
nan,nan,nan,-0.042521215975284576,-0.011022754944860935,-0.9990347623825073,-0.0383172407746315,0.4770902991294861,-1.2988054752349854,0.04961083084344864,0.4791794419288635,-1.3011116981506348,0.0017450094455853105,0.5005801320075989,-1.3073673248291016,0.014877354726195335,0.5006408095359802,-1.313244104385376,0.0007751047378405929,0.004069299902766943,-0.0020220126025378704,0.00833237636834383,0.0,-0.005358333233743906,0.004456852562725544,0.001937761902809143,-0.0010110063012689352,0.003294195281341672,0.0007751047378405929,0.0018198111793026328,0.0,0.0,0.0,0.0,0.0,0.0,0.0,0.0,0.0,0.0,0.0,0.0,-0.00553958725929257,1.3489811184310916,-2.666960918998718,0.006442221164703331,1.3480293042564395,-2.666484479522705,0.1378553457736973,1.353054624786377,-2.6668601385116575,-0.13547056941986124,1.3523416387939455,-2.666521124458313
nan,nan,nan,-0.04190188646316528,-0.010209940373897552,-0.9990695714950562,-0.0383777990937233,0.4766966700553894,-1.2989792823791504,0.05009523779153824,0.4792702794075012,-1.301269769668579,0.0003825068415608257,0.5002774596214294,-1.3074147701263428,0.017420655116438866,0.5011857151985168,-1.3132598400115967,-0.0007751047378405929,0.0027128667570650578,-0.0012132074916735291,-0.007751047611236572,0.0027128667570650578,0.001516509335488081,-0.0058132861740887165,-0.00019377618446014822,-0.0012132074916735291,0.0017439856892451644,-0.0013564333785325289,0.00020220123406033963,0.0,0.0,0.0,0.0,0.0,0.0,0.0,0.0,0.0,0.0,0.0,0.0,-0.005444077134132353,1.3491710991477968,-2.6666684893608092,0.006331148386001549,1.3482356955623627,-2.6662002643585203,0.13892680532932317,1.3531743726348877,-2.6665694464683534,-0.13658314580917397,1.3524736795043946,-2.666236277484894
nan,nan,nan,-0.04133906215429306,-0.010977360419929028,-0.9990848898887634,-0.038983382284641266,0.4772719740867615,-1.299058198928833,0.04918692260980606,0.4804510474205017,-1.3014435768127441,-0.0026755095459520817,0.5006104111671448,-1.3074305057525635,0.017784005030989647,0.5013673901557922,-1.3132598400115967,0.007169718854129314,0.0017439856892451644,-0.0024264149833470583,0.007169718854129314,0.0,-0.001314308145083487,-0.009688809514045715,0.003875523805618286,0.0,0.006782166659832001,-0.00019377618446014822,0.0003033018729183823,0.0,0.0,0.0,0.0,0.0,0.0,0.0,0.0,0.0,0.0,0.0,0.0,-0.005348567008972136,1.3493610798645022,-2.6663760597229,0.006220075607299767,1.3484420868682863,-2.6659160491943354,0.1399982648849491,1.3532941204833986,-2.6662787544250484,-0.13769572219848672,1.3526057202148438,-2.665951430511474
nan,nan,nan,-0.040219858288764954,-0.010992110706865788,-0.999130368232727,-0.038438357412815094,0.47772616147994995,-1.299121379852295,0.049126364290714264,0.47993630170822144,-1.3014910221099854,-0.004946327302604914,0.5006104111671448,-1.307462215423584,0.020418142899870872,0.5011857151985168,-1.3132281303405762,0.0007751047378405929,0.004650628659874201,0.0,-0.0017439856892451644,0.003875523805618286,0.0,-0.006200837902724743,-0.00038755236892029643,-0.00020220123406033963,0.00988258607685566,-0.0015502094756811857,0.0024264149833470583,0.0,0.0,0.0,0.0,0.0,0.0,0.0,0.0,0.0,0.0,0.0,0.0,-0.0052530568838119185,1.3495510605812076,-2.6660836300849913,0.006109002828597985,1.3486484781742099,-2.665631834030151,0.14106972444057503,1.3534138683319092,-2.6659880623817442,-0.13880829858779947,1.352737760925293,-2.665666583538055
nan,nan,nan,-0.04184364527463913,-0.011338393203914165,-0.9990598559379578,-0.040709175169467926,0.4791491627693176,-1.2988529205322266,0.05118522793054581,0.4808446764945984,-1.3013014793395996,-0.005279338452965021,0.5023967623710632,-1.3074936866760254,0.019752031192183495,0.5023362040519714,-1.3132281303405762,0.0029066430870443583,0.006007061805576086,0.001718710525892675,0.008913705125451088,0.0013564333785325289,0.004549528006464243,-0.001937761902809143,0.008913705125451088,-0.0008088049362413585,-0.011045243591070175,0.006007061805576086,0.0018198111793026328,0.0,0.0,0.0,0.0,0.0,0.0,0.0,0.0,0.0,0.0,0.0,0.0,-0.005157546758651701,1.349741041297913,-2.6657912004470825,0.005997930049896202,1.3488548694801332,-2.6653476188659666,0.14214118399620093,1.3535336161804201,-2.6656973703384397,-0.1399208749771122,1.3528698016357423,-2.665381736564636
nan,nan,nan,-0.03890112042427063,-0.011338354088366032,-0.9991787075996399,-0.0383475199341774,0.479330837726593,-1.2996585369110107,0.04921720176935196,0.4802996516227722,-1.303149700164795,-0.008155738934874535,0.502457320690155,-1.3076200485229492,0.021659528836607933,0.5007920861244202,-1.3132281303405762,-0.0023253143299371004,0.0023253143299371004,-0.0061671375297009945,0.012401675805449486,0.0031004189513623714,-0.0057627358473837376,-0.0013564333785325289,0.001937761902809143,-0.0023253143299371004,0.017246080562472343,0.0027128667570650578,0.0011121068382635713,0.0,0.0,0.0,0.0,0.0,0.0,0.0,0.0,0.0,0.0,0.0,0.0,-0.005062036633491484,1.349931022014618,-2.6654987708091733,0.00588685727119442,1.3490612607860566,-2.665063403701782,0.14321264355182686,1.3536533640289308,-2.6654066782951356,-0.14103345136642495,1.3530018423461914,-2.665096889591217
nan,nan,nan,-0.038741037249565125,-0.010528978891670704,-0.9991937875747681,-0.0383777990937233,0.4793913960456848,-1.3003852367401123,0.050579704344272614,0.4808143973350525,-1.3030548095703125,-0.008821820840239525,0.5021546483039856,-1.307636022567749,0.024566149339079857,0.5013371109962463,-1.313244104385376,0.00019377618446014822,0.0031004189513623714,-0.0018198111793026328,0.0009688809514045715,0.004069299902766943,0.004650628659874201,-0.007363495416939259,-0.0021315379999578,-0.001516509335488081,0.016277199611067772,-0.00019377618446014822,0.0,0.0,0.0,0.0,0.0,0.0,0.0,0.0,0.0,0.0,0.0,0.0,0.0,-0.004966526508331266,1.3501210027313233,-2.6652063411712645,0.005775784492492638,1.3492676520919802,-2.6647791885375978,0.14428410310745277,1.3537731118774414,-2.665115986251831,-0.1421460277557377,1.3531338830566406,-2.6648120426177977
nan,nan,nan,-0.04005604237318039,-0.012102469801902771,-0.9991241097450256,-0.04061833769083023,0.480360209941864,-1.299942970275879,0.04921720176935196,0.4833577275276184,-1.3023755550384521,-0.010880684480071068,0.5030931830406189,-1.307636022567749,0.02405143342912197,0.502760112285614,-1.3132281303405762,-0.003487971378490329,0.003294195281341672,-0.0012132074916735291,-0.012983004562556744,0.0058132861740887165,0.005358333233743906,-0.007169718854129314,-0.0009688809514045715,-0.00020220123406033963,-0.0054257335141301155,-0.00833237636834383,0.001314308145083487,0.0,0.0,0.0,0.0,0.0,0.0,0.0,0.0,0.0,0.0,0.0,0.0,-0.004871016383171048,1.3503109834480287,-2.6649139115333558,0.005664711713790856,1.3494740433979036,-2.664494973373413,0.1453555626630787,1.3538928597259523,-2.6648252942085264,-0.14325860414505043,1.3532659237670899,-2.6645271956443786
nan,nan,nan,-0.03741111606359482,-0.012241610325872898,-0.9992249608039856,-0.039467789232730865,0.4806932806968689,-1.3005273342132568,0.047400571405887604,0.4838724732398987,-1.3036866188049316,-0.012909328565001488,0.5028206706047058,-1.307636022567749,0.02444506250321865,0.5022453665733337,-1.313244104385376,0.0085261519998312,-0.0023253143299371004,-0.00343742105178535,0.014920766465365887,-0.013176781125366688,-0.003033018670976162,0.0017439856892451644,0.0021315379999578,0.0,0.01569587178528309,0.00038755236892029643,-0.0005055031506344676,0.0,0.0,0.0,0.0,0.0,0.0,0.0,0.0,0.0,0.0,0.0,0.0,-0.004775506258010831,1.350500964164734,-2.6646214818954466,0.0055536389350890735,1.3496804347038271,-2.664210758209228,0.14642702221870463,1.3540126075744632,-2.664534602165222,-0.1443711805343632,1.3533979644775394,-2.664242348670959
nan,nan,nan,-0.03724054619669914,-0.01066215056926012,-0.9992494583129883,-0.039195336401462555,0.480965793132782,-1.3016648292541504,0.04885385185480118,0.4842962622642517,-1.3031337261199951,-0.013272618874907494,0.5025784373283386,-1.3076517581939697,0.0313786044716835,0.5026087164878845,-1.313244104385376,-0.01220790110528469,0.007751047611236572,-0.001718710525892675,0.003294195281341672,0.007169718854129314,0.001415408682078123,0.0031004189513623714,-0.0017439856892451644,-0.001415408682078123,0.0025190904270857573,0.0011626571649685502,0.00010110061703016981,0.0,0.0,0.0,0.0,0.0,0.0,0.0,0.0,0.0,0.0,0.0,0.0,-0.004679996132850614,1.3506909448814393,-2.6643290522575374,0.0054425661563872905,1.3498868260097505,-2.6639265430450436,0.1474984817743305,1.3541323554229736,-2.6642439101219173,-0.14548375692367593,1.3535300051879884,-2.66395750169754
nan,nan,nan,-0.040351927280426025,-0.011138875968754292,-0.9991234540939331,-0.04267726093530655,0.4832063317298889,-1.3009064197540283,0.051215507090091705,0.4866580367088318,-1.3012380599975586,-0.013484572991728783,0.5064237713813782,-1.3076674938201904,0.028835302218794823,0.5045163035392761,-1.313244104385376,-0.004456852562725544,0.0025190904270857573,-0.00040440246812067926,-0.010657690465450287,-0.0017439856892451644,0.011424371041357517,0.0017439856892451644,0.0023253143299371004,0.0012132074916735291,-0.0013564333785325289,-0.0023253143299371004,-0.00010110061703016981,0.0,0.0,0.0,0.0,0.0,0.0,0.0,0.0,0.0,0.0,0.0,0.0,-0.0045844860076903965,1.3508809255981447,-2.6640366226196286,0.005331493377685508,1.3500932173156739,-2.663642327880859,0.14856994132995643,1.3542521032714845,-2.663953218078613,-0.14659633331298869,1.3536620458984376,-2.6636726547241207
nan,nan,nan,-0.037148620933294296,-0.012168819084763527,-0.9992356300354004,-0.04013393074274063,0.48296409845352173,-1.3014121055603027,0.047370292246341705,0.48708194494247437,-1.3026282787322998,-0.014907633885741234,0.5053942799568176,-1.3076834678649902,0.028986668214201927,0.5027298331260681,-1.313244104385376,0.012983004562556744,-0.011820347979664803,-0.0018198111793026328,-0.006200837902724743,-0.009107480756938457,-0.006066037341952324,-0.0050381808541715145,-0.0009688809514045715,0.00040440246812067926,0.003875523805618286,-0.007751047611236572,-0.0005055031506344676,0.0,0.0,0.0,0.0,0.0,0.0,0.0,0.0,0.0,0.0,0.0,0.0,-0.004488975882530179,1.35107090631485,-2.66374419298172,0.005220420598983726,1.3502996086215975,-2.6633581127166748,0.14964140088558234,1.3543718511199954,-2.6636625260353086,-0.1477089097023014,1.353794086608887,-2.6633878077507016
nan,nan,nan,-0.035772670060396194,-0.010127607733011246,-0.9993086457252502,-0.03955862671136856,0.4820861220359802,-1.3042869567871094,0.05064026266336441,0.4859010577201843,-1.3046977519989014,-0.015785669907927513,0.5046979784965515,-1.3076834678649902,0.03434581309556961,0.5026087164878845,-1.3132281303405762,0.00019377618446014822,0.0021315379999578,-0.0019209118327125907,0.0036817477084696293,0.006200837902724743,0.007784747518599033,-0.008913705125451088,-0.003294195281341672,-0.00020220123406033963,0.01569587178528309,0.010851467028260231,0.00020220123406033963,0.0,0.0,0.0,0.0,0.0,0.0,0.0,0.0,0.0,0.0,0.0,0.0,-0.004393465757369962,1.3512608870315554,-2.663451763343811,0.005109347820281944,1.3505059999275209,-2.6630738975524904,0.15071286044120827,1.354491598968506,-2.6633718339920045,-0.14882148609161416,1.3539261273193361,-2.6631029607772825
nan,nan,nan,-0.03672585263848305,-0.01004139892756939,-0.9992749094963074,-0.042162515223026276,0.4837210774421692,-1.304018497467041,0.05045858770608902,0.48944348096847534,-1.3038761615753174,-0.01672426424920559,0.5057879090309143,-1.307699203491211,0.03607163578271866,0.5040923953056335,-1.3132281303405762,-0.009107480756938457,0.009301257319748402,0.0007077043410390615,0.010270138271152973,0.006782166659832001,0.001516509335488081,0.008138599805533886,0.011045243591070175,0.00020220123406033963,-0.011820347979664803,0.006975942756980658,0.0005055031506344676,0.0,0.0,0.0,0.0,0.0,0.0,0.0,0.0,0.0,0.0,0.0,0.0,-0.004297955632209745,1.3514508677482608,-2.6631593337059023,0.004998275041580161,1.3507123912334444,-2.662789682388306,0.1517843199968342,1.354611346817017,-2.6630811419487,-0.14993406248092692,1.3540581680297854,-2.662818113803864
nan,nan,nan,-0.03846502676606178,-0.009810255840420723,-0.9992117881774902,-0.04270748049020767,0.4866580367088318,-1.3037025928497314,0.05112466961145401,0.49116939306259155,-1.3012540340423584,-0.015785669907927513,0.5089368224143982,-1.307746410369873,0.035133011639118195,0.5055153965950012,-1.3132123947143555,0.007169718854129314,0.01414566207677126,-0.001718710525892675,0.0017439856892451644,0.0058132861740887165,0.005661634728312492,-0.003487971378490329,0.001937761902809143,-0.0007077043410390615,-0.003294195281341672,-0.003875523805618286,0.001314308145083487,0.0,0.0,0.0,0.0,0.0,0.0,0.0,0.0,0.0,0.0,0.0,0.0,-0.004202445507049527,1.351640848464966,-2.6628669040679926,0.004887202262878379,1.3509187825393678,-2.6625054672241206,0.1528557795524601,1.3547310946655273,-2.6627904499053954,-0.15104663887023967,1.3541902087402344,-2.662533266830444
nan,nan,nan,-0.03472350910305977,-0.01049316767603159,-0.9993418455123901,-0.038983382284641266,0.4863249659538269,-1.3041133880615234,0.04694638401269913,0.4905335307121277,-1.3036394119262695,-0.017632579430937767,0.5077559351921082,-1.3077149391174316,0.03543580323457718,0.5036987662315369,-1.313244104385376,0.010463914833962917,-0.009107480756938457,-0.0035385217051953077,-0.0011626571649685502,-0.008913705125451088,-0.011323269456624985,-0.003487971378490329,-0.006200837902724743,-0.00010110061703016981,0.007751047611236572,-0.0031004189513623714,-0.00040440246812067926,0.0,0.0,0.0,0.0,0.0,0.0,0.0,0.0,0.0,0.0,0.0,0.0,-0.00410693538188931,1.3518308291816712,-2.662574474430084,0.004776129484176597,1.3511251738452912,-2.662221252059936,0.15392723910808603,1.3548508425140382,-2.662499757862091,-0.1521592152595524,1.3543222494506837,-2.6622484198570247
nan,nan,nan,-0.03399953618645668,-0.010312930680811405,-0.9993686676025391,-0.040467001497745514,0.48550742864608765,-1.3048083782196045,0.04985300451517105,0.4902307391166687,-1.3049030303955078,-0.021780645474791527,0.507513701915741,-1.307699203491211,0.04067379981279373,0.5046374201774597,-1.3132123947143555,0.0007751047378405929,0.003487971378490329,0.0035385217051953077,-0.00833237636834383,0.007363495416939259,0.006066037341952324,-0.014726990833878517,-0.0009688809514045715,-0.00040440246812067926,0.0050381808541715145,0.0,0.0011121068382635713,0.0,0.0,0.0,0.0,0.0,0.0,0.0,0.0,0.0,0.0,0.0,0.0,-0.004011425256729093,1.3520208098983766,-2.662282044792175,0.004665056705474815,1.3513315651512148,-2.661937036895752,0.1549986986637119,1.354970590362549,-2.6622090658187862,-0.15327179164886515,1.354454290161133,-2.661963572883606
nan,nan,nan,-0.03170717507600784,-0.010500798933207989,-0.9994420409202576,-0.03971002250909805,0.4866580367088318,-1.3051400184631348,0.046401359140872955,0.49159330129623413,-1.3052349090576172,-0.027139758691191673,0.5077256560325623,-1.3077306747436523,0.04279322177171707,0.5043346285820007,-1.3132123947143555,0.0005813285824842751,-0.001937761902809143,-0.003235219744965434,0.0054257335141301155,-0.008138599805533886,-0.0009099055896513164,-0.007751047611236572,0.0031004189513623714,0.0009099055896513164,0.010270138271152973,-0.001937761902809143,-0.0008088049362413585,0.0,0.0,0.0,0.0,0.0,0.0,0.0,0.0,0.0,0.0,0.0,0.0,-0.003915915131568875,1.352210790615082,-2.6619896151542664,0.004553983926773032,1.3515379564571384,-2.6616528217315674,0.15607015821933784,1.3550903382110597,-2.661918373775482,-0.1543843680381779,1.3545863308715822,-2.661678725910187
nan,nan,nan,-0.03552420064806938,-0.008964856155216694,-0.99932861328125,-0.04240474849939346,0.48904985189437866,-1.3050928115844727,0.052305497229099274,0.49347037076950073,-1.303907871246338,-0.024656986817717552,0.5107231736183167,-1.3077781200408936,0.044004328548908234,0.5068778395652771,-1.3131966590881348,-0.00988258607685566,0.01259545236825943,0.0009099055896513164,0.014533214271068573,0.01259545236825943,0.01031226385384798,0.003875523805618286,0.010657690465450287,-0.0024264149833470583,-0.011045243591070175,0.0023253143299371004,0.0010110063012689352,0.0,0.0,0.0,0.0,0.0,0.0,0.0,0.0,0.0,0.0,0.0,0.0,-0.0038204050064086577,1.3524007713317872,-2.6616971855163576,0.00444291114807125,1.3517443477630615,-2.661368606567383,0.15714161777496377,1.3552100860595704,-2.6616276817321776,-0.15549694442749065,1.3547183715820312,-2.6613938789367677
nan,nan,nan,-0.03589631989598274,-0.010803489945828915,-0.9992971420288086,-0.043615855276584625,0.49310702085494995,-1.3046977519989014,0.0512760654091835,0.4943787455558777,-1.3022174835205078,-0.025716697797179222,0.5129939913749695,-1.307746410369873,0.041400469839572906,0.5065447688102722,-1.3132123947143555,-0.0015502094756811857,0.006007061805576086,-0.0019209118327125907,0.003875523805618286,-0.0036817477084696293,-0.004751729313284159,-0.004650628659874201,-0.0009688809514045715,0.0003033018729183823,-0.005231957416981459,-0.0007751047378405929,0.0007077043410390615,0.0,0.0,0.0,0.0,0.0,0.0,0.0,0.0,0.0,0.0,0.0,0.0,-0.0037248948812484404,1.3525907520484926,-2.661404755878448,0.0043318383693694675,1.351950739068985,-2.6610843914031976,0.15821307733058967,1.3553298339080813,-2.661336989688873,-0.15660952081680338,1.3548504122924805,-2.661109031963348
nan,nan,nan,-0.03667430207133293,-0.010246592573821545,-0.999274730682373,-0.04434249550104141,0.4938337206840515,-1.3046345710754395,0.053365208208560944,0.49328869581222534,-1.3022966384887695,-0.02511117421090603,0.5134784579277039,-1.3077781200408936,0.041400469839572906,0.5062722563743591,-1.3132123947143555,0.007363495416939259,0.0011626571649685502,0.0003033018729183823,-0.0011626571649685502,0.0007751047378405929,0.0031341195572167635,-0.003875523805618286,0.003487971378490329,-0.0010110063012689352,-0.0042630759999156,-0.0050381808541715145,0.0007077043410390615,0.0,0.0,0.0,0.0,0.0,0.0,0.0,0.0,0.0,0.0,0.0,0.0,-0.003629384756088223,1.352780732765198,-2.661112326240539,0.004220765590667685,1.3521571303749087,-2.660800176239013,0.1592845368862156,1.355449581756592,-2.6610462976455684,-0.15772209720611613,1.35498245300293,-2.660824184989929
nan,nan,nan,-0.03677763417363167,-0.011693190783262253,-0.9992550611495972,-0.045947231352329254,0.493682324886322,-1.3046503067016602,0.052093543112277985,0.49344009160995483,-1.3027231693267822,-0.025262510403990746,0.5130545496940613,-1.3077781200408936,0.03937188535928726,0.5059393048286438,-1.3132281303405762,-0.003294195281341672,-0.0007751047378405929,-0.0020220126025378704,-0.007363495416939259,0.0009688809514045715,0.0006066037458367646,-0.006782166659832001,0.0015502094756811857,-0.001516509335488081,-0.0027128667570650578,0.0,-0.0005055031506344676,0.0,0.0,0.0,0.0,0.0,0.0,0.0,0.0,0.0,0.0,0.0,0.0,-0.0035338746309280054,1.3529707134819033,-2.6608198966026304,0.004109692811965903,1.352363521680832,-2.660515961074829,0.1603559964418415,1.3555693296051028,-2.6607556056022643,-0.15883467359542885,1.3551144937133792,-2.66053933801651
nan,nan,nan,-0.036766309291124344,-0.011302736587822437,-0.9992599487304688,-0.046976663172245026,0.49253183603286743,-1.3047609329223633,0.051245786249637604,0.49344009160995483,-1.3025336265563965,-0.024929499253630638,0.5113286375999451,-1.3077781200408936,0.03946269303560257,0.5059393048286438,-1.3132123947143555,-0.0023253143299371004,-0.00038755236892029643,0.0006066037458367646,-0.003294195281341672,0.0009688809514045715,0.0021231132559478283,0.003875523805618286,-0.0025190904270857573,-0.0009099055896513164,-0.004650628659874201,-0.0031004189513623714,0.0006066037458367646,0.0,0.0,0.0,0.0,0.0,0.0,0.0,0.0,0.0,0.0,0.0,0.0,-0.003438364505767788,1.3531606941986085,-2.6605274669647216,0.00399862003326412,1.3525699129867554,-2.6602317459106444,0.16142745599746744,1.3556890774536132,-2.6604649135589598,-0.1599472499847416,1.3552465344238283,-2.6602544910430908
nan,nan,nan,-0.03680654615163803,-0.011475823819637299,-0.9992564916610718,-0.04761246591806412,0.49204736948013306,-1.3047926425933838,0.05039802938699722,0.49331897497177124,-1.3023438453674316,-0.02520195208489895,0.5106626152992249,-1.3077781200408936,0.03922048956155777,0.5060604214668274,-1.3131966590881348,0.0,0.001937761902809143,-0.001516509335488081,0.0013564333785325289,0.0011626571649685502,0.0008088049362413585,-0.0013564333785325289,-0.0009688809514045715,-0.00040440246812067926,-0.001937761902809143,0.0009688809514045715,0.0025275154039263725,0.0,0.0,0.0,0.0,0.0,0.0,0.0,0.0,0.0,0.0,0.0,0.0,-0.0033428543806075708,1.353350674915314,-2.660235037326813,0.003887547254562338,1.352776304292679,-2.65994753074646,0.16249891555309337,1.355808825302124,-2.6601742215156556,-0.16105982637405436,1.3553785751342775,-2.6599696440696716
nan,nan,nan,-0.03685367852449417,-0.011243138462305069,-0.9992574453353882,-0.0479152575135231,0.49186569452285767,-1.3047926425933838,0.050155796110630035,0.49334925413131714,-1.302328109741211,-0.025292789563536644,0.5104203820228577,-1.3077781200408936,0.03925076872110367,0.5059695839881897,-1.3132123947143555,0.0013564333785325289,0.0011626571649685502,0.0005055031506344676,-0.00019377618446014822,-0.0015502094756811857,0.0024264149833470583,0.0009688809514045715,0.0011626571649685502,0.0,0.0015502094756811857,-0.0013564333785325289,0.00040440246812067926,0.0,0.0,0.0,0.0,0.0,0.0,0.0,0.0,0.0,0.0,0.0,0.0,-0.0032473442554473535,1.3535406556320193,-2.6599426076889037,0.003776474475860556,1.3529826955986024,-2.6596633155822755,0.16357037510871927,1.355928573150635,-2.659883529472351,-0.1621724027633671,1.3555106158447268,-2.6596847970962525
nan,nan,nan,-0.036855172365903854,-0.011289268732070923,-0.9992568492889404,-0.047854699194431305,0.49195653200149536,-1.3047926425933838,0.05021635442972183,0.49337953329086304,-1.3023598194122314,-0.025323068723082542,0.5104809403419495,-1.3077938556671143,0.03915993124246597,0.5059695839881897,-1.3132281303405762,0.0011626571649685502,0.001937761902809143,0.0007077043410390615,-0.0009688809514045715,-0.0009688809514045715,0.0,-0.0021315379999578,0.0011626571649685502,-0.001516509335488081,-0.0031004189513623714,-0.0007751047378405929,-0.00040440246812067926,0.0,0.0,0.0,0.0,0.0,0.0,0.0,0.0,0.0,0.0,0.0,0.0,-0.003151834130287136,1.3537306363487247,-2.6596501780509945,0.0036654016971587734,1.353189086904526,-2.6593791004180902,0.16464183466434518,1.3560483209991456,-2.659592837429046,-0.16328497915267987,1.355642656555176,-2.659399950122833
nan,nan,nan,-0.037039387971162796,-0.01145471166819334,-0.9992481470108032,-0.04712805896997452,0.49132078886032104,-1.3052349090576172,0.04964111000299454,0.49280422925949097,-1.3029758930206299,-0.02047870121896267,0.5096028447151184,-1.3088839054107666,0.034466929733753204,0.5050007700920105,-1.3138442039489746,0.007944824174046516,-0.0036817477084696293,-0.0019209118327125907,-0.0031004189513623714,-0.006007061805576086,-0.002830817364156246,0.059101738035678864,-0.012014123611152172,-0.01637830212712288,-0.05852040648460388,-0.0153083186596632,-0.011424371041357517,0.0,0.0,0.0,0.0,0.0,0.0,0.0,0.0,0.0,0.0,0.0,0.0,-0.003056324005126919,1.3539206170654297,-2.6593577484130857,0.0035543289184569913,1.3533954782104494,-2.659094885253906,0.16571329421997108,1.3561680688476563,-2.659302145385742,-0.1643975555419926,1.355774697265625,-2.659115103149414
nan,nan,nan,-0.03980128467082977,-0.012217736802995205,-0.9991329312324524,-0.04525081068277359,0.48968571424484253,-1.3063881397247314,0.04730973392724991,0.49192625284194946,-1.3045871257781982,0.00383415212854743,0.5050612092018127,-1.3106846809387207,0.011122947558760643,0.5010948777198792,-1.3169562816619873,0.0027128667570650578,0.00038755236892029643,-0.002931918017566204,-0.0015502094756811857,-0.0042630759999156,-0.0036396223586052656,0.039336565881967545,-0.0017439856892451644,-0.0036396223586052656,-0.04321209341287613,-0.0027128667570650578,-0.00343742105178535,0.0,0.0,0.0,0.0,0.0,0.0,0.0,0.0,0.0,0.0,0.0,0.0,-0.002960813879966701,1.354110597782135,-2.659065318775177,0.0034432561397552087,1.3536018695163727,-2.6588106700897214,0.166784753775597,1.3562878166961672,-2.6590114533424374,-0.16551013193130534,1.3559067379760743,-2.6588302561759947
nan,nan,nan,-0.04645292088389397,-0.009858597069978714,-0.9988718032836914,-0.04358557611703873,0.4885048270225525,-1.3070988655090332,0.04694638401269913,0.4907757639884949,-1.306056261062622,0.02290900982916355,0.503062903881073,-1.3120906352996826,-0.004560822155326605,0.4977642893791199,-1.318251609802246,0.001937761902809143,-0.004844404757022858,-0.001617609872482717,0.0029066430870443583,-0.0042630759999156,-0.0019209118327125907,0.04902537912130356,-0.013951885513961315,-0.004246226511895657,-0.04553740471601486,-0.01666475273668766,-0.0007077043410390615,0.0,0.0,0.0,0.0,0.0,0.0,0.0,0.0,0.0,0.0,0.0,0.0,-0.002865303754806484,1.3543005784988404,-2.6587728891372677,0.0033321833610534266,1.3538082608222963,-2.658526454925537,0.16785621333122294,1.3564075645446778,-2.6587207612991333,-0.1666227083206181,1.3560387786865236,-2.6585454092025755
nan,nan,nan,-0.05333153158426285,-0.008878040127456188,-0.9985374212265015,-0.043646134436130524,0.48584049940109253,-1.3073832988739014,0.046976663172245026,0.48935264348983765,-1.3066248893737793,0.04398217052221298,0.4952816367149353,-1.3126277923583984,-0.02187957800924778,0.49186021089553833,-1.3186466693878174,-0.004844404757022858,-0.0042630759999156,-0.001617609872482717,0.001937761902809143,-0.006588390562683344,-0.0007077043410390615,0.047087617218494415,-0.02286558970808983,-0.003033018670976162,-0.04728139191865921,-0.013370556756854057,0.00020220123406033963,0.0,0.0,0.0,0.0,0.0,0.0,0.0,0.0,0.0,0.0,0.0,0.0,-0.0027697936296462665,1.3544905592155458,-2.658480459499359,0.0032211105823516445,1.35401465212822,-2.6582422397613525,0.16892767288684885,1.3565273123931887,-2.6584300692558287,-0.16773528470993082,1.3561708193969728,-2.6582605622291564
nan,nan,nan,-0.05949321761727333,-0.007843321189284325,-0.9981979131698608,-0.04437277466058731,0.48199528455734253,-1.3075571060180664,0.04770330339670181,0.4877176880836487,-1.3068618774414062,0.06211843341588974,0.4882269501686096,-1.312880516052246,-0.0402882918715477,0.4910730719566345,-1.3191204071044922,0.0017439856892451644,-0.008719928562641144,-0.0019209118327125907,0.0025190904270857573,-0.0054257335141301155,0.0019209118327125907,0.044762302190065384,-0.016858529299497604,-0.0012132074916735291,-0.04825027287006378,0.0,-0.0021231132559478283,0.0,0.0,0.0,0.0,0.0,0.0,0.0,0.0,0.0,0.0,0.0,0.0,-0.0026742835044860492,1.354680539932251,-2.65818802986145,0.003110037803649862,1.354221043434143,-2.657958024597168,0.16999913244247478,1.3566470602416993,-2.6581393772125246,-0.16884786109924357,1.3563028601074218,-2.6579757152557373
nan,nan,nan,-0.06521930545568466,-0.007908281870186329,-0.997839629650116,-0.04525081068277359,0.47890692949295044,-1.3075885772705078,0.048066653311252594,0.4869305491447449,-1.3070039749145508,0.08004268258810043,0.4832008481025696,-1.3131332397460938,-0.056819848716259,0.49413102865219116,-1.3192942142486572,-0.004069299902766943,-0.005231957416981459,-0.0006066037458367646,0.0054257335141301155,-0.0021315379999578,-0.0008088049362413585,0.04263076186180115,-0.0017439856892451644,-0.0010110063012689352,-0.036236148327589035,0.012014123611152172,0.001516509335488081,0.0,0.0,0.0,0.0,0.0,0.0,0.0,0.0,0.0,0.0,0.0,0.0,-0.002578773379325832,1.3548705206489564,-2.657895600223541,0.0029989650249480798,1.3544274347400667,-2.657673809432983,0.17107059199810068,1.35676680809021,-2.6578486851692196,-0.16996043748855633,1.356434900817871,-2.6576908682823177
nan,nan,nan,-0.07034912705421448,-0.008538350462913513,-0.997485876083374,-0.04631052166223526,0.4763938784599304,-1.3076517581939697,0.04897496849298477,0.4861432909965515,-1.3071620464324951,0.09684672206640244,0.48368531465530396,-1.3132123947143555,-0.0739872083067894,0.4976431727409363,-1.319420576095581,-0.0017439856892451644,-0.005231957416981459,-0.0010110063012689352,0.0029066430870443583,-0.0017439856892451644,-0.00040440246812067926,0.0373988077044487,0.004844404757022858,-0.0008088049362413585,-0.03875523805618286,0.006975942756980658,0.0011121068382635713,0.0,0.0,0.0,0.0,0.0,0.0,0.0,0.0,0.0,0.0,0.0,0.0,-0.0024832632541656146,1.3550605013656618,-2.6576031705856322,0.002887892246246297,1.3546338260459903,-2.6573895942687984,0.1721420515537266,1.3568865559387209,-2.6575579931259155,-0.17107301387786908,1.3565669415283204,-2.6574060213088986
nan,nan,nan,-0.0740225613117218,-0.008671117946505547,-0.9972188472747803,-0.04718855768442154,0.47478920221328735,-1.3076677322387695,0.04988328367471695,0.48517435789108276,-1.307288408279419,0.10974498838186264,0.48656171560287476,-1.3131964206695557,-0.08634041994810104,0.5010343194007874,-1.3194363117218018,-0.0031004189513623714,-0.0025190904270857573,0.0003033018729183823,0.0,-0.004844404757022858,-0.0006066037458367646,0.033910833299160004,0.0085261519998312,0.0003033018729183823,-0.02926020324230194,0.010657690465450287,0.0027297167107462883,0.0,0.0,0.0,0.0,0.0,0.0,0.0,0.0,0.0,0.0,0.0,0.0,-0.0023877531290053973,1.3552504820823672,-2.657310740947723,0.002776819467544515,1.3548402173519136,-2.657105379104614,0.1732135111093525,1.3570063037872315,-2.657267301082611,-0.17218559026718183,1.3566989822387696,-2.6571211743354795
nan,nan,nan,-0.07917658984661102,-0.008208496496081352,-0.9968268275260925,-0.04824826866388321,0.4730028510093689,-1.307699203491211,0.0507916584610939,0.4842357039451599,-1.3073832988739014,0.12424793094396591,0.49052804708480835,-1.3131964206695557,-0.09845142811536789,0.5050310492515564,-1.3194680213928223,-0.001937761902809143,-0.0027128667570650578,-0.00010110061703016981,0.003294195281341672,-0.004650628659874201,0.001415408682078123,0.037980131804943085,0.011820347979664803,0.0,-0.03100419044494629,0.011239019222557545,0.00020220123406033963,0.0,0.0,0.0,0.0,0.0,0.0,0.0,0.0,0.0,0.0,0.0,0.0,-0.0022922430038451796,1.3554404627990724,-2.6570183113098143,0.0026657466888427325,1.355046608657837,-2.6568211639404296,0.17428497066497842,1.3571260516357422,-2.6569766090393063,-0.17329816665649456,1.3568310229492189,-2.6568363273620603
nan,nan,nan,-0.08383914083242416,-0.007875748910009861,-0.9964481592178345,-0.04951993376016617,0.4710347056388855,-1.3077149391174316,0.05188164860010147,0.4832971692085266,-1.3073673248291016,0.1382966935634613,0.4947971701622009,-1.3131964206695557,-0.11131938546895981,0.5096028447151184,-1.3195154666900635,-0.0031004189513623714,-0.0009688809514045715,-0.0012132074916735291,0.0029066430870443583,-0.0050381808541715145,0.0021231132559478283,0.03294195234775543,0.011432794854044914,0.00020220123406033963,-0.03371705859899521,0.011045243591070175,-0.001516509335488081,0.0,0.0,0.0,0.0,0.0,0.0,0.0,0.0,0.0,0.0,0.0,0.0,-0.0021967328786849623,1.3556304435157778,-2.6567258816719055,0.0025546739101409504,1.3552529999637606,-2.656536948776245,0.17535643022060435,1.357245799484253,-2.656685916996002,-0.1744107430458073,1.3569630636596681,-2.656551480388641
nan,nan,nan,-0.0886826142668724,-0.00809102039784193,-0.9960270524024963,-0.05094299465417862,0.4692181944847107,-1.3077149391174316,0.05327437072992325,0.4821164011955261,-1.3073041439056396,0.15155825018882751,0.4994296431541443,-1.3131964206695557,-0.125247061252594,0.5150831341743469,-1.3195154666900635,-0.0036817477084696293,-0.004650628659874201,0.0003033018729183823,0.006588390562683344,-0.006007061805576086,-0.0005055031506344676,0.035267267376184464,0.008913705125451088,-0.00040440246812067926,-0.04108055308461189,0.010657690465450287,0.00010110061703016981,0.0,0.0,0.0,0.0,0.0,0.0,0.0,0.0,0.0,0.0,0.0,0.0,-0.002101222753524745,1.3558204242324832,-2.6564334520339963,0.002443601131439168,1.355459391269684,-2.6562527336120603,0.17642788977623025,1.3573655473327637,-2.656395224952697,-0.17552331943512003,1.3570951043701174,-2.6562666334152216
nan,nan,nan,-0.09372229129076004,-0.00835407804697752,-0.9955633282661438,-0.05233577638864517,0.4675225615501404,-1.3077309131622314,0.055000223219394684,0.4807538390159607,-1.3071935176849365,0.1657584011554718,0.5035776495933533,-1.313180685043335,-0.13926556706428528,0.5204724669456482,-1.3195154666900635,-0.003294195281341672,-0.0042630759999156,-0.0007077043410390615,0.004844404757022858,-0.0025190904270857573,0.0008088049362413585,0.036236148327589035,0.01259545236825943,-0.00020220123406033963,-0.032554399222135544,0.012014123611152172,0.0007077043410390615,0.0,0.0,0.0,0.0,0.0,0.0,0.0,0.0,0.0,0.0,0.0,0.0,-0.0020057126283645277,1.3560104049491883,-2.6561410223960875,0.0023325283527373857,1.3556657825756075,-2.655968518447876,0.17749934933185618,1.3574852951812746,-2.656104532909393,-0.1766358958244328,1.3572271450805666,-2.6559817864418025
nan,nan,nan,-0.09863249212503433,-0.008096224628388882,-0.9950910210609436,-0.05375883728265762,0.4661903977394104,-1.307699203491211,0.05693797022104263,0.47957295179367065,-1.3070199489593506,0.18053385615348816,0.5082706809043884,-1.3131332397460938,-0.15201237797737122,0.5253774523735046,-1.3195469379425049,-0.004069299902766943,-0.0017439856892451644,0.0,0.006975942756980658,-0.004069299902766943,0.0,0.03953034430742264,0.012789228931069374,-0.00010110061703016981,-0.03294195234775543,0.010463914833962917,0.0005055031506344676,0.0,0.0,0.0,0.0,0.0,0.0,0.0,0.0,0.0,0.0,0.0,0.0,-0.0019102025032043102,1.3562003856658937,-2.6558485927581783,0.0022214555740356036,1.3558721738815311,-2.655684303283691,0.1785708088874821,1.3576050430297855,-2.6558138408660885,-0.17774847221374554,1.3573591857910159,-2.6556969394683834
nan,nan,nan,-0.10333768278360367,-0.007881144061684608,-0.9946150779724121,-0.05551490932703018,0.46519118547439575,-1.3076834678649902,0.05914822965860367,0.4783317446708679,-1.3067197799682617,0.19352290034294128,0.5133876204490662,-1.3131332397460938,-0.16690894961357117,0.5296465754508972,-1.3195469379425049,-0.0013564333785325289,0.0007751047378405929,0.0006066037458367646,0.007363495416939259,-0.0023253143299371004,0.0022242136765271425,0.03003530763089657,0.01414566207677126,-0.0010110063012689352,-0.03972411900758743,0.011045243591070175,-0.0003033018729183823,0.0,0.0,0.0,0.0,0.0,0.0,0.0,0.0,0.0,0.0,0.0,0.0,-0.001814692378044093,1.356390366382599,-2.6555561631202695,0.002110382795333821,1.3560785651874543,-2.6554000881195066,0.17964226844310802,1.357724790878296,-2.6555231488227844,-0.1788610486030583,1.357491226501465,-2.6554120924949642
nan,nan,nan,-0.10641060024499893,-0.0075446125119924545,-0.9942936301231384,-0.056332387030124664,0.46525174379348755,-1.3075885772705078,0.06181267648935318,0.4766058325767517,-1.3064038753509521,0.20563390851020813,0.5170208811759949,-1.313117504119873,-0.17789968848228455,0.5334615111351013,-1.3195469379425049,-0.00038755236892029643,0.001937761902809143,-0.0007077043410390615,0.005619509611278772,-0.004650628659874201,0.0024264149833470583,0.016083423048257828,0.001937761902809143,-0.0007077043410390615,-0.017827410250902176,0.00019377618446014822,0.00020220123406033963,0.0,0.0,0.0,0.0,0.0,0.0,0.0,0.0,0.0,0.0,0.0,0.0,-0.0017191822528838756,1.3565803470993043,-2.6552637334823608,0.001999310016632039,1.3562849564933779,-2.655115872955322,0.18071372799873395,1.3578445387268068,-2.65523245677948,-0.17997362499237105,1.3576232672119142,-2.655127245521545
nan,nan,nan,-0.1064898893237114,-0.006734207272529602,-0.9942910075187683,-0.05693797022104263,0.46531230211257935,-1.3076043128967285,0.06359902769327164,0.47590941190719604,-1.306182622909546,0.21126553416252136,0.5166575312614441,-1.3129754066467285,-0.18216881155967712,0.5323110222816467,-1.3195154666900635,-0.00038755236892029643,0.00019377618446014822,-0.0009099055896513164,0.0050381808541715145,0.0,-0.001314308145083487,0.00833237636834383,-0.0017439856892451644,-0.0012132074916735291,-0.0036817477084696293,-0.001937761902809143,0.0006066037458367646,0.0,0.0,0.0,0.0,0.0,0.0,0.0,0.0,0.0,0.0,0.0,0.0,-0.001623672127723658,1.3567703278160097,-2.654971303844452,0.0018882372379302563,1.3564913477993013,-2.6548316577911377,0.18178518755435985,1.3579642865753176,-2.6549417647361757,-0.18108620138168377,1.3577553079223634,-2.6548423985481264
nan,nan,nan,-0.10684145987033844,-0.006366373505443335,-0.9942556619644165,-0.057361818850040436,0.46537286043167114,-1.307636022567749,0.06499180942773819,0.47581857442855835,-1.3060245513916016,0.21380886435508728,0.5164758563041687,-1.312943696975708,-0.18350103497505188,0.531947672367096,-1.3195154666900635,0.0007751047378405929,0.001937761902809143,-0.0010110063012689352,0.004650628659874201,0.0017439856892451644,0.0010110063012689352,0.003294195281341672,-0.0009688809514045715,-0.0008088049362413585,-0.005619509611278772,-0.00019377618446014822,0.001415408682078123,0.0,0.0,0.0,0.0,0.0,0.0,0.0,0.0,0.0,0.0,0.0,0.0,-0.0015281620025634408,1.356960308532715,-2.6546788742065424,0.001777164459228474,1.3566977391052248,-2.654547442626953,0.18285664710998575,1.3580840344238283,-2.6546510726928707,-0.18219877777099652,1.3578873486328127,-2.654557551574707
nan,nan,nan,-0.10695096105337143,-0.006173630710691214,-0.9942451119422913,-0.05772516876459122,0.46543341875076294,-1.307636022567749,0.06599096208810806,0.47587913274765015,-1.305945634841919,0.2166549265384674,0.5159611105918884,-1.3128962516784668,-0.18389466404914856,0.5318568348884583,-1.3195154666900635,-0.0009688809514045715,0.0025190904270857573,-0.0011121068382635713,0.003875523805618286,-0.0021315379999578,0.0009099055896513164,0.0042630759999156,-0.0042630759999156,0.0,-0.001937761902809143,0.0013564333785325289,0.001415408682078123,0.0,0.0,0.0,0.0,0.0,0.0,0.0,0.0,0.0,0.0,0.0,0.0,-0.0014326518774032235,1.3571502892494203,-2.6543864445686336,0.0016660916805266918,1.3569041304111482,-2.6542632274627684,0.18392810666561168,1.358203782272339,-2.654360380649566,-0.18331135416030928,1.3580193893432617,-2.6542727046012877
nan,nan,nan,-0.10704979300498962,-0.005998269654810429,-0.9942355751991272,-0.0580582395195961,0.46549397706985474,-1.3076202869415283,0.06674788147211075,0.47596997022628784,-1.3058981895446777,0.21822938323020935,0.5152648091316223,-1.312880516052246,-0.18410655856132507,0.5317357182502747,-1.3195312023162842,-0.00019377618446014822,0.001937761902809143,0.0006066037458367646,0.005619509611278772,-0.0005813285824842751,0.0023253143299371004,0.0,0.0023253143299371004,-0.0003033018729183823,-0.003487971378490329,-0.003487971378490329,0.0,0.0,0.0,0.0,0.0,0.0,0.0,0.0,0.0,0.0,0.0,0.0,0.0,-0.001337141752243006,1.3573402699661257,-2.654094014930725,0.0015550189018249095,1.3571105217170716,-2.6539790122985836,0.1849995662212376,1.3583235301208498,-2.654069688606262,-0.184423930549622,1.358151430053711,-2.6539878576278686
nan,nan,nan,-0.1071450337767601,-0.005958342459052801,-0.9942255616188049,-0.058270134031772614,0.46549397706985474,-1.307636022567749,0.06726262718439102,0.47600024938583374,-1.3059141635894775,0.21898630261421204,0.5148711800575256,-1.3128647804260254,-0.18431851267814636,0.5317055583000183,-1.3195154666900635,0.0,0.001937761902809143,-0.0011121068382635713,0.003294195281341672,0.0005813285824842751,-0.00020220123406033963,-0.0011626571649685502,0.0,0.00020220123406033963,0.00038755236892029643,-0.0009688809514045715,-0.0005055031506344676,0.0,0.0,0.0,0.0,0.0,0.0,0.0,0.0,0.0,0.0,0.0,0.0,-0.0012416316270827887,1.357530250682831,-2.653801585292816,0.0014439461231231271,1.3573169130229952,-2.653694797134399,0.18607102577686352,1.3584432779693605,-2.6537789965629575,-0.18553650693893475,1.3582834707641602,-2.6537030106544495
nan,nan,nan,-0.1071380078792572,-0.005924159660935402,-0.9942265152931213,-0.05839125066995621,0.46543341875076294,-1.307636022567749,0.06768647581338882,0.47612136602401733,-1.3059298992156982,0.2199248969554901,0.5143867135047913,-1.3128647804260254,-0.18437907099723816,0.5316752791404724,-1.3195154666900635,0.0029066430870443583,-0.004456852562725544,-0.001617609872482717,0.0,0.0015502094756811857,-0.0009099055896513164,0.0005813285824842751,-0.00019377618446014822,0.0,-0.00019377618446014822,-0.0015502094756811857,0.0012132074916735291,0.0,0.0,0.0,0.0,0.0,0.0,0.0,0.0,0.0,0.0,0.0,0.0,-0.0011461215019225714,1.3577202313995365,-2.6535091556549073,0.0013328733444213448,1.3575233043289188,-2.6534105819702147,0.18714248533248942,1.3585630258178714,-2.6534883045196533,-0.18664908332824748,1.3584155114746097,-2.6534181636810303
nan,nan,nan,-0.10715150088071823,-0.005880913231521845,-0.9942253232002258,-0.0585123673081398,0.46552425622940063,-1.3076202869415283,0.0680801048874855,0.47615164518356323,-1.3059298992156982,0.2207423746585846,0.5140536427497864,-1.3128647804260254,-0.18443962931632996,0.5316752791404724,-1.3195154666900635,0.00019377618446014822,0.0015502094756811857,-0.00040440246812067926,0.004844404757022858,-0.0023253143299371004,-0.0006066037458367646,-0.0005813285824842751,-0.00019377618446014822,0.0003033018729183823,-0.001937761902809143,-0.001937761902809143,0.001415408682078123,0.0,0.0,0.0,0.0,0.0,0.0,0.0,0.0,0.0,0.0,0.0,0.0,-0.0010506113767623539,1.3579102121162416,-2.653216726016998,0.0012218005657195624,1.357729695634842,-2.6531263668060303,0.18821394488811535,1.3586827736663818,-2.6531976124763488,-0.18776165971756026,1.3585475521850587,-2.653133316707611
nan,nan,nan,-0.10719239711761475,-0.005866396706551313,-0.9942209720611572,-0.0585729256272316,0.46555453538894653,-1.307636022567749,0.06841317564249039,0.4762424826622009,-1.3059141635894775,0.22143879532814026,0.5136902928352356,-1.3128490447998047,-0.18450018763542175,0.5316752791404724,-1.3194994926452637,0.00038755236892029643,0.0013564333785325289,-0.00040440246812067926,0.0029066430870443583,0.0009688809514045715,0.0018198111793026328,-0.0007751047378405929,-0.0029066430870443583,0.0009099055896513164,-0.003875523805618286,-0.0015502094756811857,0.002628616290166974,0.0,0.0,0.0,0.0,0.0,0.0,0.0,0.0,0.0,0.0,0.0,0.0,-0.0009551012516021366,1.3581001928329468,-2.652924296379089,0.00111072778701778,1.3579360869407655,-2.6528421516418454,0.18928540444374128,1.3588025215148927,-2.652906920433044,-0.188874236106873,1.358679592895508,-2.6528484697341916
nan,nan,nan,-0.10715873539447784,-0.005833836738020182,-0.9942247867584229,-0.058603204786777496,0.46558481454849243,-1.3076202869415283,0.0686553493142128,0.4762727618217468,-1.305945634841919,0.22201403975486755,0.5134784579277039,-1.3128647804260254,-0.18450018763542175,0.5316752791404724,-1.3195312023162842,0.0007751047378405929,0.003294195281341672,0.0,-0.0025190904270857573,0.0007751047378405929,-0.0003033018729183823,0.00019377618446014822,0.001937761902809143,-0.0010110063012689352,-0.0005813285824842751,-0.00019377618446014822,-0.001617609872482717,0.0,0.0,0.0,0.0,0.0,0.0,0.0,0.0,0.0,0.0,0.0,0.0,-0.0008595911264419193,1.3582901735496522,-2.65263186674118,0.0009996550083159977,1.358142478246689,-2.652557936477661,0.1903568639993672,1.3589222693634035,-2.6526162283897396,-0.18998681249618574,1.3588116336059572,-2.6525636227607725
nan,nan,nan,-0.10711167007684708,-0.0058264778926968575,-0.9942299127578735,-0.05866376310586929,0.46558481454849243,-1.3076202869415283,0.06901869922876358,0.4763635993003845,-1.305945634841919,0.22277101874351501,0.5132362246513367,-1.3128647804260254,-0.18453046679496765,0.5316752791404724,-1.3195312023162842,0.0,0.0023253143299371004,0.0003033018729183823,0.0031004189513623714,0.0013564333785325289,0.001718710525892675,-0.0007751047378405929,0.0013564333785325289,-0.001617609872482717,0.0009688809514045715,0.0007751047378405929,0.0,0.0,0.0,0.0,0.0,0.0,0.0,0.0,0.0,0.0,0.0,0.0,0.0,-0.0007640810012817019,1.3584801542663576,-2.6523394371032714,0.0008885822296142154,1.3583488695526125,-2.652273721313476,0.1914283235549931,1.3590420172119142,-2.6523255363464355,-0.1910993888854985,1.3589436743164065,-2.6522787757873534
nan,nan,nan,-0.10715881735086441,-0.005809658206999302,-0.9942249655723572,-0.05866376310586929,0.46555453538894653,-1.3076202869415283,0.06926093250513077,0.4764241576194763,-1.3059613704681396,0.2238004505634308,0.5129031538963318,-1.3128490447998047,-0.18456074595451355,0.5316752791404724,-1.3195312023162842,-0.00019377618446014822,0.0,-0.001516509335488081,0.0027128667570650578,-0.0007751047378405929,0.0022242136765271425,0.0025190904270857573,-0.0017439856892451644,-0.0006066037458367646,-0.00019377618446014822,0.00038755236892029643,0.00040440246812067926,0.0,0.0,0.0,0.0,0.0,0.0,0.0,0.0,0.0,0.0,0.0,0.0,-0.0006685708761214844,1.3586701349830628,-2.6520470074653626,0.0007775094509124332,1.3585552608585358,-2.6519895061492917,0.192499783110619,1.3591617650604249,-2.652034844303131,-0.19221196527481121,1.3590757150268555,-2.6519939288139343
nan,nan,nan,-0.10717801004648209,-0.005832772236317396,-0.9942227602005005,-0.05866376310586929,0.46555453538894653,-1.307636022567749,0.06947288662195206,0.4764241576194763,-1.3059773445129395,0.22504183650016785,0.5124186873435974,-1.3128490447998047,-0.18459102511405945,0.5317055583000183,-1.3195312023162842,-0.00019377618446014822,-0.0009688809514045715,-0.0005055031506344676,0.004069299902766943,-0.001937761902809143,0.00020220123406033963,0.0013564333785325289,-0.0005813285824842751,-0.0010110063012689352,-0.0015502094756811857,0.003294195281341672,0.00040440246812067926,0.0,0.0,0.0,0.0,0.0,0.0,0.0,0.0,0.0,0.0,0.0,0.0,-0.0005730607509612671,1.3588601156997682,-2.6517545778274534,0.0006664366722106508,1.3587616521644594,-2.6517052909851073,0.19357124266624492,1.3592815129089357,-2.6517441522598264,-0.19332454166412397,1.3592077557373048,-2.651709081840515
nan,nan,nan,-0.10720482468605042,-0.005793731659650803,-0.9942200779914856,-0.05866376310586929,0.46561509370803833,-1.307636022567749,0.06959400326013565,0.4764847159385681,-1.3059613704681396,0.22591987252235413,0.5117222666740417,-1.3128490447998047,-0.18459102511405945,0.5316449999809265,-1.3195312023162842,-0.00019377618446014822,0.003294195281341672,-0.0010110063012689352,0.0009688809514045715,-0.0025190904270857573,0.001516509335488081,0.0,-0.0011626571649685502,-0.001516509335488081,0.0007751047378405929,-0.001937761902809143,0.0003033018729183823,0.0,0.0,0.0,0.0,0.0,0.0,0.0,0.0,0.0,0.0,0.0,0.0,-0.00047755062580104974,1.3590500964164736,-2.6514621481895446,0.0005553638935088685,1.3589680434703828,-2.651421075820923,0.19464270222187086,1.3594012607574464,-2.6514534602165223,-0.19443711805343672,1.359339796447754,-2.651424234867096
nan,nan,nan,-0.10720553249120712,-0.005749573465436697,-0.9942202568054199,-0.05869404226541519,0.46561509370803833,-1.307636022567749,0.06974533945322037,0.4765452742576599,-1.3060088157653809,0.2267070710659027,0.5111166834831238,-1.3128490447998047,-0.18462130427360535,0.5316449999809265,-1.3195312023162842,0.0,0.00038755236892029643,-0.001415408682078123,0.0042630759999156,0.0011626571649685502,-0.001718710525892675,-0.003875523805618286,-0.0013564333785325289,-0.001516509335488081,0.0009688809514045715,-0.0021315379999578,0.0008088049362413585,0.0,0.0,0.0,0.0,0.0,0.0,0.0,0.0,0.0,0.0,0.0,0.0,-0.0003820405006408324,1.359240077133179,-2.6511697185516354,0.0004442911148070861,1.3591744347763064,-2.651136860656738,0.19571416177749676,1.3595210086059573,-2.6511627681732173,-0.19554969444274944,1.3594718371582033,-2.6511393878936764
nan,nan,nan,-0.10721679776906967,-0.00568611454218626,-0.9942194223403931,-0.058633483946323395,0.46561509370803833,-1.307636022567749,0.06983617693185806,0.476514995098114,-1.3060088157653809,0.2274639904499054,0.5106020569801331,-1.3128173351287842,-0.18462130427360535,0.5316449999809265,-1.3195312023162842,0.005231957416981459,-0.0005813285824842751,-0.00040440246812067926,0.0021315379999578,-0.0017439856892451644,-0.001617609872482717,0.0031004189513623714,-0.0015502094756811857,0.0005055031506344676,-0.0005813285824842751,-0.0027128667570650578,0.0010110063012689352,0.0,0.0,0.0,0.0,0.0,0.0,0.0,0.0,0.0,0.0,0.0,0.0,-0.000286530375480615,1.3594300578498841,-2.6508772889137266,0.00033321833610530383,1.3593808260822298,-2.6508526454925536,0.1967856213331227,1.359640756454468,-2.650872076129913,-0.19666227083206222,1.3596038778686523,-2.6508545409202573
nan,nan,nan,-0.10718177258968353,-0.005631503649055958,-0.9942234754562378,-0.05869404226541519,0.46564537286758423,-1.3076517581939697,0.06986645609140396,0.4765452742576599,-1.3059930801391602,0.22800901532173157,0.51032954454422,-1.3128173351287842,-0.18465158343315125,0.5316752791404724,-1.3195469379425049,0.0007751047378405929,0.0031004189513623714,-0.001516509335488081,-0.0011626571649685502,0.0013564333785325289,-0.0005055031506344676,0.0009688809514045715,-0.0023253143299371004,0.0,-0.001937761902809143,0.0013564333785325289,0.0,0.0,0.0,0.0,0.0,0.0,0.0,0.0,0.0,0.0,0.0,0.0,0.0,-0.00019102025032039763,1.3596200385665895,-2.650584859275818,0.0002221455574035215,1.3595872173881531,-2.6505684303283688,0.1978570808887486,1.3597605043029786,-2.6505813840866086,-0.19777484722137495,1.3597359185791016,-2.650569693946838
nan,nan,nan,-0.10714474320411682,-0.005626744590699673,-0.9942275285720825,-0.05869404226541519,0.46561509370803833,-1.3076202869415283,0.06995729357004166,0.476514995098114,-1.3059930801391602,0.22843286395072937,0.5101478695869446,-1.3128330707550049,-0.18468186259269714,0.5316752791404724,-1.3195312023162842,0.001937761902809143,-0.0009688809514045715,0.0010110063012689352,0.00019377618446014822,0.00038755236892029643,0.00010110061703016981,-0.0009688809514045715,0.0,-0.001516509335488081,-0.001937761902809143,0.0007751047378405929,0.0011121068382635713,0.0,0.0,0.0,0.0,0.0,0.0,0.0,0.0,0.0,0.0,0.0,0.0,-9.551012516018026e-05,1.359810019283295,-2.6502924296379087,0.00011107277870173917,1.3597936086940767,-2.6502842151641843,0.19892854044437452,1.3598802521514894,-2.6502906920433045,-0.1988874236106877,1.3598679592895508,-2.650284846973419
nan,nan,nan,-0.1071740984916687,-0.0056169829331338406,-0.9942244291305542,-0.05869404226541519,0.46564537286758423,-1.307636022567749,0.07004813104867935,0.4765755534172058,-1.3060088157653809,0.22867509722709656,0.510026752948761,-1.3128015995025635,-0.18471214175224304,0.5316449999809265,-1.3195469379425049,0.001937761902809143,0.001937761902809143,-0.00010110061703016981,0.0027128667570650578,-0.0011626571649685502,-0.00040440246812067926,0.0007751047378405929,0.001937761902809143,0.0,-0.0015502094756811857,-0.001937761902809143,-0.0007077043410390615,0.0,0.0,0.0,0.0,0.0,0.0,0.0,0.0,0.0,0.0,0.0,0.0,0.0,1.35862,-2.6473,0.0,1.35862,-2.6473,0.1996,1.35862,-2.6473,-0.1996,1.35862,-2.6473
nan,nan,nan,-0.1071467325091362,-0.005608051083981991,-0.994227409362793,-0.05878487974405289,0.46564537286758423,-1.3076517581939697,0.07004813104867935,0.4765755534172058,-1.3059930801391602,0.22882649302482605,0.5099661946296692,-1.3128015995025635,-0.18474242091178894,0.5316449999809265,-1.3195469379425049,-0.0050381808541715145,0.0007751047378405929,-0.001516509335488081,-0.0027128667570650578,0.0,0.0019209118327125907,0.0007751047378405929,0.0017439856892451644,-0.001415408682078123,-0.0029066430870443583,-0.0007751047378405929,0.0011121068382635713,0.0,0.0,0.0,0.0,0.0,0.0,0.0,0.0,0.0,0.0,0.0,0.0,0.0,1.35724,-2.6445999999999996,0.0,1.35724,-2.6445999999999996,0.19920000000000002,1.35724,-2.6445999999999996,-0.19920000000000002,1.35724,-2.6445999999999996
nan,nan,nan,-0.10711894184350967,-0.00556362047791481,-0.9942306280136108,-0.05869404226541519,0.46561509370803833,-1.3076677322387695,0.07010868936777115,0.4765452742576599,-1.3060088157653809,0.22888705134391785,0.5099056363105774,-1.312769889831543,-0.18474242091178894,0.5316449999809265,-1.3195629119873047,0.0021315379999578,-0.0015502094756811857,-0.0018198111793026328,0.001937761902809143,-0.0027128667570650578,-0.00020220123406033963,-0.0031004189513623714,-0.0005813285824842751,-0.0005055031506344676,-0.001937761902809143,0.0,-0.0003033018729183823,0.0,0.0,0.0,0.0,0.0,0.0,0.0,0.0,0.0,0.0,0.0,0.0,0.0,1.35586,-2.6419,0.0,1.35586,-2.6419,0.1988,1.35586,-2.6419,-0.1988,1.35586,-2.6419
nan,nan,nan,-0.10713823139667511,-0.005600219592452049,-0.9942283630371094,-0.05872432142496109,0.46564537286758423,-1.3076517581939697,0.07010868936777115,0.4765452742576599,-1.3059930801391602,0.22894760966300964,0.5099056363105774,-1.3127541542053223,-0.18477270007133484,0.5316449999809265,-1.3195469379425049,-0.0005813285824842751,-0.0009688809514045715,-0.0006066037458367646,-0.001937761902809143,-0.0027128667570650578,0.0007077043410390615,-0.0027128667570650578,0.0023253143299371004,0.0,-0.0029066430870443583,0.00038755236892029643,0.0007077043410390615,0.0,0.0,0.0,0.0,0.0,0.0,0.0,0.0,0.0,0.0,0.0,0.0,0.0,1.3544800000000001,-2.6392,0.0,1.3544800000000001,-2.6392,0.19840000000000002,1.3544800000000001,-2.6392,-0.19840000000000002,1.3544800000000001,-2.6392
nan,nan,nan,-0.10717486590147018,-0.00557459844276309,-0.9942245483398438,-0.05869404226541519,0.46564537286758423,-1.307636022567749,0.07016924768686295,0.4765755534172058,-1.3059930801391602,0.22897788882255554,0.5098450779914856,-1.312769889831543,-0.18480297923088074,0.5316449999809265,-1.3195312023162842,0.001937761902809143,0.0011626571649685502,0.00010110061703016981,0.0015502094756811857,0.00038755236892029643,0.0006066037458367646,-0.0027128667570650578,-0.0015502094756811857,-0.001516509335488081,-0.004069299902766943,0.0,0.001617609872482717,0.0,0.0,0.0,0.0,0.0,0.0,0.0,0.0,0.0,0.0,0.0,0.0,0.0,1.3531,-2.6365,0.0,1.3531,-2.6365,0.198,1.3531,-2.6365,-0.198,1.3531,-2.6365
nan,nan,nan,-0.10716597735881805,-0.0055843074806034565,-0.9942254424095154,-0.05869404226541519,0.46564537286758423,-1.3076517581939697,0.07019952684640884,0.4765755534172058,-1.3059930801391602,0.22903844714164734,0.5098753571510315,-1.312769889831543,-0.18483325839042664,0.5316147208213806,-1.3195469379425049,0.0027128667570650578,-0.0007751047378405929,-0.0011121068382635713,0.0,0.0009688809514045715,0.0007077043410390615,0.0007751047378405929,0.0031004189513623714,-0.001617609872482717,-0.004650628659874201,-0.001937761902809143,0.00040440246812067926,0.0,0.0,0.0,0.0,0.0,0.0,0.0,0.0,0.0,0.0,0.0,0.0,0.0,1.35172,-2.6338,0.0,1.35172,-2.6338,0.1976,1.35172,-2.6338,-0.1976,1.35172,-2.6338
nan,nan,nan,-0.10711953788995743,-0.005629216320812702,-0.9942302107810974,-0.05869404226541519,0.46561509370803833,-1.3076517581939697,0.07016924768686295,0.4765755534172058,-1.3060088157653809,0.22906872630119324,0.5098450779914856,-1.3127541542053223,-0.18483325839042664,0.5316449999809265,-1.3195469379425049,0.0023253143299371004,0.0,-0.0010110063012689352,-0.0007751047378405929,-0.0027128667570650578,0.0,0.0005813285824842751,0.001937761902809143,0.0005055031506344676,-0.004069299902766943,0.0007751047378405929,0.0005055031506344676,0.0,0.0,0.0,0.0,0.0,0.0,0.0,0.0,0.0,0.0,0.0,0.0,0.0,1.35034,-2.6311,0.0,1.35034,-2.6311,0.19720000000000001,1.35034,-2.6311,-0.19720000000000001,1.35034,-2.6311
nan,nan,nan,-0.10708171129226685,-0.005601192358881235,-0.9942344427108765,-0.05875460058450699,0.46564537286758423,-1.3076202869415283,0.07022980600595474,0.4766058325767517,-1.3060088157653809,0.22906872630119324,0.5098450779914856,-1.3127541542053223,-0.18480297923088074,0.5316147208213806,-1.3195469379425049,-0.0025190904270857573,0.0013564333785325289,-0.0012132074916735291,0.0023253143299371004,0.00019377618446014822,-0.0010110063012689352,-0.0013564333785325289,0.0023253143299371004,0.0,-0.0013564333785325289,-0.0021315379999578,0.0003033018729183823,0.0,0.0,0.0,0.0,0.0,0.0,0.0,0.0,0.0,0.0,0.0,0.0,0.0,1.3489600000000002,-2.6283999999999996,0.0,1.3489600000000002,-2.6283999999999996,0.1968,1.3489600000000002,-2.6283999999999996,-0.1968,1.3489600000000002,-2.6283999999999996
nan,nan,nan,-0.10709181427955627,-0.005622644908726215,-0.994233250617981,-0.05872432142496109,0.46561509370803833,-1.3076517581939697,0.07026008516550064,0.4766058325767517,-1.3059930801391602,0.22909900546073914,0.5098147988319397,-1.3127541542053223,-0.18483325839042664,0.5316147208213806,-1.3195469379425049,0.0,0.0005813285824842751,-0.0006066037458367646,0.004650628659874201,-0.0007751047378405929,0.0010110063012689352,-0.00038755236892029643,0.0,0.00020220123406033963,-0.0021315379999578,-0.001937761902809143,0.0010110063012689352,0.0,0.0,0.0,0.0,0.0,0.0,0.0,0.0,0.0,0.0,0.0,0.0,0.0,1.34758,-2.6257,0.0,1.34758,-2.6257,0.19640000000000002,1.34758,-2.6257,-0.19640000000000002,1.34758,-2.6257
nan,nan,nan,-0.10708358138799667,-0.005626865662634373,-0.9942340850830078,-0.05872432142496109,0.46564537286758423,-1.307636022567749,0.07019952684640884,0.4766058325767517,-1.3060088157653809,0.22909900546073914,0.5098450779914856,-1.3127541542053223,-0.18486353754997253,0.5316449999809265,-1.3195469379425049,0.00019377618446014822,0.0015502094756811857,-0.002628616290166974,-0.0009688809514045715,-0.0007751047378405929,-0.0009099055896513164,-0.001937761902809143,0.0027128667570650578,0.0003033018729183823,-0.0017439856892451644,-0.001937761902809143,0.0011121068382635713,0.0,0.0,0.0,0.0,0.0,0.0,0.0,0.0,0.0,0.0,0.0,0.0,0.0,1.3462,-2.6229999999999998,0.0,1.3462,-2.6229999999999998,0.196,1.3462,-2.6229999999999998,-0.196,1.3462,-2.6229999999999998
nan,nan,nan,-0.10714288800954819,-0.005633642431348562,-0.9942276477813721,-0.05872432142496109,0.4656756520271301,-1.3076517581939697,0.07016924768686295,0.4766058325767517,-1.3059930801391602,0.22912928462028503,0.5098147988319397,-1.312769889831543,-0.18489381670951843,0.5316449999809265,-1.3195469379425049,-0.0011626571649685502,0.004844404757022858,0.0,-0.003294195281341672,0.0009688809514045715,0.0008088049362413585,-0.0013564333785325289,0.00038755236892029643,-0.001415408682078123,-0.0029066430870443583,0.0009688809514045715,0.0011121068382635713,0.0,0.0,0.0,0.0,0.0,0.0,0.0,0.0,0.0,0.0,0.0,0.0,0.0,1.3448200000000001,-2.6203,0.0,1.3448200000000001,-2.6203,0.1956,1.3448200000000001,-2.6203,-0.1956,1.3448200000000001,-2.6203
nan,nan,nan,-0.10714825987815857,-0.005634681321680546,-0.9942271113395691,-0.05875460058450699,0.46564537286758423,-1.3076517581939697,0.07022980600595474,0.4766361117362976,-1.3059930801391602,0.22912928462028503,0.5098147988319397,-1.312769889831543,-0.18486353754997253,0.5316449999809265,-1.3195469379425049,-0.0021315379999578,0.0025190904270857573,0.0,-0.0007751047378405929,0.0005813285824842751,0.001314308145083487,-0.0025190904270857573,0.0013564333785325289,-0.0012132074916735291,0.0009688809514045715,0.0013564333785325289,0.0010110063012689352,0.0,0.0,0.0,0.0,0.0,0.0,0.0,0.0,0.0,0.0,0.0,0.0,0.0,1.3434400000000002,-2.6176,0.0,1.3434400000000002,-2.6176,0.1952,1.3434400000000002,-2.6176,-0.1952,1.3434400000000002,-2.6176
nan,nan,nan,-0.10714253783226013,-0.00560712581500411,-0.9942278861999512,-0.05875460058450699,0.46564537286758423,-1.3076677322387695,0.07029036432504654,0.4766058325767517,-1.3059930801391602,0.22915956377983093,0.5098147988319397,-1.3127541542053223,-0.18489381670951843,0.5316449999809265,-1.3195629119873047,0.0009688809514045715,0.0025190904270857573,-0.0007077043410390615,0.0042630759999156,-0.0029066430870443583,0.00010110061703016981,-0.0017439856892451644,0.0031004189513623714,0.0,-0.0009688809514045715,0.0009688809514045715,0.0,0.0,0.0,0.0,0.0,0.0,0.0,0.0,0.0,0.0,0.0,0.0,0.0,0.0,1.34206,-2.6148999999999996,0.0,1.34206,-2.6148999999999996,0.1948,1.34206,-2.6148999999999996,-0.1948,1.34206,-2.6148999999999996
nan,nan,nan,-0.10713108628988266,-0.005616139154881239,-0.9942290186882019,-0.05872432142496109,0.46561509370803833,-1.3076517581939697,0.07032064348459244,0.4766361117362976,-1.3060088157653809,0.22918984293937683,0.5097845196723938,-1.3127541542053223,-0.18495437502861023,0.5315844416618347,-1.3195469379425049,0.0029066430870443583,-0.0007751047378405929,-0.0006066037458367646,0.0036817477084696293,0.00019377618446014822,0.0,0.0,0.0005813285824842751,0.0,-0.004650628659874201,-0.0042630759999156,0.0012132074916735291,0.0,0.0,0.0,0.0,0.0,0.0,0.0,0.0,0.0,0.0,0.0,0.0,0.0,1.34068,-2.6121999999999996,0.0,1.34068,-2.6121999999999996,0.19440000000000002,1.34068,-2.6121999999999996,-0.19440000000000002,1.34068,-2.6121999999999996
nan,nan,nan,-0.10717183351516724,-0.0056158737279474735,-0.9942246675491333,-0.05872432142496109,0.46561509370803833,-1.3076677322387695,0.07032064348459244,0.4766058325767517,-1.3060088157653809,0.22915956377983093,0.5097845196723938,-1.3127541542053223,-0.18495437502861023,0.5316449999809265,-1.3195629119873047,0.0029066430870443583,-0.0009688809514045715,0.0006066037458367646,0.0031004189513623714,-0.001937761902809143,-0.00040440246812067926,-0.0023253143299371004,0.0007751047378405929,-0.00010110061703016981,-0.0021315379999578,0.001937761902809143,-0.00040440246812067926,0.0,0.0,0.0,0.0,0.0,0.0,0.0,0.0,0.0,0.0,0.0,0.0,0.0,1.3393000000000002,-2.6095,0.0,1.3393000000000002,-2.6095,0.194,1.3393000000000002,-2.6095,-0.194,1.3393000000000002,-2.6095
nan,nan,nan,-0.10717407613992691,-0.0056346324272453785,-0.9942243099212646,-0.05875460058450699,0.46564537286758423,-1.307636022567749,0.07032064348459244,0.4766058325767517,-1.3060088157653809,0.22918984293937683,0.5098147988319397,-1.3127384185791016,-0.18495437502861023,0.5316147208213806,-1.3195469379425049,-0.0009688809514045715,0.001937761902809143,0.0005055031506344676,0.003294195281341672,-0.0025190904270857573,0.0,0.0,0.004456852562725544,0.00020220123406033963,-0.0015502094756811857,-0.0015502094756811857,0.001617609872482717,0.0,0.0,0.0,0.0,0.0,0.0,0.0,0.0,0.0,0.0,0.0,0.0,0.0,1.33792,-2.6068,0.0,1.33792,-2.6068,0.1936,1.33792,-2.6068,-0.1936,1.33792,-2.6068
nan,nan,nan,-0.10715270042419434,-0.005659828428179026,-0.9942264556884766,-0.05872432142496109,0.46561509370803833,-1.3076677322387695,0.07029036432504654,0.4766058325767517,-1.3060088157653809,0.22918984293937683,0.5098147988319397,-1.3127384185791016,-0.18492409586906433,0.5316147208213806,-1.3195312023162842,0.0031004189513623714,0.0,-0.0008088049362413585,0.0011626571649685502,-0.001937761902809143,0.0,0.0,0.0042630759999156,-0.00040440246812067926,-0.0009688809514045715,-0.0013564333785325289,0.0024264149833470583,0.0,0.0,0.0,0.0,0.0,0.0,0.0,0.0,0.0,0.0,0.0,0.0,0.0,1.33654,-2.6041,0.0,1.33654,-2.6041,0.1932,1.33654,-2.6041,-0.1932,1.33654,-2.6041
nan,nan,nan,-0.10717553645372391,-0.0056394184939563274,-0.9942241311073303,-0.05875460058450699,0.4656756520271301,-1.3076517581939697,0.07029036432504654,0.4766058325767517,-1.3059773445129395,0.22918984293937683,0.5097542405128479,-1.3127226829528809,-0.18495437502861023,0.5315844416618347,-1.3195469379425049,-0.0007751047378405929,0.0050381808541715145,0.0,0.0005813285824842751,-0.0017439856892451644,0.0021231132559478283,-0.0007751047378405929,-0.00019377618446014822,0.00020220123406033963,0.0009688809514045715,-0.004650628659874201,0.0012132074916735291,0.0,0.0,0.0,0.0,0.0,0.0,0.0,0.0,0.0,0.0,0.0,0.0,0.0,1.33516,-2.6014,0.0,1.33516,-2.6014,0.1928,1.33516,-2.6014,-0.1928,1.33516,-2.6014
nan,nan,nan,-0.10725218802690506,-0.00562133127823472,-0.9942159652709961,-0.05875460058450699,0.4656756520271301,-1.3076677322387695,0.07032064348459244,0.4766058325767517,-1.3060088157653809,0.22918984293937683,0.5097542405128479,-1.3127226829528809,-0.18498465418815613,0.5316147208213806,-1.3195629119873047,0.00038755236892029643,0.0025190904270857573,-0.0009099055896513164,0.0021315379999578,-0.003294195281341672,-0.0009099055896513164,-0.001937761902809143,-0.00019377618446014822,-0.0010110063012689352,-0.0027128667570650578,-0.0027128667570650578,0.0,0.0,0.0,0.0,0.0,0.0,0.0,0.0,0.0,0.0,0.0,0.0,0.0,0.0,1.3337800000000002,-2.5986999999999996,0.0,1.3337800000000002,-2.5986999999999996,0.19240000000000002,1.3337800000000002,-2.5986999999999996,-0.19240000000000002,1.3337800000000002,-2.5986999999999996
nan,nan,nan,-0.10721685737371445,-0.005576740950345993,-0.9942200183868408,-0.05875460058450699,0.46561509370803833,-1.3076677322387695,0.07032064348459244,0.4766663908958435,-1.3060088157653809,0.22922012209892273,0.5097845196723938,-1.312706708908081,-0.18495437502861023,0.5316147208213806,-1.3195629119873047,-0.0015502094756811857,-0.0005813285824842751,-0.001516509335488081,0.0017439856892451644,0.0015502094756811857,0.0010110063012689352,0.0009688809514045715,0.0029066430870443583,-0.0005055031506344676,0.0009688809514045715,-0.0009688809514045715,-0.0003033018729183823,0.0,0.0,0.0,0.0,0.0,0.0,0.0,0.0,0.0,0.0,0.0,0.0,0.0,1.3324,-2.596,0.0,1.3324,-2.596,0.192,1.3324,-2.596,-0.192,1.3324,-2.596
nan,nan,nan,-0.10720966756343842,-0.005575104616582394,-0.9942207932472229,-0.05875460058450699,0.46564537286758423,-1.3076677322387695,0.07032064348459244,0.4766663908958435,-1.3060245513916016,0.22922012209892273,0.5097845196723938,-1.312706708908081,-0.18501493334770203,0.5316147208213806,-1.3195629119873047,-0.0005813285824842751,0.0017439856892451644,-0.0010110063012689352,0.001937761902809143,0.0021315379999578,-0.00040440246812067926,-0.0013564333785325289,0.0031004189513623714,-0.0010110063012689352,-0.0027128667570650578,-0.0013564333785325289,-0.0005055031506344676,0.0,0.0,0.0,0.0,0.0,0.0,0.0,0.0,0.0,0.0,0.0,0.0,0.0,1.33102,-2.5933,0.0,1.33102,-2.5933,0.1916,1.33102,-2.5933,-0.1916,1.33102,-2.5933
nan,nan,nan,-0.10725054144859314,-0.005520754959434271,-0.9942166805267334,-0.05875460058450699,0.46561509370803833,-1.3076517581939697,0.07032064348459244,0.4766058325767517,-1.3060405254364014,0.22925040125846863,0.5097845196723938,-1.3126752376556396,-0.18501493334770203,0.5316147208213806,-1.3195469379425049,-0.0011626571649685502,-0.0009688809514045715,0.0,0.0025190904270857573,-0.0027128667570650578,-0.0003033018729183823,0.0,0.0029066430870443583,0.001718710525892675,-0.0029066430870443583,-0.0007751047378405929,0.0009099055896513164,0.0,0.0,0.0,0.0,0.0,0.0,0.0,0.0,0.0,0.0,0.0,0.0,0.0,1.32964,-2.5906,0.0,1.32964,-2.5906,0.1912,1.32964,-2.5906,-0.1912,1.32964,-2.5906
nan,nan,nan,-0.10725980252027512,-0.005534824915230274,-0.9942156076431274,-0.05875460058450699,0.46564537286758423,-1.3076677322387695,0.07032064348459244,0.4766058325767517,-1.3060405254364014,0.22922012209892273,0.5097845196723938,-1.3126909732818604,-0.18501493334770203,0.5316449999809265,-1.3195469379425049,-0.0027128667570650578,0.0025190904270857573,-0.0012132074916735291,0.0021315379999578,-0.0025190904270857573,-0.0007077043410390615,-0.0027128667570650578,0.003487971378490329,0.0,-0.0025190904270857573,0.0013564333785325289,0.0010110063012689352,0.0,0.0,0.0,0.0,0.0,0.0,0.0,0.0,0.0,0.0,0.0,0.0,0.0,1.32826,-2.5879,0.0,1.32826,-2.5879,0.1908,1.32826,-2.5879,-0.1908,1.32826,-2.5879
nan,nan,nan,-0.10724208503961563,-0.0054930136539042,-0.9942177534103394,-0.05869404226541519,0.46564537286758423,-1.3076677322387695,0.07032064348459244,0.4766058325767517,-1.3060405254364014,0.22928068041801453,0.5097542405128479,-1.3126909732818604,-0.18501493334770203,0.5316147208213806,-1.3195469379425049,0.004650628659874201,0.001937761902809143,-0.0011121068382635713,0.0023253143299371004,-0.0011626571649685502,-0.0005055031506344676,0.0,0.001937761902809143,-0.0010110063012689352,-0.0013564333785325289,-0.0005813285824842751,0.0008088049362413585,0.0,0.0,0.0,0.0,0.0,0.0,0.0,0.0,0.0,0.0,0.0,0.0,0.0,1.32688,-2.5852,0.0,1.32688,-2.5852,0.1904,1.32688,-2.5852,-0.1904,1.32688,-2.5852
nan,nan,nan,-0.10720621794462204,-0.005419779568910599,-0.9942220449447632,-0.05872432142496109,0.46564537286758423,-1.3076677322387695,0.07035092264413834,0.4766058325767517,-1.3060405254364014,0.22928068041801453,0.509723961353302,-1.3126909732818604,-0.18504521250724792,0.5316147208213806,-1.3195629119873047,0.0023253143299371004,0.0031004189513623714,-0.0007077043410390615,0.0025190904270857573,-0.0025190904270857573,-0.00020220123406033963,0.0007751047378405929,-0.0009688809514045715,-0.001415408682078123,-0.001937761902809143,-0.0011626571649685502,0.00010110061703016981,0.0,0.0,0.0,0.0,0.0,0.0,0.0,0.0,0.0,0.0,0.0,0.0,0.0,1.3255000000000001,-2.5824999999999996,0.0,1.3255000000000001,-2.5824999999999996,0.19,1.3255000000000001,-2.5824999999999996,-0.19,1.3255000000000001,-2.5824999999999996
nan,nan,nan,-0.10714563727378845,-0.005440047942101955,-0.9942284822463989,-0.05872432142496109,0.46561509370803833,-1.307636022567749,0.07038120180368423,0.4766361117362976,-1.3060405254364014,0.22928068041801453,0.509723961353302,-1.3126752376556396,-0.18507543206214905,0.5316147208213806,-1.3195312023162842,0.0015502094756811857,0.0,0.0012132074916735291,0.0029066430870443583,0.0005813285824842751,-0.0003033018729183823,0.0,-0.0005813285824842751,0.00040440246812067926,-0.001937761902809143,0.0,0.0023253143299371004,0.0,0.0,0.0,0.0,0.0,0.0,0.0,0.0,0.0,0.0,0.0,0.0,0.0,1.32412,-2.5798,0.0,1.32412,-2.5798,0.1896,1.32412,-2.5798,-0.1896,1.32412,-2.5798
nan,nan,nan,-0.10713654011487961,-0.005495972465723753,-0.9942291378974915,-0.05872432142496109,0.46564537286758423,-1.3076677322387695,0.07038120180368423,0.4766058325767517,-1.3060245513916016,0.22925040125846863,0.5096936821937561,-1.3126752376556396,-0.18507543206214905,0.5316147208213806,-1.3195629119873047,0.001937761902809143,0.0023253143299371004,-0.001415408682078123,0.0021315379999578,-0.0025190904270857573,0.002628616290166974,-0.0029066430870443583,-0.0027128667570650578,0.0,-0.0013564333785325289,0.0,0.0,0.0,0.0,0.0,0.0,0.0,0.0,0.0,0.0,0.0,0.0,0.0,0.0,0.0,1.32274,-2.5770999999999997,0.0,1.32274,-2.5770999999999997,0.1892,1.32274,-2.5770999999999997,-0.1892,1.32274,-2.5770999999999997
nan,nan,nan,-0.10711460560560226,-0.005484937224537134,-0.9942315220832825,-0.05875460058450699,0.46564537286758423,-1.3076677322387695,0.07032064348459244,0.4766663908958435,-1.3060405254364014,0.22928068041801453,0.5097542405128479,-1.3126752376556396,-0.18507543206214905,0.5315844416618347,-1.3195469379425049,0.0,0.0023253143299371004,-0.001617609872482717,-0.0027128667570650578,0.0007751047378405929,-0.00010110061703016981,-0.001937761902809143,0.003294195281341672,-0.00020220123406033963,-0.0015502094756811857,-0.0029066430870443583,0.0011121068382635713,0.0,0.0,0.0,0.0,0.0,0.0,0.0,0.0,0.0,0.0,0.0,0.0,0.0,1.32136,-2.5744,0.0,1.32136,-2.5744,0.1888,1.32136,-2.5744,-0.1888,1.32136,-2.5744
nan,nan,nan,-0.10714840888977051,-0.005444655194878578,-0.9942281246185303,-0.05872432142496109,0.46564537286758423,-1.3076677322387695,0.07038120180368423,0.4766058325767517,-1.3060245513916016,0.22934123873710632,0.509723961353302,-1.3126752376556396,-0.18507543206214905,0.5316147208213806,-1.3195469379425049,0.0029066430870443583,0.0021315379999578,-0.001617609872482717,0.0017439856892451644,-0.0021315379999578,0.0005055031506344676,0.0009688809514045715,0.0013564333785325289,0.0,-0.0013564333785325289,0.00019377618446014822,0.0003033018729183823,0.0,0.0,0.0,0.0,0.0,0.0,0.0,0.0,0.0,0.0,0.0,0.0,0.0,1.3199800000000002,-2.5717,0.0,1.3199800000000002,-2.5717,0.1884,1.3199800000000002,-2.5717,-0.1884,1.3199800000000002,-2.5717
nan,nan,nan,-0.10717351734638214,-0.0054581379517912865,-0.9942253232002258,-0.05872432142496109,0.46561509370803833,-1.3076517581939697,0.07041148096323013,0.4766361117362976,-1.3060405254364014,0.22931095957756042,0.509723961353302,-1.3126909732818604,-0.18507543206214905,0.5316147208213806,-1.3195469379425049,0.001937761902809143,0.0,-0.0006066037458367646,0.004456852562725544,0.00038755236892029643,0.0,-0.0029066430870443583,0.0023253143299371004,-0.0012132074916735291,0.00038755236892029643,0.0005813285824842751,0.0012132074916735291,0.0,0.0,0.0,0.0,0.0,0.0,0.0,0.0,0.0,0.0,0.0,0.0,0.0,1.3186,-2.5689999999999995,0.0,1.3186,-2.5689999999999995,0.188,1.3186,-2.5689999999999995,-0.188,1.3186,-2.5689999999999995
nan,nan,nan,-0.10718844830989838,-0.005482746288180351,-0.9942235946655273,-0.05875460058450699,0.46561509370803833,-1.3076517581939697,0.07038120180368423,0.4766361117362976,-1.3060245513916016,0.22931095957756042,0.509723961353302,-1.3126752376556396,-0.18513599038124084,0.5315844416618347,-1.3195629119873047,-0.0009688809514045715,-0.0007751047378405929,0.0,0.0013564333785325289,0.00038755236892029643,0.001617609872482717,-0.0029066430870443583,0.0017439856892451644,-0.0009099055896513164,-0.0031004189513623714,-0.001937761902809143,-0.0003033018729183823,0.0,0.0,0.0,0.0,0.0,0.0,0.0,0.0,0.0,0.0,0.0,0.0,0.0,1.31722,-2.5662999999999996,0.0,1.31722,-2.5662999999999996,0.1876,1.31722,-2.5662999999999996,-0.1876,1.31722,-2.5662999999999996
nan,nan,nan,-0.10715895146131516,-0.005494048353284597,-0.9942266941070557,-0.05872432142496109,0.46561509370803833,-1.3076677322387695,0.07038120180368423,0.4766058325767517,-1.3060405254364014,0.22934123873710632,0.5096936821937561,-1.3126752376556396,-0.18513599038124084,0.5315844416618347,-1.3195469379425049,0.0023253143299371004,-0.00019377618446014822,-0.0011121068382635713,0.0,-0.0029066430870443583,-0.00020220123406033963,-0.001937761902809143,-0.00019377618446014822,-0.0010110063012689352,-0.001937761902809143,-0.001937761902809143,0.0,0.0,0.0,0.0,0.0,0.0,0.0,0.0,0.0,0.0,0.0,0.0,0.0,0.0,1.3158400000000001,-2.5636,0.0,1.3158400000000001,-2.5636,0.1872,1.3158400000000001,-2.5636,-0.1872,1.3158400000000001,-2.5636
nan,nan,nan,-0.10716460645198822,-0.005515090189874172,-0.9942259788513184,-0.05875460058450699,0.46561509370803833,-1.3076677322387695,0.07038120180368423,0.4766058325767517,-1.306056261062622,0.22934123873710632,0.509723961353302,-1.3126752376556396,-0.18513599038124084,0.5316147208213806,-1.3195469379425049,-0.001937761902809143,-0.0009688809514045715,-0.0011121068382635713,0.0,-0.0029066430870443583,-0.001415408682078123,-0.0029066430870443583,0.0027128667570650578,-0.0012132074916735291,-0.001937761902809143,0.00019377618446014822,0.0009099055896513164,0.0,0.0,0.0,0.0,0.0,0.0,0.0,0.0,0.0,0.0,0.0,0.0,0.0,1.31446,-2.5608999999999997,0.0,1.31446,-2.5608999999999997,0.1868,1.31446,-2.5608999999999997,-0.1868,1.31446,-2.5608999999999997
nan,nan,nan,-0.10720714181661606,-0.005512721370905638,-0.9942214488983154,-0.05872432142496109,0.46561509370803833,-1.3076677322387695,0.07041148096323013,0.4766361117362976,-1.3060405254364014,0.22934123873710632,0.509723961353302,-1.3126592636108398,-0.18513599038124084,0.5315844416618347,-1.3195312023162842,0.0025190904270857573,-0.0011626571649685502,-0.0010110063012689352,0.0017439856892451644,-0.0013564333785325289,0.00040440246812067926,-0.0029066430870443583,0.0029066430870443583,-0.0003033018729183823,-0.0015502094756811857,-0.001937761902809143,0.0024264149833470583,0.0,0.0,0.0,0.0,0.0,0.0,0.0,0.0,0.0,0.0,0.0,0.0,0.0,1.31308,-2.5582,0.0,1.31308,-2.5582,0.1864,1.31308,-2.5582,-0.1864,1.31308,-2.5582
nan,nan,nan,-0.10718981921672821,-0.005565266590565443,-0.9942229986190796,-0.05875460058450699,0.46564537286758423,-1.3076677322387695,0.07038120180368423,0.4766058325767517,-1.3060405254364014,0.22934123873710632,0.509723961353302,-1.3126435279846191,-0.18513599038124084,0.5316147208213806,-1.3195469379425049,-0.0005813285824842751,0.0027128667570650578,-0.001314308145083487,0.0015502094756811857,-0.0031004189513623714,-0.00020220123406033963,-0.0031004189513623714,0.0025190904270857573,0.001415408682078123,-0.0005813285824842751,0.0007751047378405929,0.0010110063012689352,0.0,0.0,0.0,0.0,0.0,0.0,0.0,0.0,0.0,0.0,0.0,0.0,0.0,1.3116999999999999,-2.5555,0.0,1.3116999999999999,-2.5555,0.186,1.3116999999999999,-2.5555,-0.186,1.3116999999999999,-2.5555
nan,nan,nan,-0.10719901323318481,-0.005610665772110224,-0.9942217469215393,-0.05872432142496109,0.46561509370803833,-1.307636022567749,0.07044176012277603,0.4766663908958435,-1.3060405254364014,0.22934123873710632,0.509723961353302,-1.3126592636108398,-0.18516626954078674,0.5316147208213806,-1.3195469379425049,0.001937761902809143,-0.00038755236892029643,0.001617609872482717,0.0023253143299371004,0.0,0.0008088049362413585,-0.0027128667570650578,0.0031004189513623714,-0.001718710525892675,-0.0015502094756811857,0.0009688809514045715,0.0007077043410390615,0.0,0.0,0.0,0.0,0.0,0.0,0.0,0.0,0.0,0.0,0.0,0.0,0.0,1.3103200000000002,-2.5527999999999995,0.0,1.3103200000000002,-2.5527999999999995,0.1856,1.3103200000000002,-2.5527999999999995,-0.1856,1.3103200000000002,-2.5527999999999995
nan,nan,nan,-0.1072213426232338,-0.005607980769127607,-0.9942193627357483,-0.05875460058450699,0.46561509370803833,-1.3076677322387695,0.07044176012277603,0.4766361117362976,-1.3060405254364014,0.22937151789665222,0.5096936821937561,-1.3126435279846191,-0.18516626954078674,0.5315844416618347,-1.3195629119873047,-0.00019377618446014822,-0.00019377618446014822,-0.001516509335488081,0.001937761902809143,-0.0011626571649685502,0.0011121068382635713,0.00038755236892029643,0.00019377618446014822,-0.00010110061703016981,-0.0013564333785325289,-0.001937761902809143,-0.0012132074916735291,0.0,0.0,0.0,0.0,0.0,0.0,0.0,0.0,0.0,0.0,0.0,0.0,0.0,1.30894,-2.5500999999999996,0.0,1.30894,-2.5500999999999996,0.1852,1.30894,-2.5500999999999996,-0.1852,1.30894,-2.5500999999999996
nan,nan,nan,-0.10724090784788132,-0.005589026026427746,-0.9942173361778259,-0.05872432142496109,0.46564537286758423,-1.3076517581939697,0.07044176012277603,0.4766663908958435,-1.306056261062622,0.22937151789665222,0.5096936821937561,-1.3126435279846191,-0.18519654870033264,0.5316147208213806,-1.3195469379425049,0.0025190904270857573,0.0023253143299371004,-0.00040440246812067926,0.0015502094756811857,0.0007751047378405929,0.0,-0.0017439856892451644,0.0009688809514045715,-0.0003033018729183823,-0.0042630759999156,0.0007751047378405929,0.00020220123406033963,0.0,0.0,0.0,0.0,0.0,0.0,0.0,0.0,0.0,0.0,0.0,0.0,0.0,1.30756,-2.5474,0.0,1.30756,-2.5474,0.1848,1.30756,-2.5474,-0.1848,1.30756,-2.5474
nan,nan,nan,-0.10722758620977402,-0.005620916374027729,-0.9942185878753662,-0.05875460058450699,0.46564537286758423,-1.3076677322387695,0.07044176012277603,0.4766361117362976,-1.306056261062622,0.22937151789665222,0.5097542405128479,-1.3126435279846191,-0.18516626954078674,0.5315844416618347,-1.3195312023162842,-0.0007751047378405929,0.0027128667570650578,-0.001617609872482717,0.0017439856892451644,-0.001937761902809143,0.00010110061703016981,-0.0023253143299371004,0.0054257335141301155,0.00010110061703016981,-0.001937761902809143,-0.001937761902809143,0.001617609872482717,0.0,0.0,0.0,0.0,0.0,0.0,0.0,0.0,0.0,0.0,0.0,0.0,0.0,1.30618,-2.5446999999999997,0.0,1.30618,-2.5446999999999997,0.1844,1.30618,-2.5446999999999997,-0.1844,1.30618,-2.5446999999999997
nan,nan,nan,-0.107145294547081,-0.005668170750141144,-0.9942272305488586,-0.05875460058450699,0.46564537286758423,-1.3076517581939697,0.07044176012277603,0.4766663908958435,-1.3060719966888428,0.22937151789665222,0.509723961353302,-1.3126435279846191,-0.18519654870033264,0.5316147208213806,-1.3195469379425049,-0.0005813285824842751,0.0015502094756811857,0.0005055031506344676,0.001937761902809143,0.0,-0.001415408682078123,-0.0025190904270857573,0.004650628659874201,0.0,-0.0017439856892451644,0.0005813285824842751,0.0011121068382635713,0.0,0.0,0.0,0.0,0.0,0.0,0.0,0.0,0.0,0.0,0.0,0.0,0.0,1.3048000000000002,-2.542,0.0,1.3048000000000002,-2.542,0.184,1.3048000000000002,-2.542,-0.184,1.3048000000000002,-2.542
nan,nan,nan,-0.10715195536613464,-0.005644938442856073,-0.9942266345024109,-0.05872432142496109,0.46561509370803833,-1.3076517581939697,0.07038120180368423,0.4766058325767517,-1.3060405254364014,0.22940179705619812,0.5096634030342102,-1.3126592636108398,-0.18516626954078674,0.5316147208213806,-1.3195469379425049,0.0013564333785325289,-0.00038755236892029643,0.00040440246812067926,-0.003875523805618286,-0.001937761902809143,0.001415408682078123,0.00038755236892029643,0.0,-0.001314308145083487,0.0009688809514045715,0.0009688809514045715,0.0012132074916735291,0.0,0.0,0.0,0.0,0.0,0.0,0.0,0.0,0.0,0.0,0.0,0.0,0.0,1.30342,-2.5393,0.0,1.30342,-2.5393,0.18359999999999999,1.30342,-2.5393,-0.18359999999999999,1.30342,-2.5393
nan,nan,nan,-0.10716463625431061,-0.005603889003396034,-0.9942255020141602,-0.05872432142496109,0.46564537286758423,-1.3076517581939697,0.07044176012277603,0.4766663908958435,-1.306056261062622,0.22943207621574402,0.5096936821937561,-1.3126435279846191,-0.18519654870033264,0.5315541625022888,-1.3195469379425049,0.001937761902809143,0.0011626571649685502,0.0,0.0011626571649685502,0.0,-0.0005055031506344676,0.0009688809514045715,0.001937761902809143,-0.0010110063012689352,-0.0007751047378405929,-0.004844404757022858,0.001314308145083487,0.0,0.0,0.0,0.0,0.0,0.0,0.0,0.0,0.0,0.0,0.0,0.0,0.0,1.30204,-2.5365999999999995,0.0,1.30204,-2.5365999999999995,0.1832,1.30204,-2.5365999999999995,-0.1832,1.30204,-2.5365999999999995
nan,nan,nan,-0.10718578845262527,-0.005631010513752699,-0.9942230582237244,-0.05875460058450699,0.46564537286758423,-1.3076677322387695,0.07050231844186783,0.4766361117362976,-1.3060405254364014,0.22943207621574402,0.5096936821937561,-1.3126435279846191,-0.18522682785987854,0.5316147208213806,-1.3195629119873047,0.00019377618446014822,0.0013564333785325289,-0.001314308145083487,0.003875523805618286,-0.0025190904270857573,0.0012132074916735291,0.0007751047378405929,0.0017439856892451644,-0.0009099055896513164,-0.0017439856892451644,0.0015502094756811857,-0.00010110061703016981,0.0,0.0,0.0,0.0,0.0,0.0,0.0,0.0,0.0,0.0,0.0,0.0,0.0,1.30066,-2.5339,0.0,1.30066,-2.5339,0.1828,1.30066,-2.5339,-0.1828,1.30066,-2.5339
nan,nan,nan,-0.1072031781077385,-0.005591693799942732,-0.9942213892936707,-0.05875460058450699,0.4656756520271301,-1.3076517581939697,0.07053259760141373,0.4766361117362976,-1.306056261062622,0.22940179705619812,0.5096634030342102,-1.3126277923583984,-0.18525710701942444,0.5315844416618347,-1.3195469379425049,-0.00019377618446014822,0.0029066430870443583,0.0005055031506344676,0.006588390562683344,-0.00038755236892029643,0.0003033018729183823,-0.0021315379999578,-0.00019377618446014822,0.0003033018729183823,-0.0036817477084696293,-0.0017439856892451644,0.0009099055896513164,0.0,0.0,0.0,0.0,0.0,0.0,0.0,0.0,0.0,0.0,0.0,0.0,0.0,1.2992800000000002,-2.5312,0.0,1.2992800000000002,-2.5312,0.1824,1.2992800000000002,-2.5312,-0.1824,1.2992800000000002,-2.5312
nan,nan,nan,-0.10723767429590225,-0.005589097738265991,-0.9942176938056946,-0.05872432142496109,0.4656756520271301,-1.3076677322387695,0.07050231844186783,0.4766663908958435,-1.3060405254364014,0.22943207621574402,0.5096936821937561,-1.3126435279846191,-0.18522682785987854,0.5315844416618347,-1.3195469379425049,0.0027128667570650578,0.003487971378490329,0.00020220123406033963,0.0023253143299371004,0.0009688809514045715,0.0005055031506344676,-0.00038755236892029643,0.0027128667570650578,-0.001516509335488081,0.0,-0.0029066430870443583,0.0012132074916735291,0.0,0.0,0.0,0.0,0.0,0.0,0.0,0.0,0.0,0.0,0.0,0.0,0.0,1.2979,-2.5284999999999997,0.0,1.2979,-2.5284999999999997,0.182,1.2979,-2.5284999999999997,-0.182,1.2979,-2.5284999999999997
nan,nan,nan,-0.10720241069793701,-0.00554901035502553,-0.9942217469215393,-0.05872432142496109,0.46564537286758423,-1.3076677322387695,0.07047203928232193,0.4766663908958435,-1.306056261062622,0.22943207621574402,0.5096936821937561,-1.3126435279846191,-0.18522682785987854,0.5315844416618347,-1.3195469379425049,0.0031004189513623714,0.0,-0.00040440246812067926,-0.00019377618446014822,0.0009688809514045715,0.00010110061703016981,-0.0013564333785325289,0.003294195281341672,0.00040440246812067926,-0.0025190904270857573,-0.001937761902809143,0.0010110063012689352,0.0,0.0,0.0,0.0,0.0,0.0,0.0,0.0,0.0,0.0,0.0,0.0,0.0,1.2965200000000001,-2.5258,0.0,1.2965200000000001,-2.5258,0.18159999999999998,1.2965200000000001,-2.5258,-0.18159999999999998,1.2965200000000001,-2.5258
nan,nan,nan,-0.10721892863512039,-0.0055290162563323975,-0.9942200779914856,-0.05875460058450699,0.4656756520271301,-1.3076677322387695,0.07047203928232193,0.4766361117362976,-1.306056261062622,0.22943207621574402,0.5096634030342102,-1.3126435279846191,-0.18522682785987854,0.5315844416618347,-1.3195629119873047,-0.0015502094756811857,0.0021315379999578,-0.0010110063012689352,-0.0007751047378405929,-0.0029066430870443583,-0.0005055031506344676,-0.0011626571649685502,0.0005813285824842751,-0.001314308145083487,-0.00038755236892029643,-0.0015502094756811857,-0.0008088049362413585,0.0,0.0,0.0,0.0,0.0,0.0,0.0,0.0,0.0,0.0,0.0,0.0,0.0,1.29514,-2.5231,0.0,1.29514,-2.5231,0.1812,1.29514,-2.5231,-0.1812,1.29514,-2.5231
nan,nan,nan,-0.10724521428346634,-0.005560499615967274,-0.994217038154602,-0.05875460058450699,0.4656756520271301,-1.307636022567749,0.07053259760141373,0.4766361117362976,-1.306056261062622,0.22943207621574402,0.5096634030342102,-1.3126435279846191,-0.18525710701942444,0.5315844416618347,-1.3195469379425049,0.00019377618446014822,0.001937761902809143,0.0006066037458367646,0.0042630759999156,-0.0015502094756811857,0.0,-0.0025190904270857573,0.0009688809514045715,-0.001415408682078123,-0.0023253143299371004,-0.0015502094756811857,0.001415408682078123,0.0,0.0,0.0,0.0,0.0,0.0,0.0,0.0,0.0,0.0,0.0,0.0,0.0,1.29376,-2.5203999999999995,0.0,1.29376,-2.5203999999999995,0.1808,1.29376,-2.5203999999999995,-0.1808,1.29376,-2.5203999999999995
nan,nan,nan,-0.1072675809264183,-0.005577071104198694,-0.9942145347595215,-0.05878487974405289,0.46561509370803833,-1.3076517581939697,0.07050231844186783,0.4766361117362976,-1.3060405254364014,0.22949263453483582,0.5096634030342102,-1.3126277923583984,-0.18528738617897034,0.5316147208213806,-1.3195629119873047,-0.003294195281341672,-0.0015502094756811857,0.00010110061703016981,-0.0005813285824842751,-0.0011626571649685502,0.001314308145083487,0.0027128667570650578,0.0021315379999578,0.0,-0.001937761902809143,0.0009688809514045715,-0.0003033018729183823,0.0,0.0,0.0,0.0,0.0,0.0,0.0,0.0,0.0,0.0,0.0,0.0,0.0,1.29238,-2.5177,0.0,1.29238,-2.5177,0.1804,1.29238,-2.5177,-0.1804,1.29238,-2.5177
nan,nan,nan,-0.10726505517959595,-0.005616775713860989,-0.9942145943641663,-0.05875460058450699,0.4656756520271301,-1.3076677322387695,0.07053259760141373,0.4766361117362976,-1.3060405254364014,0.22946235537528992,0.5096634030342102,-1.3126120567321777,-0.18525710701942444,0.5315844416618347,-1.3195469379425049,0.00019377618446014822,0.004069299902766943,-0.0010110063012689352,0.0,-0.0017439856892451644,0.0010110063012689352,-0.0005813285824842751,0.001937761902809143,0.0005055031506344676,0.0007751047378405929,-0.001937761902809143,0.0012132074916735291,0.0,0.0,0.0,0.0,0.0,0.0,0.0,0.0,0.0,0.0,0.0,0.0,0.0,1.291,-2.5149999999999997,0.0,1.291,-2.5149999999999997,0.18,1.291,-2.5149999999999997,-0.18,1.291,-2.5149999999999997
nan,nan,nan,-0.10727529972791672,-0.005586954765021801,-0.9942136406898499,-0.05875460058450699,0.46564537286758423,-1.3076677322387695,0.07050231844186783,0.4766361117362976,-1.306056261062622,0.22949263453483582,0.5096331238746643,-1.3126277923583984,-0.18525710701942444,0.5315844416618347,-1.3195469379425049,0.0,-0.00019377618446014822,-0.0010110063012689352,0.0,0.0,0.0,0.0007751047378405929,-0.0007751047378405929,-0.0012132074916735291,0.0005813285824842751,-0.001937761902809143,0.0012132074916735291,0.0,0.0,0.0,0.0,0.0,0.0,0.0,0.0,0.0,0.0,0.0,0.0,0.0,1.28962,-2.5122999999999998,0.0,1.28962,-2.5122999999999998,0.17959999999999998,1.28962,-2.5122999999999998,-0.17959999999999998,1.28962,-2.5122999999999998
nan,nan,nan,-0.10725335031747818,-0.00558119360357523,-0.9942160844802856,-0.05875460058450699,0.46564537286758423,-1.3076517581939697,0.07053259760141373,0.4766663908958435,-1.3060405254364014,0.22946235537528992,0.5096331238746643,-1.3126120567321777,-0.18531766533851624,0.5315844416618347,-1.3195629119873047,-0.0007751047378405929,0.0,0.00020220123406033963,0.001937761902809143,0.0021315379999578,0.0011121068382635713,-0.0015502094756811857,-0.0005813285824842751,0.0,-0.0027128667570650578,-0.001937761902809143,-0.0005055031506344676,0.0,0.0,0.0,0.0,0.0,0.0,0.0,0.0,0.0,0.0,0.0,0.0,0.0,1.2882399999999998,-2.5096,0.0,1.2882399999999998,-2.5096,0.1792,1.2882399999999998,-2.5096,-0.1792,1.2882399999999998,-2.5096
nan,nan,nan,-0.10728587210178375,-0.005605924408882856,-0.9942123889923096,-0.05872432142496109,0.4656756520271301,-1.3076517581939697,0.07050231844186783,0.4766361117362976,-1.306056261062622,0.22946235537528992,0.5096331238746643,-1.3126120567321777,-0.18537822365760803,0.5315844416618347,-1.3195469379425049,0.001937761902809143,0.0027128667570650578,0.0005055031506344676,0.001937761902809143,-0.0021315379999578,0.0005055031506344676,-0.0027128667570650578,0.00019377618446014822,0.00020220123406033963,-0.004650628659874201,-0.0015502094756811857,0.0010110063012689352,0.0,0.0,0.0,0.0,0.0,0.0,0.0,0.0,0.0,0.0,0.0,0.0,0.0,1.2868600000000001,-2.5068999999999995,0.0,1.2868600000000001,-2.5068999999999995,0.1788,1.2868600000000001,-2.5068999999999995,-0.1788,1.2868600000000001,-2.5068999999999995
nan,nan,nan,-0.10730615258216858,-0.005613768007606268,-0.9942101836204529,-0.05872432142496109,0.4656756520271301,-1.3076517581939697,0.07053259760141373,0.4766663908958435,-1.306056261062622,0.22949263453483582,0.5096331238746643,-1.3126277923583984,-0.18534794449806213,0.5315844416618347,-1.3195469379425049,0.003294195281341672,0.0031004189513623714,0.0006066037458367646,0.0015502094756811857,0.0009688809514045715,0.0003033018729183823,-0.00019377618446014822,0.0,-0.0010110063012689352,-0.0009688809514045715,-0.001937761902809143,-0.0009099055896513164,0.0,0.0,0.0,0.0,0.0,0.0,0.0,0.0,0.0,0.0,0.0,0.0,0.0,1.28548,-2.5041999999999995,0.0,1.28548,-2.5041999999999995,0.1784,1.28548,-2.5041999999999995,-0.1784,1.28548,-2.5041999999999995
nan,nan,nan,-0.10729038715362549,-0.005585993640124798,-0.9942120313644409,-0.05872432142496109,0.46564537286758423,-1.3076677322387695,0.07053259760141373,0.4766361117362976,-1.3060245513916016,0.22946235537528992,0.5096634030342102,-1.3126277923583984,-0.18531766533851624,0.5315844416618347,-1.3195786476135254,0.003294195281341672,-0.0009688809514045715,-0.0010110063012689352,0.0015502094756811857,-0.0027128667570650578,0.0022242136765271425,-0.0021315379999578,0.0029066430870443583,-0.001415408682078123,0.00019377618446014822,-0.001937761902809143,-0.0019209118327125907,0.0,0.0,0.0,0.0,0.0,0.0,0.0,0.0,0.0,0.0,0.0,0.0,0.0,1.2841,-2.5015,0.0,1.2841,-2.5015,0.178,1.2841,-2.5015,-0.178,1.2841,-2.5015
nan,nan,nan,-0.10731373727321625,-0.005630779080092907,-0.9942092895507812,-0.05872432142496109,0.4656756520271301,-1.3076834678649902,0.07053259760141373,0.4766663908958435,-1.306056261062622,0.22949263453483582,0.5096331238746643,-1.312596321105957,-0.18534794449806213,0.5315844416618347,-1.3195469379425049,0.001937761902809143,0.0023253143299371004,-0.0010110063012689352,-0.0005813285824842751,0.0,-0.00010110061703016981,-0.0005813285824842751,-0.0007751047378405929,0.00040440246812067926,-0.0015502094756811857,-0.0015502094756811857,0.0010110063012689352,0.0,0.0,0.0,0.0,0.0,0.0,0.0,0.0,0.0,0.0,0.0,0.0,0.0,1.2827199999999999,-2.4987999999999997,0.0,1.2827199999999999,-2.4987999999999997,0.17759999999999998,1.2827199999999999,-2.4987999999999997,-0.17759999999999998,1.2827199999999999,-2.4987999999999997
nan,nan,nan,-0.10731998831033707,-0.0056410920806229115,-0.9942085146903992,-0.05875460058450699,0.46561509370803833,-1.3076677322387695,0.07053259760141373,0.4766663908958435,-1.3060405254364014,0.22949263453483582,0.5096634030342102,-1.312596321105957,-0.18534794449806213,0.5315541625022888,-1.3195469379425049,-0.0013564333785325289,-0.0029066430870443583,0.0003033018729183823,0.00019377618446014822,0.0005813285824842751,0.001314308145083487,0.00038755236892029643,0.0029066430870443583,0.00010110061703016981,0.0,-0.004069299902766943,0.0008088049362413585,0.0,0.0,0.0,0.0,0.0,0.0,0.0,0.0,0.0,0.0,0.0,0.0,0.0,1.2813400000000001,-2.4960999999999998,0.0,1.2813400000000001,-2.4960999999999998,0.1772,1.2813400000000001,-2.4960999999999998,-0.1772,1.2813400000000001,-2.4960999999999998
nan,nan,nan,-0.1073848232626915,-0.00565161881968379,-0.9942014813423157,-0.05872432142496109,0.4656756520271301,-1.3076834678649902,0.07056287676095963,0.4766663908958435,-1.3060405254364014,0.22946235537528992,0.5096634030342102,-1.312596321105957,-0.18534794449806213,0.5315844416618347,-1.3195469379425049,0.0025190904270857573,0.00019377618446014822,-0.001516509335488081,0.0025190904270857573,0.0015502094756811857,0.0008088049362413585,-0.001937761902809143,0.0029066430870443583,0.0005055031506344676,0.0005813285824842751,-0.0007751047378405929,0.00010110061703016981,0.0,0.0,0.0,0.0,0.0,0.0,0.0,0.0,0.0,0.0,0.0,0.0,0.0,1.27996,-2.4934,0.0,1.27996,-2.4934,0.17679999999999998,1.27996,-2.4934,-0.17679999999999998,1.27996,-2.4934
nan,nan,nan,-0.10738368332386017,-0.005622534081339836,-0.9942017793655396,-0.05872432142496109,0.4656756520271301,-1.3076517581939697,0.07056287676095963,0.4766663908958435,-1.3060405254364014,0.22949263453483582,0.5096331238746643,-1.3126120567321777,-0.18540850281715393,0.5315844416618347,-1.3195469379425049,0.0015502094756811857,0.0031004189513623714,0.0003033018729183823,0.001937761902809143,0.0009688809514045715,0.001415408682078123,-0.0011626571649685502,-0.00038755236892029643,-0.001516509335488081,-0.004650628659874201,-0.001937761902809143,0.00020220123406033963,0.0,0.0,0.0,0.0,0.0,0.0,0.0,0.0,0.0,0.0,0.0,0.0,0.0,1.27858,-2.4906999999999995,0.0,1.27858,-2.4906999999999995,0.1764,1.27858,-2.4906999999999995,-0.1764,1.27858,-2.4906999999999995
nan,nan,nan,-0.10734297335147858,-0.005635851062834263,-0.9942060708999634,-0.05869404226541519,0.46564537286758423,-1.3076834678649902,0.07056287676095963,0.4766663908958435,-1.306056261062622,0.22949263453483582,0.5096634030342102,-1.312596321105957,-0.18537822365760803,0.5315541625022888,-1.3195629119873047,0.0050381808541715145,0.0011626571649685502,-0.0012132074916735291,0.00038755236892029643,0.0011626571649685502,-0.0007077043410390615,-0.00019377618446014822,0.0023253143299371004,0.00010110061703016981,0.00038755236892029643,-0.003487971378490329,-0.0012132074916735291,0.0,0.0,0.0,0.0,0.0,0.0,0.0,0.0,0.0,0.0,0.0,0.0,0.0,1.2772,-2.488,0.0,1.2772,-2.488,0.176,1.2772,-2.488,-0.176,1.2772,-2.488
nan,nan,nan,-0.10733851790428162,-0.005641557276248932,-0.9942065477371216,-0.05872432142496109,0.4656756520271301,-1.3076677322387695,0.07059315592050552,0.4766663908958435,-1.3060405254364014,0.22949263453483582,0.5096331238746643,-1.3126120567321777,-0.18537822365760803,0.5315541625022888,-1.3195469379425049,0.0015502094756811857,0.0042630759999156,0.00010110061703016981,0.0042630759999156,0.0,0.0010110063012689352,-0.0029066430870443583,0.0,0.00020220123406033963,0.0021315379999578,-0.0025190904270857573,0.001516509335488081,0.0,0.0,0.0,0.0,0.0,0.0,0.0,0.0,0.0,0.0,0.0,0.0,0.0,1.2758200000000002,-2.4853,0.0,1.2758200000000002,-2.4853,0.17559999999999998,1.2758200000000002,-2.4853,-0.17559999999999998,1.2758200000000002,-2.4853
nan,nan,nan,-0.1073293536901474,-0.005633991211652756,-0.9942075610160828,-0.05872432142496109,0.4656756520271301,-1.3076834678649902,0.07056287676095963,0.4766361117362976,-1.3060405254364014,0.22949263453483582,0.5096634030342102,-1.312596321105957,-0.18540850281715393,0.5315844416618347,-1.3195469379425049,-0.003294195281341672,0.004069299902766943,-0.0010110063012689352,0.001937761902809143,-0.0027128667570650578,0.0012132074916735291,-0.001937761902809143,0.0023253143299371004,-0.00020220123406033963,-0.00019377618446014822,0.0,0.0010110063012689352,0.0,0.0,0.0,0.0,0.0,0.0,0.0,0.0,0.0,0.0,0.0,0.0,0.0,1.27444,-2.4825999999999997,0.0,1.27444,-2.4825999999999997,0.1752,1.27444,-2.4825999999999997,-0.1752,1.27444,-2.4825999999999997
nan,nan,nan,-0.10734967887401581,-0.005612145643681288,-0.9942054748535156,-0.05872432142496109,0.46564537286758423,-1.3076834678649902,0.07053259760141373,0.4766663908958435,-1.3060405254364014,0.22952285408973694,0.5096634030342102,-1.312596321105957,-0.18540850281715393,0.5315844416618347,-1.3195469379425049,0.0023253143299371004,0.0,-0.0010110063012689352,0.0,0.00019377618446014822,0.0011121068382635713,0.0,0.0031004189513623714,0.0,-0.0007751047378405929,0.0,0.0010110063012689352,0.0,0.0,0.0,0.0,0.0,0.0,0.0,0.0,0.0,0.0,0.0,0.0,0.0,1.27306,-2.4798999999999998,0.0,1.27306,-2.4798999999999998,0.17479999999999998,1.27306,-2.4798999999999998,-0.17479999999999998,1.27306,-2.4798999999999998
nan,nan,nan,-0.1073668822646141,-0.005625964608043432,-0.9942035675048828,-0.05875460058450699,0.4656756520271301,-1.3076834678649902,0.07056287676095963,0.4766663908958435,-1.3060405254364014,0.22949263453483582,0.5096331238746643,-1.3125803470611572,-0.18543878197669983,0.5315541625022888,-1.3195469379425049,-0.0017439856892451644,0.0031004189513623714,-0.001415408682078123,0.001937761902809143,-0.00019377618446014822,0.001415408682078123,-0.001937761902809143,0.00019377618446014822,0.001314308145083487,-0.0013564333785325289,-0.0023253143299371004,0.001718710525892675,0.0,0.0,0.0,0.0,0.0,0.0,0.0,0.0,0.0,0.0,0.0,0.0,0.0,1.27168,-2.4772,0.0,1.27168,-2.4772,0.1744,1.27168,-2.4772,-0.1744,1.27168,-2.4772
nan,nan,nan,-0.10733523219823837,-0.005604790989309549,-0.9942070841789246,-0.05872432142496109,0.4656756520271301,-1.3076834678649902,0.07053259760141373,0.4766361117362976,-1.3060405254364014,0.22952285408973694,0.5096331238746643,-1.3126120567321777,-0.18543878197669983,0.5315541625022888,-1.3195629119873047,0.001937761902809143,-0.00038755236892029643,-0.001314308145083487,-0.0007751047378405929,-0.0017439856892451644,0.001617609872482717,0.00038755236892029643,0.0,-0.001718710525892675,0.0005813285824842751,-0.0023253143299371004,-0.0008088049362413585,0.0,0.0,0.0,0.0,0.0,0.0,0.0,0.0,0.0,0.0,0.0,0.0,0.0,1.2703000000000002,-2.4744999999999995,0.0,1.2703000000000002,-2.4744999999999995,0.174,1.2703000000000002,-2.4744999999999995,-0.174,1.2703000000000002,-2.4744999999999995
nan,nan,nan,-0.10731027275323868,-0.005623665638267994,-0.9942096471786499,-0.05872432142496109,0.4656756520271301,-1.3076677322387695,0.07056287676095963,0.4766361117362976,-1.306056261062622,0.22952285408973694,0.5096331238746643,-1.312596321105957,-0.18546906113624573,0.5315844416618347,-1.3195629119873047,0.001937761902809143,0.0013564333785325289,0.0005055031506344676,0.0011626571649685502,-0.0017439856892451644,0.00020220123406033963,0.0,0.0,-0.00040440246812067926,-0.001937761902809143,0.0,0.0009099055896513164,0.0,0.0,0.0,0.0,0.0,0.0,0.0,0.0,0.0,0.0,0.0,0.0,0.0,1.26892,-2.4718,0.0,1.26892,-2.4718,0.17359999999999998,1.26892,-2.4718,-0.17359999999999998,1.26892,-2.4718
nan,nan,nan,-0.10733544826507568,-0.0056170932948589325,-0.9942070245742798,-0.05872432142496109,0.46564537286758423,-1.3076834678649902,0.07056287676095963,0.4766361117362976,-1.3060719966888428,0.22952285408973694,0.5096634030342102,-1.3126120567321777,-0.18543878197669983,0.5315844416618347,-1.3195629119873047,0.0023253143299371004,0.0029066430870443583,-0.001415408682078123,0.0015502094756811857,-0.001937761902809143,0.0,0.0,0.004069299902766943,-0.0019209118327125907,0.00019377618446014822,0.0,-0.00010110061703016981,0.0,0.0,0.0,0.0,0.0,0.0,0.0,0.0,0.0,0.0,0.0,0.0,0.0,1.26754,-2.4691,0.0,1.26754,-2.4691,0.1732,1.26754,-2.4691,-0.1732,1.26754,-2.4691
nan,nan,nan,-0.1073736920952797,-0.005634239409118891,-0.9942027926445007,-0.05875460058450699,0.4656756520271301,-1.3076834678649902,0.07053259760141373,0.4766361117362976,-1.306056261062622,0.22949263453483582,0.5096331238746643,-1.312596321105957,-0.18546906113624573,0.5315844416618347,-1.3195469379425049,0.0015502094756811857,0.0021315379999578,-0.0012132074916735291,-0.0017439856892451644,-0.0023253143299371004,0.0010110063012689352,-0.0031004189513623714,0.00019377618446014822,-0.001415408682078123,-0.001937761902809143,0.0005813285824842751,0.0,0.0,0.0,0.0,0.0,0.0,0.0,0.0,0.0,0.0,0.0,0.0,0.0,0.0,1.26616,-2.4663999999999997,0.0,1.26616,-2.4663999999999997,0.17279999999999998,1.26616,-2.4663999999999997,-0.17279999999999998,1.26616,-2.4663999999999997
nan,nan,nan,-0.10737769305706024,-0.005669632460922003,-0.9942021369934082,-0.05872432142496109,0.46564537286758423,-1.3076834678649902,0.07056287676095963,0.4766663908958435,-1.3060719966888428,0.22952285408973694,0.5096634030342102,-1.312596321105957,-0.18549934029579163,0.5316147208213806,-1.3195469379425049,0.001937761902809143,-0.00019377618446014822,-0.0009099055896513164,0.0011626571649685502,0.00019377618446014822,-0.0005055031506344676,-0.0013564333785325289,0.0021315379999578,-0.0010110063012689352,-0.0029066430870443583,0.003294195281341672,0.0003033018729183823,0.0,0.0,0.0,0.0,0.0,0.0,0.0,0.0,0.0,0.0,0.0,0.0,0.0,1.2647799999999998,-2.4637,0.0,1.2647799999999998,-2.4637,0.1724,1.2647799999999998,-2.4637,-0.1724,1.2647799999999998,-2.4637
nan,nan,nan,-0.10735543817281723,-0.005671920720487833,-0.9942045211791992,-0.05872432142496109,0.46561509370803833,-1.3076517581939697,0.07059315592050552,0.4766663908958435,-1.3060719966888428,0.22955313324928284,0.5096331238746643,-1.312596321105957,-0.18546906113624573,0.5315541625022888,-1.3195469379425049,0.001937761902809143,-0.0021315379999578,0.001415408682078123,0.0015502094756811857,0.0013564333785325289,-0.0005055031506344676,0.0015502094756811857,0.001937761902809143,-0.0010110063012689352,0.0,-0.001937761902809143,-0.00040440246812067926,0.0,0.0,0.0,0.0,0.0,0.0,0.0,0.0,0.0,0.0,0.0,0.0,0.0,1.2634,-2.4609999999999994,0.0,1.2634,-2.4609999999999994,0.172,1.2634,-2.4609999999999994,-0.172,1.2634,-2.4609999999999994
nan,nan,nan,-0.10732511430978775,-0.005681645590811968,-0.9942077398300171,-0.05872432142496109,0.46564537286758423,-1.3076834678649902,0.07056287676095963,0.4766058325767517,-1.306056261062622,0.22955313324928284,0.5096028447151184,-1.3125803470611572,-0.18546906113624573,0.5315844416618347,-1.3195312023162842,0.0031004189513623714,0.0007751047378405929,-0.0012132074916735291,-0.00038755236892029643,-0.004650628659874201,0.001516509335488081,0.00019377618446014822,-0.0017439856892451644,0.0005055031506344676,-0.00019377618446014822,0.0,0.0011121068382635713,0.0,0.0,0.0,0.0,0.0,0.0,0.0,0.0,0.0,0.0,0.0,0.0,0.0,1.26202,-2.4582999999999995,0.0,1.26202,-2.4582999999999995,0.17159999999999997,1.26202,-2.4582999999999995,-0.17159999999999997,1.26202,-2.4582999999999995
nan,nan,nan,-0.10735456645488739,-0.005686821416020393,-0.9942045211791992,-0.05872432142496109,0.46564537286758423,-1.3076834678649902,0.07059315592050552,0.4766663908958435,-1.3060877323150635,0.22949263453483582,0.5096331238746643,-1.3126120567321777,-0.18546906113624573,0.5315541625022888,-1.3195469379425049,-0.0009688809514045715,0.001937761902809143,-0.0010110063012689352,0.001937761902809143,0.0023253143299371004,-0.001415408682078123,-0.005619509611278772,0.001937761902809143,-0.002628616290166974,0.0009688809514045715,-0.001937761902809143,-0.00020220123406033963,0.0,0.0,0.0,0.0,0.0,0.0,0.0,0.0,0.0,0.0,0.0,0.0,0.0,1.26064,-2.4556,0.0,1.26064,-2.4556,0.1712,1.26064,-2.4556,-0.1712,1.26064,-2.4556
nan,nan,nan,-0.10737783461809158,-0.005706884432584047,-0.9942018985748291,-0.05872432142496109,0.46561509370803833,-1.3076677322387695,0.07059315592050552,0.4766058325767517,-1.3060877323150635,0.22955313324928284,0.5096028447151184,-1.3125803470611572,-0.18555989861488342,0.5315541625022888,-1.3195312023162842,0.001937761902809143,-0.0009688809514045715,-0.00010110061703016981,0.0023253143299371004,-0.004456852562725544,-0.0010110063012689352,0.0,-0.0011626571649685502,0.0,-0.005231957416981459,-0.0015502094756811857,0.001718710525892675,0.0,0.0,0.0,0.0,0.0,0.0,0.0,0.0,0.0,0.0,0.0,0.0,0.0,1.2592599999999998,-2.4528999999999996,0.0,1.2592599999999998,-2.4528999999999996,0.17079999999999998,1.2592599999999998,-2.4528999999999996,-0.17079999999999998,1.2592599999999998,-2.4528999999999996
nan,nan,nan,-0.10743534564971924,-0.005715887527912855,-0.9941956400871277,-0.05875460058450699,0.4656756520271301,-1.3076677322387695,0.07053259760141373,0.4766663908958435,-1.3060719966888428,0.22955313324928284,0.5096331238746643,-1.312596321105957,-0.18552961945533752,0.5315844416618347,-1.3195312023162842,-0.0009688809514045715,0.001937761902809143,0.00020220123406033963,-0.003294195281341672,-0.0009688809514045715,0.001314308145083487,-0.00019377618446014822,0.0021315379999578,-0.001516509335488081,-0.0023253143299371004,-0.001937761902809143,0.0005055031506344676,0.0,0.0,0.0,0.0,0.0,0.0,0.0,0.0,0.0,0.0,0.0,0.0,0.0,1.25788,-2.4501999999999997,0.0,1.25788,-2.4501999999999997,0.1704,1.25788,-2.4501999999999997,-0.1704,1.25788,-2.4501999999999997
nan,nan,nan,-0.10747260600328445,-0.005688557866960764,-0.9941917657852173,-0.05875460058450699,0.46564537286758423,-1.307699203491211,0.07056287676095963,0.4766361117362976,-1.3060719966888428,0.22955313324928284,0.5096028447151184,-1.312596321105957,-0.18555989861488342,0.5315541625022888,-1.3195312023162842,0.0,0.0,-0.001516509335488081,-0.0007751047378405929,-0.0017439856892451644,0.0018198111793026328,-0.00019377618446014822,-0.0007751047378405929,-0.0010110063012689352,-0.0031004189513623714,-0.001937761902809143,0.0012132074916735291,0.0,0.0,0.0,0.0,0.0,0.0,0.0,0.0,0.0,0.0,0.0,0.0,0.0,1.2565,-2.4475,0.0,1.2565,-2.4475,0.16999999999999998,1.2565,-2.4475,-0.16999999999999998,1.2565,-2.4475
nan,nan,nan,-0.10751058906316757,-0.005671501625329256,-0.9941877722740173,-0.05869404226541519,0.4656756520271301,-1.3076834678649902,0.07059315592050552,0.4766663908958435,-1.3060719966888428,0.22955313324928284,0.5096028447151184,-1.3125646114349365,-0.18559017777442932,0.5315541625022888,-1.3195469379425049,0.0031004189513623714,0.0023253143299371004,-0.0006066037458367646,0.0023253143299371004,0.00019377618446014822,0.0008088049362413585,0.0,-0.0009688809514045715,0.001718710525892675,-0.0007751047378405929,-0.001937761902809143,0.00020220123406033963,0.0,0.0,0.0,0.0,0.0,0.0,0.0,0.0,0.0,0.0,0.0,0.0,0.0,1.25512,-2.4447999999999994,0.0,1.25512,-2.4447999999999994,0.16959999999999997,1.25512,-2.4447999999999994,-0.16959999999999997,1.25512,-2.4447999999999994
nan,nan,nan,-0.1075311228632927,-0.005677597597241402,-0.9941855072975159,-0.05875460058450699,0.4656756520271301,-1.307699203491211,0.07059315592050552,0.4766663908958435,-1.3060877323150635,0.22958341240882874,0.5096331238746643,-1.312596321105957,-0.18568101525306702,0.5315541625022888,-1.3195469379425049,-0.0007751047378405929,0.0036817477084696293,-0.001516509335488081,0.0025190904270857573,0.0005813285824842751,0.0,0.0009688809514045715,0.0023253143299371004,-0.0011121068382635713,-0.004650628659874201,-0.001937761902809143,0.0008088049362413585,0.0,0.0,0.0,0.0,0.0,0.0,0.0,0.0,0.0,0.0,0.0,0.0,0.0,1.2537399999999999,-2.4421,0.0,1.2537399999999999,-2.4421,0.1692,1.2537399999999999,-2.4421,-0.1692,1.2537399999999999,-2.4421
nan,nan,nan,-0.10746806114912033,-0.005710826721042395,-0.9941921234130859,-0.05875460058450699,0.4656756520271301,-1.307699203491211,0.07059315592050552,0.4766663908958435,-1.306056261062622,0.22955313324928284,0.5096028447151184,-1.312596321105957,-0.18568101525306702,0.5315541625022888,-1.3195312023162842,-0.003294195281341672,0.0015502094756811857,-0.00040440246812067926,0.001937761902809143,0.0007751047378405929,0.0027297167107462883,-0.0015502094756811857,-0.0009688809514045715,-0.0010110063012689352,0.00038755236892029643,-0.0013564333785325289,0.001516509335488081,0.0,0.0,0.0,0.0,0.0,0.0,0.0,0.0,0.0,0.0,0.0,0.0,0.0,1.2523600000000001,-2.4394,0.0,1.2523600000000001,-2.4394,0.16879999999999998,1.2523600000000001,-2.4394,-0.16879999999999998,1.2523600000000001,-2.4394
nan,nan,nan,-0.10745459794998169,-0.005721216090023518,-0.9941935539245605,-0.05875460058450699,0.46561509370803833,-1.3076834678649902,0.07059315592050552,0.4766361117362976,-1.3060877323150635,0.22958341240882874,0.5096331238746643,-1.312596321105957,-0.1857415735721588,0.5315541625022888,-1.3195469379425049,-0.00019377618446014822,-0.0029066430870443583,-0.0003033018729183823,0.004650628659874201,-0.0025190904270857573,-0.00040440246812067926,0.0005813285824842751,0.001937761902809143,-0.0007077043410390615,-0.0007751047378405929,-0.001937761902809143,0.0007077043410390615,0.0,0.0,0.0,0.0,0.0,0.0,0.0,0.0,0.0,0.0,0.0,0.0,0.0,1.25098,-2.4366999999999996,0.0,1.25098,-2.4366999999999996,0.1684,1.25098,-2.4366999999999996,-0.1684,1.25098,-2.4366999999999996
nan,nan,nan,-0.10744064301252365,-0.0057318927720189095,-0.9941949844360352,-0.05875460058450699,0.4656756520271301,-1.3077149391174316,0.07056287676095963,0.4766058325767517,-1.3060877323150635,0.22955313324928284,0.5096028447151184,-1.312596321105957,-0.1857718527317047,0.5315844416618347,-1.3195469379425049,-0.001937761902809143,0.003294195281341672,-0.0027297167107462883,-0.0005813285824842751,-0.0050381808541715145,-0.0005055031506344676,-0.0023253143299371004,0.0,-0.0008088049362413585,-0.0042630759999156,0.0017439856892451644,0.0011121068382635713,0.0,0.0,0.0,0.0,0.0,0.0,0.0,0.0,0.0,0.0,0.0,0.0,0.0,1.2496,-2.4339999999999997,0.0,1.2496,-2.4339999999999997,0.16799999999999998,1.2496,-2.4339999999999997,-0.16799999999999998,1.2496,-2.4339999999999997
nan,nan,nan,-0.10748076438903809,-0.005794678349047899,-0.9941902756690979,-0.05872432142496109,0.46564537286758423,-1.307699203491211,0.07059315592050552,0.4766361117362976,-1.3060877323150635,0.22955313324928284,0.5095725655555725,-1.312596321105957,-0.1857718527317047,0.5315238833427429,-1.3195469379425049,0.0027128667570650578,-0.0005813285824842751,-0.001516509335488081,0.0023253143299371004,-0.0007751047378405929,0.00020220123406033963,-0.0021315379999578,-0.00038755236892029643,-0.00040440246812067926,-0.00019377618446014822,-0.003487971378490329,-0.0005055031506344676,0.0,0.0,0.0,0.0,0.0,0.0,0.0,0.0,0.0,0.0,0.0,0.0,0.0,1.2482199999999999,-2.4313,0.0,1.2482199999999999,-2.4313,0.16759999999999997,1.2482199999999999,-2.4313,-0.16759999999999997,1.2482199999999999,-2.4313
nan,nan,nan,-0.10748148709535599,-0.005817684810608625,-0.9941900372505188,-0.05872432142496109,0.46561509370803833,-1.3076834678649902,0.07059315592050552,0.4766663908958435,-1.306119441986084,0.22955313324928284,0.5096028447151184,-1.3125803470611572,-0.1858324110507965,0.5315238833427429,-1.3195469379425049,0.001937761902809143,-0.0027128667570650578,-0.0006066037458367646,0.001937761902809143,0.00038755236892029643,-0.001617609872482717,-0.0031004189513623714,0.0009688809514045715,0.00040440246812067926,-0.001937761902809143,-0.001937761902809143,0.0003033018729183823,0.0,0.0,0.0,0.0,0.0,0.0,0.0,0.0,0.0,0.0,0.0,0.0,0.0,1.2468400000000002,-2.4285999999999994,0.0,1.2468400000000002,-2.4285999999999994,0.1672,1.2468400000000002,-2.4285999999999994,-0.1672,1.2468400000000002,-2.4285999999999994
nan,nan,nan,-0.10749539732933044,-0.00587176950648427,-0.9941882491111755,-0.05872432142496109,0.4656756520271301,-1.307699203491211,0.07056287676095963,0.4766663908958435,-1.3060719966888428,0.22958341240882874,0.5096028447151184,-1.312596321105957,-0.1858021318912506,0.5315541625022888,-1.3195469379425049,0.0017439856892451644,0.0027128667570650578,-0.0010110063012689352,-0.00019377618446014822,0.0,0.0018198111793026328,0.0,0.0007751047378405929,-0.001718710525892675,0.0011626571649685502,0.0,-0.00010110061703016981,0.0,0.0,0.0,0.0,0.0,0.0,0.0,0.0,0.0,0.0,0.0,0.0,0.0,1.24546,-2.4259,0.0,1.24546,-2.4259,0.16679999999999998,1.24546,-2.4259,-0.16679999999999998,1.24546,-2.4259
nan,nan,nan,-0.10747428983449936,-0.005840446334332228,-0.9941906929016113,-0.05875460058450699,0.46564537286758423,-1.3076677322387695,0.07056287676095963,0.4766361117362976,-1.3060719966888428,0.22958341240882874,0.5096331238746643,-1.3125803470611572,-0.1858324110507965,0.5315238833427429,-1.3195312023162842,0.0,0.00019377618446014822,0.0,-0.00038755236892029643,-0.0015502094756811857,0.0024264149833470583,0.0005813285824842751,0.003487971378490329,0.0,-0.001937761902809143,-0.001937761902809143,0.0012132074916735291,0.0,0.0,0.0,0.0,0.0,0.0,0.0,0.0,0.0,0.0,0.0,0.0,0.0,1.2440799999999999,-2.4232,0.0,1.2440799999999999,-2.4232,0.1664,1.2440799999999999,-2.4232,-0.1664,1.2440799999999999,-2.4232
nan,nan,nan,-0.10742279887199402,-0.005810254719108343,-0.9941964745521545,-0.05872432142496109,0.4656756520271301,-1.3076834678649902,0.07059315592050552,0.4766361117362976,-1.3061037063598633,0.22958341240882874,0.5096331238746643,-1.312596321105957,-0.1858324110507965,0.5315541625022888,-1.3195469379425049,0.0027128667570650578,0.001937761902809143,-0.0012132074916735291,0.001937761902809143,-0.0029066430870443583,0.0,0.00019377618446014822,0.0027128667570650578,-0.001314308145083487,-0.0011626571649685502,0.0,0.0003033018729183823,0.0,0.0,0.0,0.0,0.0,0.0,0.0,0.0,0.0,0.0,0.0,0.0,0.0,1.2427,-2.4204999999999997,0.0,1.2427,-2.4204999999999997,0.16599999999999998,1.2427,-2.4204999999999997,-0.16599999999999998,1.2427,-2.4204999999999997
nan,nan,nan,-0.10747627913951874,-0.00579049251973629,-0.9941908121109009,-0.05875460058450699,0.4656756520271301,-1.3076677322387695,0.07059315592050552,0.4766663908958435,-1.3060877323150635,0.22958341240882874,0.5096028447151184,-1.312596321105957,-0.1858324110507965,0.5315238833427429,-1.3195469379425049,-0.00038755236892029643,0.001937761902809143,0.0006066037458367646,0.0011626571649685502,0.0009688809514045715,0.001415408682078123,0.0,0.0009688809514045715,-0.001617609872482717,0.0007751047378405929,-0.001937761902809143,0.0010110063012689352,0.0,0.0,0.0,0.0,0.0,0.0,0.0,0.0,0.0,0.0,0.0,0.0,0.0,1.24132,-2.4177999999999997,0.0,1.24132,-2.4177999999999997,0.16559999999999997,1.24132,-2.4177999999999997,-0.16559999999999997,1.24132,-2.4177999999999997
nan,nan,nan,-0.10744032263755798,-0.00583009934052825,-0.9941944479942322,-0.05872432142496109,0.46564537286758423,-1.3076834678649902,0.07056287676095963,0.4766663908958435,-1.3060877323150635,0.22955313324928284,0.5096028447151184,-1.3125646114349365,-0.1858626902103424,0.5315238833427429,-1.3195312023162842,0.001937761902809143,0.0,-0.001314308145083487,-0.0013564333785325289,0.0015502094756811857,0.0010110063012689352,-0.0027128667570650578,0.0011626571649685502,0.001415408682078123,-0.00019377618446014822,-0.0023253143299371004,0.0012132074916735291,0.0,0.0,0.0,0.0,0.0,0.0,0.0,0.0,0.0,0.0,0.0,0.0,0.0,1.23994,-2.4151,0.0,1.23994,-2.4151,0.16519999999999999,1.23994,-2.4151,-0.16519999999999999,1.23994,-2.4151
nan,nan,nan,-0.10744645446538925,-0.005785772576928139,-0.9941940307617188,-0.05872432142496109,0.46564537286758423,-1.3076677322387695,0.07056287676095963,0.4766663908958435,-1.3061037063598633,0.22958341240882874,0.5096331238746643,-1.312596321105957,-0.1858929693698883,0.5315238833427429,-1.3195629119873047,0.0025190904270857573,-0.0005813285824842751,0.0,0.0017439856892451644,0.0009688809514045715,-0.0008088049362413585,0.0009688809514045715,0.0042630759999156,-0.0011121068382635713,-0.001937761902809143,-0.0023253143299371004,-0.00020220123406033963,0.0,0.0,0.0,0.0,0.0,0.0,0.0,0.0,0.0,0.0,0.0,0.0,0.0,1.2385599999999999,-2.4123999999999994,0.0,1.2385599999999999,-2.4123999999999994,0.16479999999999997,1.2385599999999999,-2.4123999999999994,-0.16479999999999997,1.2385599999999999,-2.4123999999999994
nan,nan,nan,-0.10743754357099533,-0.005796861369162798,-0.9941949248313904,-0.05872432142496109,0.46564537286758423,-1.3076834678649902,0.07062343508005142,0.4766663908958435,-1.3060719966888428,0.22961369156837463,0.5096028447151184,-1.3125803470611572,-0.1859232485294342,0.5315541625022888,-1.3195312023162842,0.0021315379999578,0.0027128667570650578,-0.0005055031506344676,0.0027128667570650578,0.0009688809514045715,0.0027297167107462883,0.0009688809514045715,0.0007751047378405929,0.00020220123406033963,-0.003487971378490329,0.0009688809514045715,0.001516509335488081,0.0,0.0,0.0,0.0,0.0,0.0,0.0,0.0,0.0,0.0,0.0,0.0,0.0,1.23718,-2.4097,0.0,1.23718,-2.4097,0.1644,1.23718,-2.4097,-0.1644,1.23718,-2.4097
nan,nan,nan,-0.10740679502487183,-0.005775367841124535,-0.9941983819007874,-0.05875460058450699,0.46561509370803833,-1.3076834678649902,0.07059315592050552,0.4766361117362976,-1.3061037063598633,0.22958341240882874,0.5096331238746643,-1.3125803470611572,-0.1859232485294342,0.5315541625022888,-1.3195469379425049,-0.0005813285824842751,-0.00019377618446014822,-0.0010110063012689352,-0.0009688809514045715,-0.0029066430870443583,-0.0006066037458367646,-0.001937761902809143,0.003487971378490329,0.00020220123406033963,-0.0007751047378405929,0.00019377618446014822,0.0008088049362413585,0.0,0.0,0.0,0.0,0.0,0.0,0.0,0.0,0.0,0.0,0.0,0.0,0.0,1.2358,-2.4069999999999996,0.0,1.2358,-2.4069999999999996,0.16399999999999998,1.2358,-2.4069999999999996,-0.16399999999999998,1.2358,-2.4069999999999996
nan,nan,nan,-0.10741081833839417,-0.005764707922935486,-0.9941980242729187,-0.05872432142496109,0.46564537286758423,-1.3076834678649902,0.07062343508005142,0.4766663908958435,-1.3061037063598633,0.22958341240882874,0.5096331238746643,-1.3125803470611572,-0.1859232485294342,0.531493604183197,-1.3195786476135254,0.0,0.0023253143299371004,-0.001314308145083487,0.0023253143299371004,-0.00019377618446014822,0.002830817364156246,-0.0021315379999578,0.0036817477084696293,-0.0003033018729183823,-0.001937761902809143,-0.004650628659874201,-0.0005055031506344676,0.0,0.0,0.0,0.0,0.0,0.0,0.0,0.0,0.0,0.0,0.0,0.0,0.0,1.23442,-2.4042999999999997,0.0,1.23442,-2.4042999999999997,0.16359999999999997,1.23442,-2.4042999999999997,-0.16359999999999997,1.23442,-2.4042999999999997
nan,nan,nan,-0.10743452608585358,-0.005777433514595032,-0.9941954016685486,-0.05872432142496109,0.46564537286758423,-1.3076834678649902,0.07062343508005142,0.4766663908958435,-1.3060877323150635,0.22958341240882874,0.5096028447151184,-1.3125646114349365,-0.1859232485294342,0.5315238833427429,-1.3195786476135254,0.0,0.0015502094756811857,-0.0010110063012689352,0.0027128667570650578,-0.00019377618446014822,0.0010110063012689352,-0.0031004189513623714,0.001937761902809143,0.0011121068382635713,-0.0023253143299371004,-0.0017439856892451644,-0.0005055031506344676,0.0,0.0,0.0,0.0,0.0,0.0,0.0,0.0,0.0,0.0,0.0,0.0,0.0,1.23304,-2.4015999999999997,0.0,1.23304,-2.4015999999999997,0.16319999999999998,1.23304,-2.4015999999999997,-0.16319999999999998,1.23304,-2.4015999999999997
nan,nan,nan,-0.10747432708740234,-0.005757935345172882,-0.9941911697387695,-0.05869404226541519,0.46564537286758423,-1.307699203491211,0.07062343508005142,0.4766361117362976,-1.3060719966888428,0.22958341240882874,0.5096028447151184,-1.312596321105957,-0.1858929693698883,0.5315238833427429,-1.3195629119873047,0.0021315379999578,0.0007751047378405929,-0.001617609872482717,0.0013564333785325289,0.0005813285824842751,-0.0005055031506344676,-0.0015502094756811857,0.001937761902809143,-0.0010110063012689352,0.0009688809514045715,-0.0007751047378405929,0.001415408682078123,0.0,0.0,0.0,0.0,0.0,0.0,0.0,0.0,0.0,0.0,0.0,0.0,0.0,1.23166,-2.3988999999999994,0.0,1.23166,-2.3988999999999994,0.16279999999999997,1.23166,-2.3988999999999994,-0.16279999999999997,1.23166,-2.3988999999999994
nan,nan,nan,-0.10740618407726288,-0.0057577346451580524,-0.9941985607147217,-0.05869404226541519,0.4656756520271301,-1.3076834678649902,0.07059315592050552,0.4766058325767517,-1.3060877323150635,0.22964397072792053,0.5096028447151184,-1.3125803470611572,-0.1859232485294342,0.5315238833427429,-1.3195786476135254,0.0025190904270857573,0.003487971378490329,-0.0010110063012689352,-0.00019377618446014822,-0.0029066430870443583,0.0009099055896513164,0.0025190904270857573,0.001937761902809143,0.0005055031506344676,-0.00038755236892029643,-0.00019377618446014822,-0.00040440246812067926,0.0,0.0,0.0,0.0,0.0,0.0,0.0,0.0,0.0,0.0,0.0,0.0,0.0,1.2302799999999998,-2.3961999999999994,0.0,1.2302799999999998,-2.3961999999999994,0.1624,1.2302799999999998,-2.3961999999999994,-0.1624,1.2302799999999998,-2.3961999999999994
nan,nan,nan,-0.1074293777346611,-0.005804209969937801,-0.9941957592964172,-0.05869404226541519,0.4656756520271301,-1.3076677322387695,0.07062343508005142,0.4766663908958435,-1.3060877323150635,0.22961369156837463,0.5096028447151184,-1.312596321105957,-0.1859232485294342,0.5315541625022888,-1.3195629119873047,0.0029066430870443583,0.004069299902766943,-0.001415408682078123,0.0007751047378405929,0.00019377618446014822,0.0006066037458367646,0.0,0.001937761902809143,0.0003033018729183823,0.0007751047378405929,0.0025190904270857573,-0.00010110061703016981,0.0,0.0,0.0,0.0,0.0,0.0,0.0,0.0,0.0,0.0,0.0,0.0,0.0,1.2289,-2.3935,0.0,1.2289,-2.3935,0.16199999999999998,1.2289,-2.3935,-0.16199999999999998,1.2289,-2.3935
nan,nan,nan,-0.10744382441043854,-0.005804870743304491,-0.9941942095756531,-0.05866376310586929,0.46564537286758423,-1.3076834678649902,0.07062343508005142,0.4766966700553894,-1.3060877323150635,0.22958341240882874,0.5096028447151184,-1.312596321105957,-0.1859535276889801,0.5315238833427429,-1.3195629119873047,0.0031004189513623714,0.0,-0.001415408682078123,0.0013564333785325289,0.0027128667570650578,0.00010110061703016981,0.0,0.0011626571649685502,-0.0010110063012689352,-0.0031004189513623714,-0.0015502094756811857,0.0008088049362413585,0.0,0.0,0.0,0.0,0.0,0.0,0.0,0.0,0.0,0.0,0.0,0.0,0.0,1.22752,-2.3907999999999996,0.0,1.22752,-2.3907999999999996,0.16159999999999997,1.22752,-2.3907999999999996,-0.16159999999999997,1.22752,-2.3907999999999996
nan,nan,nan,-0.10746479034423828,-0.0058123525232076645,-0.9941918849945068,-0.05872432142496109,0.46564537286758423,-1.3076834678649902,0.07062343508005142,0.4766663908958435,-1.3061037063598633,0.22961369156837463,0.5096331238746643,-1.3125803470611572,-0.1859232485294342,0.531493604183197,-1.3195469379425049,0.00019377618446014822,-0.0005813285824842751,-0.001415408682078123,0.0027128667570650578,0.0005813285824842751,-0.0020220126025378704,-0.00038755236892029643,0.005231957416981459,0.00040440246812067926,0.0,-0.00038755236892029643,0.00040440246812067926,0.0,0.0,0.0,0.0,0.0,0.0,0.0,0.0,0.0,0.0,0.0,0.0,0.0,1.22614,-2.3880999999999997,0.0,1.22614,-2.3880999999999997,0.16119999999999998,1.22614,-2.3880999999999997,-0.16119999999999998,1.22614,-2.3880999999999997
nan,nan,nan,-0.10747284442186356,-0.005803873762488365,-0.99419105052948,-0.05869404226541519,0.46561509370803833,-1.3076834678649902,0.07059315592050552,0.4766663908958435,-1.3061037063598633,0.22964397072792053,0.5096331238746643,-1.312596321105957,-0.1859232485294342,0.531493604183197,-1.3195469379425049,0.0,-0.003294195281341672,-0.0012132074916735291,0.0023253143299371004,0.0009688809514045715,-0.00040440246812067926,0.00038755236892029643,0.0050381808541715145,-0.0011121068382635713,0.0005813285824842751,-0.003294195281341672,0.0010110063012689352,0.0,0.0,0.0,0.0,0.0,0.0,0.0,0.0,0.0,0.0,0.0,0.0,0.0,1.2247599999999998,-2.3853999999999997,0.0,1.2247599999999998,-2.3853999999999997,0.16079999999999997,1.2247599999999998,-2.3853999999999997,-0.16079999999999997,1.2247599999999998,-2.3853999999999997
nan,nan,nan,-0.1075170710682869,-0.00579194538295269,-0.9941863417625427,-0.05872432142496109,0.4656756520271301,-1.3076677322387695,0.07059315592050552,0.4766663908958435,-1.3061037063598633,0.22958341240882874,0.5095725655555725,-1.312596321105957,-0.185983806848526,0.5315238833427429,-1.3195629119873047,0.00019377618446014822,0.001937761902809143,0.0,0.0,0.0021315379999578,0.0003033018729183823,-0.0021315379999578,0.0,-0.0010110063012689352,-0.0031004189513623714,0.0005813285824842751,-0.0003033018729183823,0.0,0.0,0.0,0.0,0.0,0.0,0.0,0.0,0.0,0.0,0.0,0.0,0.0,1.2233800000000001,-2.3826999999999994,0.0,1.2233800000000001,-2.3826999999999994,0.1604,1.2233800000000001,-2.3826999999999994,-0.1604,1.2233800000000001,-2.3826999999999994
nan,nan,nan,-0.1074838861823082,-0.005776333622634411,-0.9941900372505188,-0.05869404226541519,0.46561509370803833,-1.3076834678649902,0.07065371423959732,0.4766058325767517,-1.306119441986084,0.22961369156837463,0.5096028447151184,-1.3125803470611572,-0.1859535276889801,0.5315238833427429,-1.3195469379425049,0.001937761902809143,-0.0027128667570650578,-0.0007077043410390615,0.004844404757022858,-0.0009688809514045715,0.0022242136765271425,-0.0013564333785325289,0.0029066430870443583,-0.00010110061703016981,-0.0007751047378405929,0.0009688809514045715,0.0012132074916735291,0.0,0.0,0.0,0.0,0.0,0.0,0.0,0.0,0.0,0.0,0.0,0.0,0.0,1.222,-2.38,0.0,1.222,-2.38,0.15999999999999998,1.222,-2.38,-0.15999999999999998,1.222,-2.38
nan,nan,nan,-0.1074645072221756,-0.005736207123845816,-0.994192361831665,-0.05872432142496109,0.46561509370803833,-1.3076834678649902,0.07062343508005142,0.4766361117362976,-1.3061037063598633,0.22958341240882874,0.5095725655555725,-1.312596321105957,-0.1859535276889801,0.531493604183197,-1.3195469379425049,0.00038755236892029643,-0.0031004189513623714,-0.00040440246812067926,0.0017439856892451644,0.0,0.00010110061703016981,-0.003875523805618286,-0.0011626571649685502,-0.001617609872482717,-0.0009688809514045715,-0.0031004189513623714,0.001415408682078123,0.0,0.0,0.0,0.0,0.0,0.0,0.0,0.0,0.0,0.0,0.0,0.0,0.0,1.2206199999999998,-2.3773,0.0,1.2206199999999998,-2.3773,0.15959999999999996,1.2206199999999998,-2.3773,-0.15959999999999996,1.2206199999999998,-2.3773
nan,nan,nan,-0.10746369510889053,-0.005701564252376556,-0.9941926598548889,-0.05872432142496109,0.4656756520271301,-1.3076834678649902,0.07059315592050552,0.4766058325767517,-1.3060877323150635,0.22961369156837463,0.5096028447151184,-1.312596321105957,-0.1859535276889801,0.531493604183197,-1.3195629119873047,0.00019377618446014822,0.0031004189513623714,-0.0008088049362413585,-0.00038755236892029643,-0.0023253143299371004,0.0008088049362413585,-0.0027128667570650578,0.0027128667570650578,-0.0021231132559478283,0.0007751047378405929,-0.0021315379999578,0.0003033018729183823,0.0,0.0,0.0,0.0,0.0,0.0,0.0,0.0,0.0,0.0,0.0,0.0,0.0,1.2192399999999999,-2.3745999999999996,0.0,1.2192399999999999,-2.3745999999999996,0.15919999999999998,1.2192399999999999,-2.3745999999999996,-0.15919999999999998,1.2192399999999999,-2.3745999999999996
nan,nan,nan,-0.10742482542991638,-0.0056793661788105965,-0.9941970109939575,-0.05869404226541519,0.46564537286758423,-1.3076677322387695,0.07062343508005142,0.4766058325767517,-1.3060877323150635,0.22961369156837463,0.5096028447151184,-1.312596321105957,-0.185983806848526,0.5315238833427429,-1.3195469379425049,0.001937761902809143,0.0007751047378405929,0.0006066037458367646,0.0025190904270857573,-0.003487971378490329,0.0009099055896513164,-0.001937761902809143,0.0027128667570650578,-0.0020220126025378704,-0.0013564333785325289,0.0009688809514045715,0.001314308145083487,0.0,0.0,0.0,0.0,0.0,0.0,0.0,0.0,0.0,0.0,0.0,0.0,0.0,1.21786,-2.3718999999999997,0.0,1.21786,-2.3718999999999997,0.15879999999999997,1.21786,-2.3718999999999997,-0.15879999999999997,1.21786,-2.3718999999999997
nan,nan,nan,-0.10737335681915283,-0.005671962164342403,-0.9942026138305664,-0.05875460058450699,0.46564537286758423,-1.307699203491211,0.07062343508005142,0.4766663908958435,-1.3060877323150635,0.22961369156837463,0.5095725655555725,-1.3125803470611572,-0.185983806848526,0.531493604183197,-1.3195469379425049,-0.0027128667570650578,-0.00019377618446014822,-0.0023253143299371004,0.001937761902809143,0.0009688809514045715,0.0020220126025378704,-0.0009688809514045715,0.0007751047378405929,-0.0011121068382635713,-0.0017439856892451644,-0.001937761902809143,0.001314308145083487,0.0,0.0,0.0,0.0,0.0,0.0,0.0,0.0,0.0,0.0,0.0,0.0,0.0,1.21648,-2.3691999999999993,0.0,1.21648,-2.3691999999999993,0.15839999999999999,1.21648,-2.3691999999999993,-0.15839999999999999,1.21648,-2.3691999999999993
nan,nan,nan,-0.10735142230987549,-0.0056801773607730865,-0.9942049384117126,-0.05872432142496109,0.46564537286758423,-1.3076677322387695,0.07059315592050552,0.4766361117362976,-1.3060877323150635,0.22964397072792053,0.5095725655555725,-1.3125803470611572,-0.1859535276889801,0.531493604183197,-1.3195629119873047,-0.0017439856892451644,0.0,0.0,-0.0005813285824842751,-0.0005813285824842751,0.0010110063012689352,0.0,0.0,-0.0007077043410390615,0.0009688809514045715,-0.001937761902809143,0.0006066037458367646,0.0,0.0,0.0,0.0,0.0,0.0,0.0,0.0,0.0,0.0,0.0,0.0,0.0,1.2150999999999998,-2.3664999999999994,0.0,1.2150999999999998,-2.3664999999999994,0.15799999999999997,1.2150999999999998,-2.3664999999999994,-0.15799999999999997,1.2150999999999998,-2.3664999999999994
nan,nan,nan,-0.10736984014511108,-0.005644942168146372,-0.9942031502723694,-0.05872432142496109,0.46561509370803833,-1.3076834678649902,0.07062343508005142,0.4766361117362976,-1.3060877323150635,0.22964397072792053,0.5095725655555725,-1.3125646114349365,-0.185983806848526,0.531493604183197,-1.3195469379425049,-0.00038755236892029643,-0.0021315379999578,0.0,0.001937761902809143,-0.0021315379999578,0.0008088049362413585,-0.0011626571649685502,0.00019377618446014822,0.0008088049362413585,0.0007751047378405929,-0.0023253143299371004,0.0024264149833470583,0.0,0.0,0.0,0.0,0.0,0.0,0.0,0.0,0.0,0.0,0.0,0.0,0.0,1.21372,-2.3638,0.0,1.21372,-2.3638,0.15759999999999996,1.21372,-2.3638,-0.15759999999999996,1.21372,-2.3638
nan,nan,nan,-0.1074439287185669,-0.005664947908371687,-0.9941949844360352,-0.05872432142496109,0.4656756520271301,-1.3076677322387695,0.07062343508005142,0.4766663908958435,-1.3060877323150635,0.22964397072792053,0.5096028447151184,-1.3125803470611572,-0.185983806848526,0.531493604183197,-1.3195786476135254,-0.0005813285824842751,0.0031004189513623714,0.0009099055896513164,0.001937761902809143,0.0,0.0005055031506344676,-0.0005813285824842751,0.001937761902809143,-0.0012132074916735291,-0.001937761902809143,-0.0013564333785325289,-0.0009099055896513164,0.0,0.0,0.0,0.0,0.0,0.0,0.0,0.0,0.0,0.0,0.0,0.0,0.0,1.21234,-2.3610999999999995,0.0,1.21234,-2.3610999999999995,0.15719999999999998,1.21234,-2.3610999999999995,-0.15719999999999998,1.21234,-2.3610999999999995
nan,nan,nan,-0.10740166157484055,-0.005690520629286766,-0.9941994547843933,-0.05869404226541519,0.4656756520271301,-1.3076677322387695,0.07062343508005142,0.4766361117362976,-1.3061037063598633,0.22964397072792053,0.5096028447151184,-1.3125646114349365,-0.185983806848526,0.531493604183197,-1.3195629119873047,0.0031004189513623714,0.004844404757022858,0.0,0.001937761902809143,-0.0023253143299371004,-0.001415408682078123,0.0,0.003487971378490329,0.00020220123406033963,0.0007751047378405929,-0.001937761902809143,0.0011121068382635713,0.0,0.0,0.0,0.0,0.0,0.0,0.0,0.0,0.0,0.0,0.0,0.0,0.0,1.21096,-2.3583999999999996,0.0,1.21096,-2.3583999999999996,0.15679999999999997,1.21096,-2.3583999999999996,-0.15679999999999997,1.21096,-2.3583999999999996
nan,nan,nan,-0.10740023851394653,-0.005682875867933035,-0.9941996335983276,-0.05869404226541519,0.46564537286758423,-1.3076834678649902,0.07062343508005142,0.4766663908958435,-1.3060877323150635,0.22967424988746643,0.5095725655555725,-1.3125803470611572,-0.185983806848526,0.531493604183197,-1.3195629119873047,0.0029066430870443583,0.00038755236892029643,-0.0010110063012689352,0.0011626571649685502,0.0009688809514045715,-0.00040440246812067926,0.0,0.0017439856892451644,-0.0010110063012689352,0.0,-0.001937761902809143,0.0003033018729183823,0.0,0.0,0.0,0.0,0.0,0.0,0.0,0.0,0.0,0.0,0.0,0.0,0.0,1.2095799999999999,-2.3556999999999997,0.0,1.2095799999999999,-2.3556999999999997,0.15639999999999998,1.2095799999999999,-2.3556999999999997,-0.15639999999999998,1.2095799999999999,-2.3556999999999997
nan,nan,nan,-0.1073947623372078,-0.005634921602904797,-0.9942004680633545,-0.05872432142496109,0.46564537286758423,-1.3076834678649902,0.07059315592050552,0.4766361117362976,-1.3060719966888428,0.22964397072792053,0.5096028447151184,-1.3125803470611572,-0.1860140860080719,0.531493604183197,-1.3195469379425049,-0.0009688809514045715,0.00019377618446014822,-0.001314308145083487,-0.0009688809514045715,-0.0013564333785325289,0.0010110063012689352,-0.001937761902809143,0.0029066430870443583,-0.0006066037458367646,-0.0029066430870443583,-0.0027128667570650578,0.0025275154039263725,0.0,0.0,0.0,0.0,0.0,0.0,0.0,0.0,0.0,0.0,0.0,0.0,0.0,1.2082,-2.3529999999999998,0.0,1.2082,-2.3529999999999998,0.15599999999999997,1.2082,-2.3529999999999998,-0.15599999999999997,1.2082,-2.3529999999999998
nan,nan,nan,-0.10741309076547623,-0.005671876948326826,-0.9941983222961426,-0.05872432142496109,0.46564537286758423,-1.3076677322387695,0.07062343508005142,0.4766663908958435,-1.3060877323150635,0.22964397072792053,0.5096028447151184,-1.312596321105957,-0.1860140860080719,0.531493604183197,-1.3195786476135254,0.0,0.00019377618446014822,0.00040440246812067926,0.0013564333785325289,0.0007751047378405929,0.0,-0.001937761902809143,0.0029066430870443583,-0.0024264149833470583,-0.00038755236892029643,-0.001937761902809143,-0.0005055031506344676,0.0,0.0,0.0,0.0,0.0,0.0,0.0,0.0,0.0,0.0,0.0,0.0,0.0,1.20682,-2.3502999999999994,0.0,1.20682,-2.3502999999999994,0.15559999999999996,1.20682,-2.3502999999999994,-0.15559999999999996,1.20682,-2.3502999999999994
nan,nan,nan,-0.107465460896492,-0.0056404052302241325,-0.9941928386688232,-0.05872432142496109,0.46564537286758423,-1.3076834678649902,0.07059315592050552,0.4766361117362976,-1.3060877323150635,0.22967424988746643,0.5095725655555725,-1.3125803470611572,-0.1860443651676178,0.5315541625022888,-1.3195469379425049,-0.0007751047378405929,0.0,-0.0022242136765271425,0.00019377618446014822,-0.0013564333785325289,-0.00040440246812067926,0.00038755236892029643,0.00019377618446014822,-0.0010110063012689352,-0.0029066430870443583,0.003875523805618286,0.001516509335488081,0.0,0.0,0.0,0.0,0.0,0.0,0.0,0.0,0.0,0.0,0.0,0.0,0.0,1.20544,-2.3476,0.0,1.20544,-2.3476,0.15519999999999998,1.20544,-2.3476,-0.15519999999999998,1.20544,-2.3476
nan,nan,nan,-0.10749311000108719,-0.005665027070790529,-0.9941896796226501,-0.05869404226541519,0.46564537286758423,-1.3076834678649902,0.07062343508005142,0.4766361117362976,-1.3061037063598633,0.22964397072792053,0.5095725655555725,-1.3125803470611572,-0.1860140860080719,0.531493604183197,-1.3195629119873047,0.0021315379999578,0.0009688809514045715,0.0,0.001937761902809143,-0.0015502094756811857,-0.0010110063012689352,-0.0015502094756811857,0.0,-0.0005055031506344676,0.0,-0.0021315379999578,0.0006066037458367646,0.0,0.0,0.0,0.0,0.0,0.0,0.0,0.0,0.0,0.0,0.0,0.0,0.0,1.20406,-2.3448999999999995,0.0,1.20406,-2.3448999999999995,0.15479999999999997,1.20406,-2.3448999999999995,-0.15479999999999997,1.20406,-2.3448999999999995
nan,nan,nan,-0.10743707418441772,-0.0056493887677788734,-0.994195818901062,-0.05875460058450699,0.46564537286758423,-1.3076834678649902,0.07062343508005142,0.4766361117362976,-1.3061037063598633,0.22967424988746643,0.5095422863960266,-1.3125646114349365,-0.1860443651676178,0.531493604183197,-1.3195629119873047,-0.0027128667570650578,0.0,-0.0018198111793026328,0.001937761902809143,-0.001937761902809143,-0.00040440246812067926,0.00019377618446014822,-0.0021315379999578,0.0010110063012689352,-0.0027128667570650578,-0.001937761902809143,-0.0003033018729183823,0.0,0.0,0.0,0.0,0.0,0.0,0.0,0.0,0.0,0.0,0.0,0.0,0.0,1.20268,-2.3421999999999996,0.0,1.20268,-2.3421999999999996,0.15439999999999998,1.20268,-2.3421999999999996,-0.15439999999999998,1.20268,-2.3421999999999996
nan,nan,nan,-0.10742945969104767,-0.005617831833660603,-0.9941968321800232,-0.05869404226541519,0.4656756520271301,-1.3076834678649902,0.07062343508005142,0.4766361117362976,-1.3061037063598633,0.22964397072792053,0.5095725655555725,-1.3125803470611572,-0.1860443651676178,0.531493604183197,-1.3195629119873047,0.001937761902809143,0.0029066430870443583,-0.00010110061703016981,0.0029066430870443583,-0.0013564333785325289,-0.0011121068382635713,-0.0021315379999578,0.0011626571649685502,-0.0011121068382635713,-0.0031004189513623714,-0.0017439856892451644,0.0006066037458367646,0.0,0.0,0.0,0.0,0.0,0.0,0.0,0.0,0.0,0.0,0.0,0.0,0.0,1.2012999999999998,-2.3394999999999997,0.0,1.2012999999999998,-2.3394999999999997,0.15399999999999997,1.2012999999999998,-2.3394999999999997,-0.15399999999999997,1.2012999999999998,-2.3394999999999997
nan,nan,nan,-0.10744214802980423,-0.005589272826910019,-0.9941956400871277,-0.05872432142496109,0.46564537286758423,-1.307699203491211,0.07062343508005142,0.4766361117362976,-1.3060877323150635,0.22967424988746643,0.5095725655555725,-1.3125488758087158,-0.1860140860080719,0.531493604183197,-1.3195469379425049,-0.0011626571649685502,0.0015502094756811857,-0.0012132074916735291,0.001937761902809143,-0.0017439856892451644,0.00040440246812067926,0.0007751047378405929,0.0007751047378405929,0.001516509335488081,-0.0011626571649685502,-0.0015502094756811857,0.001516509335488081,0.0,0.0,0.0,0.0,0.0,0.0,0.0,0.0,0.0,0.0,0.0,0.0,0.0,1.19992,-2.3367999999999993,0.0,1.19992,-2.3367999999999993,0.15359999999999996,1.19992,-2.3367999999999993,-0.15359999999999996,1.19992,-2.3367999999999993
nan,nan,nan,-0.10748036205768585,-0.005568464752286673,-0.994191586971283,-0.05872432142496109,0.46561509370803833,-1.3076834678649902,0.07062343508005142,0.4766361117362976,-1.3061037063598633,0.22964397072792053,0.5095725655555725,-1.312596321105957,-0.1860746443271637,0.531493604183197,-1.3195469379425049,-0.0009688809514045715,0.0,-0.00010110061703016981,0.0,-0.00038755236892029643,0.0,-0.0031004189513623714,0.0015502094756811857,-0.0025275154039263725,-0.0027128667570650578,-0.0021315379999578,0.0010110063012689352,0.0,0.0,0.0,0.0,0.0,0.0,0.0,0.0,0.0,0.0,0.0,0.0,0.0,1.19854,-2.3341,0.0,1.19854,-2.3341,0.15319999999999998,1.19854,-2.3341,-0.15319999999999998,1.19854,-2.3341
nan,nan,nan,-0.10748291015625,-0.005560676101595163,-0.9941914081573486,-0.05872432142496109,0.46561509370803833,-1.3076834678649902,0.07062343508005142,0.4766361117362976,-1.3061037063598633,0.22964397072792053,0.5095725655555725,-1.3125803470611572,-0.1860140860080719,0.531493604183197,-1.3195469379425049,0.0007751047378405929,-0.0009688809514045715,0.0005055031506344676,0.0011626571649685502,-0.0015502094756811857,-0.00040440246812067926,-0.0029066430870443583,-0.0036817477084696293,-0.001314308145083487,-0.004069299902766943,-0.001937761902809143,0.0009099055896513164,0.0,0.0,0.0,0.0,0.0,0.0,0.0,0.0,0.0,0.0,0.0,0.0,0.0,1.1971599999999998,-2.3314,0.0,1.1971599999999998,-2.3314,0.15279999999999996,1.1971599999999998,-2.3314,-0.15279999999999996,1.1971599999999998,-2.3314
nan,nan,nan,-0.10742213577032089,-0.005495771300047636,-0.9941983222961426,-0.05872432142496109,0.46561509370803833,-1.3076834678649902,0.07059315592050552,0.4766361117362976,-1.3060877323150635,0.22964397072792053,0.5095725655555725,-1.3125646114349365,-0.1860140860080719,0.531493604183197,-1.3195312023162842,-0.0005813285824842751,-0.00038755236892029643,-0.0008088049362413585,-0.0025190904270857573,-0.00038755236892029643,0.001415408682078123,-0.0029066430870443583,0.0011626571649685502,0.0005055031506344676,0.00019377618446014822,-0.001937761902809143,0.0023253143299371004,0.0,0.0,0.0,0.0,0.0,0.0,0.0,0.0,0.0,0.0,0.0,0.0,0.0,1.1957799999999998,-2.3286999999999995,0.0,1.1957799999999998,-2.3286999999999995,0.15239999999999998,1.1957799999999998,-2.3286999999999995,-0.15239999999999998,1.1957799999999998,-2.3286999999999995
nan,nan,nan,-0.10750352591276169,-0.005529330112040043,-0.9941893219947815,-0.05869404226541519,0.46561509370803833,-1.3076834678649902,0.07065371423959732,0.4766663908958435,-1.3060877323150635,0.22964397072792053,0.5095422863960266,-1.3125646114349365,-0.1860443651676178,0.531493604183197,-1.3195629119873047,0.001937761902809143,-0.00019377618446014822,-0.0009099055896513164,0.0017439856892451644,0.00019377618446014822,0.001314308145083487,-0.0031004189513623714,-0.0015502094756811857,0.0,-0.0013564333785325289,-0.0011626571649685502,-0.0007077043410390615,0.0,0.0,0.0,0.0,0.0,0.0,0.0,0.0,0.0,0.0,0.0,0.0,0.0,1.1944,-2.3259999999999996,0.0,1.1944,-2.3259999999999996,0.15199999999999997,1.1944,-2.3259999999999996,-0.15199999999999997,1.1944,-2.3259999999999996
nan,nan,nan,-0.10749991238117218,-0.005535375326871872,-0.9941896796226501,-0.05869404226541519,0.46564537286758423,-1.3076677322387695,0.07062343508005142,0.4766058325767517,-1.3061037063598633,0.22970452904701233,0.5095725655555725,-1.3125646114349365,-0.1860746443271637,0.531493604183197,-1.3195469379425049,0.001937761902809143,0.0013564333785325289,0.0008088049362413585,0.0007751047378405929,-0.0031004189513623714,0.0,0.0009688809514045715,0.0023253143299371004,-0.0010110063012689352,-0.00019377618446014822,-0.0013564333785325289,0.0008088049362413585,0.0,0.0,0.0,0.0,0.0,0.0,0.0,0.0,0.0,0.0,0.0,0.0,0.0,1.19302,-2.3232999999999997,0.0,1.19302,-2.3232999999999997,0.15159999999999996,1.19302,-2.3232999999999997,-0.15159999999999996,1.19302,-2.3232999999999997
nan,nan,nan,-0.1074826568365097,-0.005518137477338314,-0.9941916465759277,-0.05872432142496109,0.46564537286758423,-1.307699203491211,0.07068399339914322,0.4766361117362976,-1.3061037063598633,0.22967424988746643,0.5095422863960266,-1.3125803470611572,-0.1860443651676178,0.531493604183197,-1.3195469379425049,0.0011626571649685502,0.001937761902809143,-0.001617609872482717,0.004456852562725544,-0.0017439856892451644,0.0007077043410390615,0.00019377618446014822,-0.0009688809514045715,-0.0011121068382635713,0.0005813285824842751,-0.0015502094756811857,0.001314308145083487,0.0,0.0,0.0,0.0,0.0,0.0,0.0,0.0,0.0,0.0,0.0,0.0,0.0,1.1916399999999998,-2.3205999999999993,0.0,1.1916399999999998,-2.3205999999999993,0.15119999999999997,1.1916399999999998,-2.3205999999999993,-0.15119999999999997,1.1916399999999998,-2.3205999999999993
nan,nan,nan,-0.10746040940284729,-0.005511159542948008,-0.9941940903663635,-0.05872432142496109,0.46564537286758423,-1.3076677322387695,0.07062343508005142,0.4766663908958435,-1.3060877323150635,0.22970452904701233,0.5095422863960266,-1.3125646114349365,-0.1860746443271637,0.531493604183197,-1.3195469379425049,-0.0007751047378405929,0.0023253143299371004,0.00020220123406033963,0.0007751047378405929,-0.00019377618446014822,0.0012132074916735291,0.0007751047378405929,0.0017439856892451644,0.00020220123406033963,-0.001937761902809143,-0.00038755236892029643,0.0005055031506344676,0.0,0.0,0.0,0.0,0.0,0.0,0.0,0.0,0.0,0.0,0.0,0.0,0.0,1.1902599999999999,-2.3178999999999994,0.0,1.1902599999999999,-2.3178999999999994,0.15079999999999996,1.1902599999999999,-2.3178999999999994,-0.15079999999999996,1.1902599999999999,-2.3178999999999994
nan,nan,nan,-0.10743899643421173,-0.0055138347670435905,-0.9941964149475098,-0.05875460058450699,0.46564537286758423,-1.3076677322387695,0.07062343508005142,0.4766058325767517,-1.3061037063598633,0.22970452904701233,0.5095725655555725,-1.3125646114349365,-0.1860746443271637,0.5314633250236511,-1.3195629119873047,-0.0021315379999578,0.0027128667570650578,0.0,-0.0007751047378405929,-0.004844404757022858,0.00010110061703016981,0.0,0.0017439856892451644,0.0,-0.001937761902809143,-0.0023253143299371004,0.0005055031506344676,0.0,0.0,0.0,0.0,0.0,0.0,0.0,0.0,0.0,0.0,0.0,0.0,0.0,1.18888,-2.3151999999999995,0.0,1.18888,-2.3151999999999995,0.15039999999999998,1.18888,-2.3151999999999995,-0.15039999999999998,1.18888,-2.3151999999999995
nan,nan,nan,-0.10748172551393509,-0.005516020115464926,-0.9941917657852173,-0.05872432142496109,0.46564537286758423,-1.3076834678649902,0.07062343508005142,0.4766361117362976,-1.3060877323150635,0.22964397072792053,0.5095725655555725,-1.312596321105957,-0.1860746443271637,0.5314633250236511,-1.3195629119873047,0.0023253143299371004,0.001937761902809143,-0.0003033018729183823,0.0005813285824842751,-0.0015502094756811857,0.001415408682078123,-0.004650628659874201,0.0025190904270857573,-0.0019209118327125907,-0.001937761902809143,-0.0025190904270857573,-0.0005055031506344676,0.0,0.0,0.0,0.0,0.0,0.0,0.0,0.0,0.0,0.0,0.0,0.0,0.0,1.1875,-2.3124999999999996,0.0,1.1875,-2.3124999999999996,0.14999999999999997,1.1875,-2.3124999999999996,-0.14999999999999997,1.1875,-2.3124999999999996
nan,nan,nan,-0.10746374726295471,-0.005563961807638407,-0.994193434715271,-0.05875460058450699,0.46564537286758423,-1.3076834678649902,0.07062343508005142,0.4766058325767517,-1.3061037063598633,0.22970452904701233,0.5095725655555725,-1.3125803470611572,-0.1861049234867096,0.531493604183197,-1.3195629119873047,-0.0005813285824842751,0.001937761902809143,-0.0010110063012689352,0.00038755236892029643,-0.0025190904270857573,-0.00020220123406033963,0.0005813285824842751,0.001937761902809143,-0.0012132074916735291,-0.0027128667570650578,-0.0005813285824842751,-0.00020220123406033963,0.0,0.0,0.0,0.0,0.0,0.0,0.0,0.0,0.0,0.0,0.0,0.0,0.0,1.1861199999999998,-2.3097999999999996,0.0,1.1861199999999998,-2.3097999999999996,0.14959999999999996,1.1861199999999998,-2.3097999999999996,-0.14959999999999996,1.1861199999999998,-2.3097999999999996
nan,nan,nan,-0.1073947548866272,-0.0055679017677903175,-0.9942008852958679,-0.05875460058450699,0.46564537286758423,-1.3076677322387695,0.07062343508005142,0.4766663908958435,-1.3061037063598633,0.22967424988746643,0.5095725655555725,-1.3125803470611572,-0.1860746443271637,0.531493604183197,-1.3195469379425049,0.0,0.0011626571649685502,0.00040440246812067926,-0.0009688809514045715,0.0,0.0,-0.001937761902809143,0.0021315379999578,-0.0007077043410390615,0.0007751047378405929,0.0,0.0009099055896513164,0.0,0.0,0.0,0.0,0.0,0.0,0.0,0.0,0.0,0.0,0.0,0.0,0.0,1.18474,-2.3070999999999997,0.0,1.18474,-2.3070999999999997,0.14919999999999997,1.18474,-2.3070999999999997,-0.14919999999999997,1.18474,-2.3070999999999997
nan,nan,nan,-0.10740610957145691,-0.0055539533495903015,-0.9941996932029724,-0.05875460058450699,0.4656756520271301,-1.3076834678649902,0.07068399339914322,0.4766361117362976,-1.3061037063598633,0.22970452904701233,0.5096028447151184,-1.3125803470611572,-0.1861049234867096,0.531493604183197,-1.3195629119873047,-0.00019377618446014822,0.0027128667570650578,-0.0010110063012689352,0.005619509611278772,-0.0015502094756811857,-0.0005055031506344676,-0.0007751047378405929,0.0050381808541715145,-0.001617609872482717,-0.0027128667570650578,-0.0007751047378405929,-0.00010110061703016981,0.0,0.0,0.0,0.0,0.0,0.0,0.0,0.0,0.0,0.0,0.0,0.0,0.0,1.18336,-2.3044,0.0,1.18336,-2.3044,0.14879999999999996,1.18336,-2.3044,-0.14879999999999996,1.18336,-2.3044
nan,nan,nan,-0.10740111768245697,-0.0055537656880915165,-0.9942002296447754,-0.05872432142496109,0.46564537286758423,-1.3076834678649902,0.07065371423959732,0.4766663908958435,-1.3061037063598633,0.22967424988746643,0.5095725655555725,-1.3125646114349365,-0.1861049234867096,0.531493604183197,-1.3195629119873047,0.001937761902809143,-0.00019377618446014822,-0.0010110063012689352,0.0023253143299371004,0.0005813285824842751,0.0010110063012689352,-0.004069299902766943,0.0,0.00020220123406033963,-0.0027128667570650578,0.0009688809514045715,-0.00020220123406033963,0.0,0.0,0.0,0.0,0.0,0.0,0.0,0.0,0.0,0.0,0.0,0.0,0.0,1.1819799999999998,-2.3016999999999994,0.0,1.1819799999999998,-2.3016999999999994,0.14839999999999995,1.1819799999999998,-2.3016999999999994,-0.14839999999999995,1.1819799999999998,-2.3016999999999994
nan,nan,nan,-0.10732044279575348,-0.005493014585226774,-0.9942092895507812,-0.05872432142496109,0.4656756520271301,-1.3076677322387695,0.07065371423959732,0.4766361117362976,-1.3061037063598633,0.22973480820655823,0.5095422863960266,-1.3125646114349365,-0.1861049234867096,0.531493604183197,-1.3195312023162842,0.0029066430870443583,0.0031004189513623714,0.00040440246812067926,0.001937761902809143,-0.0005813285824842751,-0.0005055031506344676,0.0036817477084696293,-0.0005813285824842751,0.00010110061703016981,-0.0017439856892451644,0.0009688809514045715,0.0019209118327125907,0.0,0.0,0.0,0.0,0.0,0.0,0.0,0.0,0.0,0.0,0.0,0.0,0.0,1.1805999999999999,-2.2989999999999995,0.0,1.1805999999999999,-2.2989999999999995,0.14799999999999996,1.1805999999999999,-2.2989999999999995,-0.14799999999999996,1.1805999999999999,-2.2989999999999995
nan,nan,nan,-0.1072935163974762,-0.005479938816279173,-0.99421226978302,-0.05872432142496109,0.46564537286758423,-1.3076517581939697,0.07062343508005142,0.4766361117362976,-1.3060877323150635,0.22970452904701233,0.5095725655555725,-1.3125803470611572,-0.1861049234867096,0.5314633250236511,-1.3195469379425049,0.0027128667570650578,-0.0009688809514045715,0.0019209118327125907,-0.0007751047378405929,-0.001937761902809143,0.0007077043410390615,-0.0011626571649685502,0.0025190904270857573,-0.001617609872482717,-0.0017439856892451644,-0.0015502094756811857,0.00040440246812067926,0.0,0.0,0.0,0.0,0.0,0.0,0.0,0.0,0.0,0.0,0.0,0.0,0.0,1.17922,-2.2962999999999996,0.0,1.17922,-2.2962999999999996,0.14759999999999995,1.17922,-2.2962999999999996,-0.14759999999999995,1.17922,-2.2962999999999996
nan,nan,nan,-0.10730580240488052,-0.005476885009557009,-0.994210958480835,-0.05872432142496109,0.46564537286758423,-1.3076834678649902,0.07065371423959732,0.4766361117362976,-1.3060877323150635,0.22973480820655823,0.5095725655555725,-1.3125803470611572,-0.1860746443271637,0.5314633250236511,-1.3195469379425049,0.001937761902809143,0.001937761902809143,-0.00020220123406033963,-0.0007751047378405929,-0.0009688809514045715,0.0011121068382635713,0.0013564333785325289,0.0017439856892451644,-0.001516509335488081,0.0005813285824842751,-0.0027128667570650578,0.0,0.0,0.0,0.0,0.0,0.0,0.0,0.0,0.0,0.0,0.0,0.0,0.0,0.0,1.17784,-2.2935999999999996,0.0,1.17784,-2.2935999999999996,0.14719999999999997,1.17784,-2.2935999999999996,-0.14719999999999997,1.17784,-2.2935999999999996
nan,nan,nan,-0.10731044411659241,-0.005470272619277239,-0.9942105412483215,-0.05869404226541519,0.46561509370803833,-1.307699203491211,0.07062343508005142,0.4766361117362976,-1.3061037063598633,0.22970452904701233,0.5095422863960266,-1.3125646114349365,-0.1861049234867096,0.5314633250236511,-1.3195629119873047,0.003875523805618286,-0.00038755236892029643,-0.0018198111793026328,-0.0013564333785325289,-0.001937761902809143,-0.00010110061703016981,-0.0013564333785325289,-0.0007751047378405929,-0.0007077043410390615,-0.0027128667570650578,-0.001937761902809143,-0.0003033018729183823,0.0,0.0,0.0,0.0,0.0,0.0,0.0,0.0,0.0,0.0,0.0,0.0,0.0,1.1764599999999998,-2.2908999999999997,0.0,1.1764599999999998,-2.2908999999999997,0.14679999999999996,1.1764599999999998,-2.2908999999999997,-0.14679999999999996,1.1764599999999998,-2.2908999999999997
nan,nan,nan,-0.10729610174894333,-0.005494054406881332,-0.9942119121551514,-0.05875460058450699,0.46564537286758423,-1.3076677322387695,0.07068399339914322,0.4766361117362976,-1.3060877323150635,0.22973480820655823,0.5095725655555725,-1.3125646114349365,-0.1861049234867096,0.531493604183197,-1.3195469379425049,0.0,0.0015502094756811857,0.0,0.005619509611278772,-0.001937761902809143,0.001314308145083487,0.0011626571649685502,0.0021315379999578,0.0005055031506344676,-0.0015502094756811857,0.0,0.001516509335488081,0.0,0.0,0.0,0.0,0.0,0.0,0.0,0.0,0.0,0.0,0.0,0.0,0.0,1.17508,-2.2882,0.0,1.17508,-2.2882,0.14639999999999995,1.17508,-2.2882,-0.14639999999999995,1.17508,-2.2882
nan,nan,nan,-0.10729771107435226,-0.005480088293552399,-0.9942118525505066,-0.05875460058450699,0.4656756520271301,-1.3076834678649902,0.07065371423959732,0.4766058325767517,-1.3060877323150635,0.22973480820655823,0.5095725655555725,-1.3125646114349365,-0.1860746443271637,0.5314330458641052,-1.3195629119873047,-0.0007751047378405929,0.0029066430870443583,-0.0010110063012689352,0.0017439856892451644,0.0007751047378405929,0.001617609872482717,0.0013564333785325289,0.0027128667570650578,0.0,0.0009688809514045715,-0.004650628659874201,0.0,0.0,0.0,0.0,0.0,0.0,0.0,0.0,0.0,0.0,0.0,0.0,0.0,0.0,1.1737,-2.2854999999999994,0.0,1.1737,-2.2854999999999994,0.14599999999999996,1.1737,-2.2854999999999994,-0.14599999999999996,1.1737,-2.2854999999999994
nan,nan,nan,-0.10732021927833557,-0.0054919044487178326,-0.994209349155426,-0.05872432142496109,0.46564537286758423,-1.3076677322387695,0.07065371423959732,0.4766663908958435,-1.3061037063598633,0.22970452904701233,0.5095422863960266,-1.3125803470611572,-0.1861049234867096,0.531493604183197,-1.3195629119873047,0.001937761902809143,-0.0009688809514045715,-0.001314308145083487,0.0031004189513623714,0.0009688809514045715,-0.0007077043410390615,0.00019377618446014822,-0.0007751047378405929,-0.0010110063012689352,-0.0009688809514045715,0.0009688809514045715,0.0,0.0,0.0,0.0,0.0,0.0,0.0,0.0,0.0,0.0,0.0,0.0,0.0,0.0,1.1723199999999998,-2.2827999999999995,0.0,1.1723199999999998,-2.2827999999999995,0.14559999999999995,1.1723199999999998,-2.2827999999999995,-0.14559999999999995,1.1723199999999998,-2.2827999999999995
nan,nan,nan,-0.10736147314310074,-0.005473271477967501,-0.9942049980163574,-0.05878487974405289,0.4656756520271301,-1.3076677322387695,0.07065371423959732,0.4766361117362976,-1.3061037063598633,0.22967424988746643,0.5095725655555725,-1.312596321105957,-0.1861049234867096,0.5314633250236511,-1.3195629119873047,-0.0029066430870443583,0.0025190904270857573,-0.00010110061703016981,0.003487971378490329,-0.001937761902809143,0.0,-0.003294195281341672,0.001937761902809143,-0.0024264149833470583,-0.0007751047378405929,-0.001937761902809143,0.0,0.0,0.0,0.0,0.0,0.0,0.0,0.0,0.0,0.0,0.0,0.0,0.0,0.0,1.1709399999999999,-2.2800999999999996,0.0,1.1709399999999999,-2.2800999999999996,0.14519999999999997,1.1709399999999999,-2.2800999999999996,-0.14519999999999997,1.1709399999999999,-2.2800999999999996
nan,nan,nan,-0.10735851526260376,-0.005475948099046946,-0.9942052960395813,-0.05875460058450699,0.46564537286758423,-1.3076677322387695,0.07065371423959732,0.4766058325767517,-1.3061037063598633,0.22970452904701233,0.5095422863960266,-1.3125803470611572,-0.1861049234867096,0.5314633250236511,-1.3195469379425049,0.0,-0.00019377618446014822,0.00010110061703016981,0.0021315379999578,-0.003294195281341672,-0.0005055031506344676,-0.0017439856892451644,-0.00019377618446014822,-0.001415408682078123,-0.0025190904270857573,-0.0023253143299371004,0.0010110063012689352,0.0,0.0,0.0,0.0,0.0,0.0,0.0,0.0,0.0,0.0,0.0,0.0,0.0,1.16956,-2.2773999999999996,0.0,1.16956,-2.2773999999999996,0.14479999999999996,1.16956,-2.2773999999999996,-0.14479999999999996,1.16956,-2.2773999999999996
nan,nan,nan,-0.10734805464744568,-0.00548867741599679,-0.9942063689231873,-0.05872432142496109,0.46564537286758423,-1.3076677322387695,0.07062343508005142,0.4766361117362976,-1.3060877323150635,0.22970452904701233,0.5095422863960266,-1.312596321105957,-0.1861049234867096,0.531493604183197,-1.3195469379425049,0.001937761902809143,0.0005813285824842751,0.0,-0.00038755236892029643,-0.0017439856892451644,0.0012132074916735291,-0.0007751047378405929,-0.00038755236892029643,-0.0023253143299371004,-0.001937761902809143,0.0,0.0005055031506344676,0.0,0.0,0.0,0.0,0.0,0.0,0.0,0.0,0.0,0.0,0.0,0.0,0.0,1.1681799999999998,-2.2746999999999997,0.0,1.1681799999999998,-2.2746999999999997,0.14439999999999995,1.1681799999999998,-2.2746999999999997,-0.14439999999999995,1.1681799999999998,-2.2746999999999997
nan,nan,nan,-0.1073186993598938,-0.005503685213625431,-0.9942094087600708,-0.05872432142496109,0.46564537286758423,-1.3076834678649902,0.07065371423959732,0.4766663908958435,-1.3060877323150635,0.22970452904701233,0.5095422863960266,-1.3125646114349365,-0.1861049234867096,0.531493604183197,-1.3195469379425049,0.0021315379999578,-0.00038755236892029643,-0.0011121068382635713,0.0017439856892451644,0.0007751047378405929,0.001415408682078123,-0.0021315379999578,0.00038755236892029643,0.0,-0.0007751047378405929,0.0005813285824842751,0.001415408682078123,0.0,0.0,0.0,0.0,0.0,0.0,0.0,0.0,0.0,0.0,0.0,0.0,0.0,1.1667999999999998,-2.2719999999999994,0.0,1.1667999999999998,-2.2719999999999994,0.14399999999999996,1.1667999999999998,-2.2719999999999994,-0.14399999999999996,1.1667999999999998,-2.2719999999999994
nan,nan,nan,-0.10733518749475479,-0.0054809534922242165,-0.9942077994346619,-0.05872432142496109,0.46564537286758423,-1.3076677322387695,0.07065371423959732,0.4766663908958435,-1.3061037063598633,0.22973480820655823,0.5095725655555725,-1.3125803470611572,-0.1861352026462555,0.5314633250236511,-1.3195469379425049,0.0017439856892451644,-0.0005813285824842751,0.0008088049362413585,0.0025190904270857573,0.0,-0.00010110061703016981,-0.00019377618446014822,0.0029066430870443583,-0.0006066037458367646,-0.0042630759999156,-0.0023253143299371004,0.0009099055896513164,0.0,0.0,0.0,0.0,0.0,0.0,0.0,0.0,0.0,0.0,0.0,0.0,0.0,1.16542,-2.2692999999999994,0.0,1.16542,-2.2692999999999994,0.14359999999999995,1.16542,-2.2692999999999994,-0.14359999999999995,1.16542,-2.2692999999999994
nan,nan,nan,-0.10733313858509064,-0.005500274710357189,-0.9942079186439514,-0.05872432142496109,0.46564537286758423,-1.3076834678649902,0.07059315592050552,0.4766663908958435,-1.3061037063598633,0.22970452904701233,0.5095120072364807,-1.3125646114349365,-0.1861049234867096,0.5314633250236511,-1.3195629119873047,0.00019377618446014822,-0.0017439856892451644,-0.0008088049362413585,0.001937761902809143,0.00038755236892029643,-0.00040440246812067926,-0.0011626571649685502,-0.0025190904270857573,0.0,-0.0015502094756811857,-0.001937761902809143,-0.00010110061703016981,0.0,0.0,0.0,0.0,0.0,0.0,0.0,0.0,0.0,0.0,0.0,0.0,0.0,1.16404,-2.2665999999999995,0.0,1.16404,-2.2665999999999995,0.14319999999999997,1.16404,-2.2665999999999995,-0.14319999999999997,1.16404,-2.2665999999999995
nan,nan,nan,-0.10731280595064163,-0.005479197483509779,-0.9942101836204529,-0.05869404226541519,0.46564537286758423,-1.3076517581939697,0.07065371423959732,0.4766663908958435,-1.306119441986084,0.22970452904701233,0.5095725655555725,-1.3125803470611572,-0.1860746443271637,0.5314633250236511,-1.3195312023162842,0.003487971378490329,0.0,0.001415408682078123,0.0009688809514045715,0.0015502094756811857,-0.001415408682078123,-0.0031004189513623714,0.0029066430870443583,-0.001415408682078123,-0.0009688809514045715,-0.001937761902809143,0.002628616290166974,0.0,0.0,0.0,0.0,0.0,0.0,0.0,0.0,0.0,0.0,0.0,0.0,0.0,1.1626599999999998,-2.2638999999999996,0.0,1.1626599999999998,-2.2638999999999996,0.14279999999999995,1.1626599999999998,-2.2638999999999996,-0.14279999999999995,1.1626599999999998,-2.2638999999999996
nan,nan,nan,-0.10731573402881622,-0.005475269164890051,-0.994209885597229,-0.05869404226541519,0.4656756520271301,-1.3076677322387695,0.07065371423959732,0.4766663908958435,-1.3060719966888428,0.22973480820655823,0.5095422863960266,-1.3125646114349365,-0.1861352026462555,0.5314633250236511,-1.3195629119873047,0.0021315379999578,0.0027128667570650578,0.0,0.0013564333785325289,-0.001937761902809143,0.002931918017566204,0.0005813285824842751,0.0,-0.00040440246812067926,-0.0036817477084696293,-0.0029066430870443583,-0.0007077043410390615,0.0,0.0,0.0,0.0,0.0,0.0,0.0,0.0,0.0,0.0,0.0,0.0,0.0,1.1612799999999999,-2.2611999999999997,0.0,1.1612799999999999,-2.2611999999999997,0.14239999999999994,1.1612799999999999,-2.2611999999999997,-0.14239999999999994,1.1612799999999999,-2.2611999999999997
nan,nan,nan,-0.10727948695421219,-0.005490460433065891,-0.9942137598991394,-0.05872432142496109,0.46564537286758423,-1.3076834678649902,0.07065371423959732,0.4766361117362976,-1.3061037063598633,0.22973480820655823,0.5095422863960266,-1.3125803470611572,-0.1861352026462555,0.5314633250236511,-1.3195629119873047,0.00019377618446014822,-0.00038755236892029643,-0.0007077043410390615,0.0007751047378405929,-0.0023253143299371004,0.00010110061703016981,0.0,-0.00038755236892029643,-0.0011121068382635713,-0.0029066430870443583,-0.001937761902809143,-0.00010110061703016981,0.0,0.0,0.0,0.0,0.0,0.0,0.0,0.0,0.0,0.0,0.0,0.0,0.0,1.1599,-2.2584999999999997,0.0,1.1599,-2.2584999999999997,0.14199999999999996,1.1599,-2.2584999999999997,-0.14199999999999996,1.1599,-2.2584999999999997
nan,nan,nan,-0.10726276785135269,-0.005488543771207333,-0.9942155480384827,-0.05872432142496109,0.46564537286758423,-1.3076834678649902,0.07065371423959732,0.4766361117362976,-1.3061037063598633,0.22973480820655823,0.5095725655555725,-1.312596321105957,-0.1861049234867096,0.5314633250236511,-1.3195469379425049,-0.0007751047378405929,-0.0005813285824842751,-0.0008088049362413585,0.0011626571649685502,-0.0015502094756811857,0.00020220123406033963,0.0,0.0023253143299371004,-0.002830817364156246,0.0,-0.001937761902809143,0.0012132074916735291,0.0,0.0,0.0,0.0,0.0,0.0,0.0,0.0,0.0,0.0,0.0,0.0,0.0,1.1585199999999998,-2.2557999999999994,0.0,1.1585199999999998,-2.2557999999999994,0.14159999999999995,1.1585199999999998,-2.2557999999999994,-0.14159999999999995,1.1585199999999998,-2.2557999999999994
nan,nan,nan,-0.10725747793912888,-0.005444915499538183,-0.9942163825035095,-0.05872432142496109,0.46564537286758423,-1.3076834678649902,0.07068399339914322,0.4766663908958435,-1.306119441986084,0.22973480820655823,0.5095422863960266,-1.3125646114349365,-0.1861352026462555,0.531493604183197,-1.3195629119873047,-0.0005813285824842751,0.0007751047378405929,-0.001516509335488081,0.0054257335141301155,0.0,-0.001617609872482717,0.00019377618446014822,0.0,-0.0003033018729183823,-0.0021315379999578,0.0009688809514045715,-0.0005055031506344676,0.0,0.0,0.0,0.0,0.0,0.0,0.0,0.0,0.0,0.0,0.0,0.0,0.0,1.1571399999999998,-2.2530999999999994,0.0,1.1571399999999998,-2.2530999999999994,0.14119999999999996,1.1571399999999998,-2.2530999999999994,-0.14119999999999996,1.1571399999999998,-2.2530999999999994
nan,nan,nan,-0.10727524012327194,-0.005421616602689028,-0.9942145943641663,-0.05872432142496109,0.46561509370803833,-1.3076834678649902,0.07065371423959732,0.4766361117362976,-1.3060877323150635,0.22970452904701233,0.5095422863960266,-1.3125646114349365,-0.1861352026462555,0.5314633250236511,-1.3195629119873047,0.0011626571649685502,-0.0027128667570650578,0.0,0.0029066430870443583,-0.0007751047378405929,0.0024264149833470583,-0.0029066430870443583,-0.00038755236892029643,0.0,-0.0025190904270857573,-0.0017439856892451644,-0.00020220123406033963,0.0,0.0,0.0,0.0,0.0,0.0,0.0,0.0,0.0,0.0,0.0,0.0,0.0,1.15576,-2.2503999999999995,0.0,1.15576,-2.2503999999999995,0.14079999999999995,1.15576,-2.2503999999999995,-0.14079999999999995,1.15576,-2.2503999999999995
nan,nan,nan,-0.1072269007563591,-0.005405343137681484,-0.9942198991775513,-0.05872432142496109,0.4656756520271301,-1.307699203491211,0.07068399339914322,0.4766361117362976,-1.3061037063598633,0.22973480820655823,0.5095725655555725,-1.3125646114349365,-0.1861352026462555,0.531493604183197,-1.3195469379425049,-0.0017439856892451644,0.0031004189513623714,-0.001617609872482717,0.0042630759999156,-0.00038755236892029643,0.0009099055896513164,-0.00019377618446014822,0.0031004189513623714,0.0,-0.001937761902809143,0.0,0.0018198111793026328,0.0,0.0,0.0,0.0,0.0,0.0,0.0,0.0,0.0,0.0,0.0,0.0,0.0,1.1543799999999997,-2.2476999999999996,0.0,1.1543799999999997,-2.2476999999999996,0.14039999999999994,1.1543799999999997,-2.2476999999999996,-0.14039999999999994,1.1543799999999997,-2.2476999999999996
nan,nan,nan,-0.10720939189195633,-0.005421326495707035,-0.9942216873168945,-0.05872432142496109,0.46564537286758423,-1.3076834678649902,0.07068399339914322,0.4766361117362976,-1.3060877323150635,0.22973480820655823,0.5095422863960266,-1.3125646114349365,-0.1861352026462555,0.5314633250236511,-1.3195469379425049,0.0005813285824842751,0.0017439856892451644,0.0,0.0036817477084696293,0.00019377618446014822,0.0012132074916735291,0.00019377618446014822,-0.00019377618446014822,-0.00010110061703016981,-0.0013564333785325289,-0.0015502094756811857,0.001314308145083487,0.0,0.0,0.0,0.0,0.0,0.0,0.0,0.0,0.0,0.0,0.0,0.0,0.0,1.1529999999999998,-2.2449999999999997,0.0,1.1529999999999998,-2.2449999999999997,0.13999999999999996,1.1529999999999998,-2.2449999999999997,-0.13999999999999996,1.1529999999999998,-2.2449999999999997
nan,nan,nan,-0.10550685,-0.005173755,-0.9944051,-0.056877412,0.46567565,-1.3078413,0.07092617,0.47430474,-1.3056455,0.23188451,0.5090882,-1.3123119,-0.18704352,0.53128165,-1.3196101,0.0019377619,0.00019377618,-0.00050550315,-0.00077510474,0.00077510474,0.00050550315,0.0005813286,0.0027128668,-0.0012132075,-0.0038755238,-0.002131538,-0.0011121068,nan,nan,nan,nan,nan,nan,nan,nan,nan,nan,nan,nan,nan,nan,nan,nan,nan,nan,nan,nan,nan,nan,nan,nan
nan,nan,nan,-0.10553137,-0.0051774676,-0.99440247,-0.056877412,0.46567565,-1.3078256,0.070956446,0.47427446,-1.3056455,0.23188451,0.5090882,-1.3123119,-0.18704352,0.53128165,-1.3195944,-0.00038755237,0.0,0.0,0.002906643,-0.0019377619,-0.0009099056,0.00077510474,0.0027128668,-0.0013143081,-0.0038755238,-0.0019377619,0.0,nan,nan,nan,nan,nan,nan,nan,nan,nan,nan,nan,nan,nan,nan,nan,nan,nan,nan,nan,nan,nan,nan,nan,nan
nan,nan,nan,-0.10687957,-0.013331243,-0.9941826,-0.11062,0.46697754,-1.3026125,0.0013786912,0.5218708,-1.3094683,0.29795012,0.47230095,-1.2813499,-0.12948593,0.6447012,-1.3226273,-0.22245505,0.05406356,0.011121068,-0.37282538,0.2563659,-0.0056616347,0.4330898,-0.22167996,0.18976587,0.22071107,0.49354798,-0.036194023,nan,nan,nan,nan,nan,nan,nan,nan,nan,nan,nan,nan,nan,nan,nan,nan,nan,nan,nan,nan,nan,nan,nan,nan
nan,nan,nan,-0.10385968,-0.018495925,-0.99442,-0.18976548,0.48750573,-1.3276982,-0.2530131,0.71834165,-1.3098476,0.53429645,0.34994942,-1.1568696,-0.13953808,0.85840005,-1.3421683,-0.14436325,0.018214962,-0.07946509,-0.7037951,0.59779954,-0.0014154087,0.53501606,-0.30791038,0.3401025,0.052319575,0.6384925,-0.023050943,nan,nan,nan,nan,nan,nan,nan,nan,nan,nan,nan,nan,nan,nan,nan,nan,nan,nan,nan,nan,nan,nan,nan,nan
nan,nan,nan,-0.09447948,-0.040056072,-0.99472064,-0.23575702,0.48387247,-1.3325162,-0.49641415,0.94618005,-1.3136861,0.68937796,0.26550537,-1.0366073,-0.08733957,1.1457944,-1.339704,-0.09475656,-0.043599643,0.029521381,-0.7098022,0.5979933,-0.015872797,0.37611958,-0.164516,0.341619,0.19803926,0.8351754,0.0021231133,nan,nan,nan,nan,nan,nan,nan,nan,nan,nan,nan,nan,nan,nan,nan,nan,nan,nan,nan,nan,nan,nan,nan,nan
nan,nan,nan,-0.0818396,-0.07229456,-0.99402,-0.29712957,0.46252674,-1.3306837,-0.73354775,1.2016921,-1.3257077,0.7760928,0.23447104,-0.9035969,0.03549636,1.4620736,-1.3397512,-0.21121605,-0.054257333,0.00080880494,-0.34782827,0.5282339,-0.04195676,-0.0773167,0.037592582,0.22494888,0.32205606,0.6111701,0.0046506287,nan,nan,nan,nan,nan,nan,nan,nan,nan,nan,nan,nan,nan,nan,nan,nan,nan,nan,nan,nan,nan,nan,nan,nan
nan,nan,nan,-0.06461959,-0.11174725,-0.9916334,-0.36546597,0.4453897,-1.3303204,-0.6869506,1.3585601,-1.3435426,0.76700956,0.2573002,-0.85292006,0.18216069,1.62533,-1.339309,-0.17284837,-0.04902538,0.0015165093,0.15017655,0.23408163,-0.023657545,-0.06394614,0.06026439,0.09907861,0.31120455,0.2555908,-0.008694653,nan,nan,nan,nan,nan,nan,nan,nan,nan,nan,nan,nan,nan,nan,nan,nan,nan,nan,nan,nan,nan,nan,nan,nan
nan,nan,nan,-0.04488103,-0.163203,-0.98557115,-0.435074,0.42540652,-1.3301468,-0.6705705,1.3742135,-1.3440163,0.75168914,0.272227,-0.8399193,0.2347225,1.6848857,-1.3401463,-0.16897283,-0.062202156,-0.00010110062,-0.0027128668,-0.07925446,0.009301257,-0.027322445,0.0065883906,-0.005055031,0.04185566,0.051544465,0.002426415,nan,nan,nan,nan,nan,nan,nan,nan,nan,nan,nan,nan,nan,nan,nan,nan,nan,nan,nan,nan,nan,nan,nan,nan
nan,nan,nan,-0.022150043,-0.21812516,-0.9756694,-0.49238938,0.40251678,-1.3301308,-0.6719027,1.3138099,-1.3432107,0.7597127,0.28306645,-0.8481653,0.24483518,1.6797991,-1.3395302,-0.092625014,-0.0577453,0.0,0.046700064,-0.20268989,0.0047517293,0.08254866,0.02092783,-0.033969812,0.03313573,-0.03236062,0.005055031,nan,nan,nan,nan,nan,nan,nan,nan,nan,nan,nan,nan,nan,nan,nan,nan,nan,nan,nan,nan,nan,nan,nan,nan
nan,nan,nan,-0.0058044866,-0.24740551,-0.96889466,-0.5322346,0.37372273,-1.3267345,-0.6621231,1.2230077,-1.3419311,0.77270174,0.293603,-0.8607712,0.26539364,1.6482198,-1.336118,-0.090493485,-0.08429264,0.022039935,-0.026159788,-0.2123787,0.0030330187,-0.02596601,0.032941952,-0.04266446,0.029647758,-0.10386404,0.00970566,nan,nan,nan,nan,nan,nan,nan,nan,nan,nan,nan,nan,nan,nan,nan,nan,nan,nan,nan,nan,nan,nan,nan,nan
nan,nan,nan,0.015995203,-0.2919729,-0.9562928,-0.5584247,0.34656388,-1.313781,-0.6630011,1.1596065,-1.3417573,0.77563864,0.30619842,-0.8764417,0.27356857,1.6192138,-1.334491,-0.048056494,-0.074797615,0.031543396,0.0046506287,-0.12517942,0.00060660375,0.0015502095,0.008332376,-0.024163049,0.015889648,-0.065496355,0.004044025,nan,nan,nan,nan,nan,nan,nan,nan,nan,nan,nan,nan,nan,nan,nan,nan,nan,nan,nan,nan,nan,nan,nan,nan
nan,nan,nan,0.03155032,-0.32841963,-0.94400483,-0.57880145,0.31864804,-1.3045557,-0.6599431,1.1284811,-1.3414414,0.77485144,0.31131536,-0.88543034,0.28165266,1.6005931,-1.3343015,-0.048831604,-0.0780918,0.023859747,0.002131538,-0.033329505,0.00030330187,-0.013564333,0.009301257,-0.024971854,0.027128667,-0.04514985,0.0018198112,nan,nan,nan,nan,nan,nan,nan,nan,nan,nan,nan,nan,nan,nan,nan,nan,nan,nan,nan,nan,nan,nan,nan,nan
nan,nan,nan,0.045911487,-0.36142826,-0.9312689,-0.59121525,0.28946036,-1.2896116,-0.6605789,1.1266341,-1.3412361,0.77497256,0.31273836,-0.8943713,0.29327923,1.5892997,-1.333875,-0.018990066,-0.060458172,0.04357437,0.0073634954,0.0139518855,0.0,-0.003100419,0.002906643,-0.010615566,0.032166846,-0.023059366,0.00060660375,nan,nan,nan,nan,nan,nan,nan,nan,nan,nan,nan,nan,nan,nan,nan,nan,nan,nan,nan,nan,nan,nan,nan,nan
nan,nan,nan,0.049543686,-0.39311144,-0.91815513,-0.6104415,0.2636034,-1.2743833,-0.6573998,1.1379277,-1.3411098,0.77482116,0.3125264,-0.89653563,0.29957697,1.5905108,-1.332706,-0.087586835,-0.06937187,0.03427311,-0.0038755238,0.03197307,0.00030330187,-0.012595452,-0.018408738,-0.003740723,-0.024028247,0.034298386,0.0046506287,nan,nan,nan,nan,nan,nan,nan,nan,nan,nan,nan,nan,nan,nan,nan,nan,nan,nan,nan,nan,nan,nan,nan,nan
nan,nan,nan,0.051384836,-0.4283322,-0.90215915,-0.6249747,0.23744364,-1.2556007,-0.66790605,1.1500084,-1.3411255,0.7755781,0.3096804,-0.89647245,0.29679143,1.6090405,-1.3314421,-0.0096888095,-0.06452747,0.048326097,-0.031585522,0.034685936,-0.0009099056,-0.0063946145,-0.010076362,-0.0036396224,0.011432795,0.034685936,0.00070770434,nan,nan,nan,nan,nan,nan,nan,nan,nan,nan,nan,nan,nan,nan,nan,nan,nan,nan,nan,nan,nan,nan,nan,nan
nan,nan,nan,0.06373106,-0.4614727,-0.8848623,-0.62939525,0.21664305,-1.2374027,-0.67235684,1.1659042,-1.3411572,0.775457,0.3099528,-0.89647245,0.3072069,1.6200011,-1.3319476,-0.0017439857,-0.050188035,0.037407227,0.0081386,0.033329505,0.0,-0.002906643,-0.00096888095,-0.0033363204,0.02344692,0.016664753,-0.0064704395,nan,nan,nan,nan,nan,nan,nan,nan,nan,nan,nan,nan,nan,nan,nan,nan,nan,nan,nan,nan,nan,nan,nan,nan
nan,nan,nan,0.075218596,-0.48851806,-0.8693056,-0.63626826,0.19793148,-1.2320633,-0.65579504,1.1698099,-1.3410308,0.775457,0.31198138,-0.8964882,0.3232237,1.6214848,-1.335186,-0.034104608,-0.06084572,-0.0022242137,0.05076936,-0.016470976,0.00040440247,-0.006200838,0.0025190904,-0.00010110062,0.04941293,-0.006200838,0.0010110063,nan,nan,nan,nan,nan,nan,nan,nan,nan,nan,nan,nan,nan,nan,nan,nan,nan,nan,nan,nan,nan,nan,nan,nan
nan,nan,nan,0.081845686,-0.5142594,-0.8537204,-0.6475617,0.17237724,-1.2318263,-0.6548867,1.1601211,-1.3410308,0.77512395,0.31198138,-0.89651966,0.33557695,1.6176393,-1.3336537,-0.02150916,-0.060651947,0.0031341196,-0.03914279,-0.01782741,0.0023253143,-0.0023253143,-0.008913705,-0.0026286163,0.02131538,-0.012401676,0.0019209118,nan,nan,nan,nan,nan,nan,nan,nan,nan,nan,nan,nan,nan,nan,nan,nan,nan,nan,nan,nan,nan,nan,nan,nan
nan,nan,nan,0.09179693,-0.5430085,-0.8346946,-0.65519166,0.15003242,-1.2318895,-0.6676336,1.1594248,-1.3410623,0.77527535,0.31016475,-0.8964565,0.33975524,1.6114023,-1.3335431,-0.03371706,-0.048637822,0.0,-0.0044568526,0.014533214,0.00080880494,0.00096888095,0.0019377619,-0.00060660375,0.0019377619,-0.020734053,0.0010110063,nan,nan,nan,nan,nan,nan,nan,nan,nan,nan,nan,nan,nan,nan,nan,nan,nan,nan,nan,nan,nan,nan,nan,nan
nan,nan,nan,0.094669014,-0.5711059,-0.81539917,-0.6729646,0.1250232,-1.231842,-0.664848,1.1624525,-1.3410466,0.7750634,0.31086117,-0.8964882,0.33345753,1.6117353,-1.3331008,-0.0052319574,-0.06162083,0.00050550315,-0.004263076,-0.0063946145,0.00060660375,0.0,0.0077510476,-0.00070770434,0.007169719,0.007944824,0.0009099056,nan,nan,nan,nan,nan,nan,nan,nan,nan,nan,nan,nan,nan,nan,nan,nan,nan,nan,nan,nan,nan,nan,nan,nan
nan,nan,nan,0.10257978,-0.6021608,-0.79175735,-0.67923206,0.1017095,-1.2317948,-0.67508185,1.1672969,-1.3470652,0.77548724,0.31077033,-0.89647245,0.3380597,1.6131582,-1.3328323,-0.02499713,-0.057939075,0.0012132075,-0.041080553,0.031197965,-0.036295123,-0.0017439857,-0.0048444048,0.0021231133,0.0069759428,-0.002131538,-0.00070770434,nan,nan,nan,nan,nan,nan,nan,nan,nan,nan,nan,nan,nan,nan,nan,nan,nan,nan,nan,nan,nan,nan,nan,nan
nan,nan,nan,0.11037489,-0.6253117,-0.7725301,-0.6795045,0.0783958,-1.231858,-0.6882223,1.1951523,-1.3597817,0.7755175,0.31137592,-0.89653563,0.34735492,1.6118565,-1.3329113,-0.0048444048,-0.047668945,-0.0010110063,-0.035267267,0.066465236,-0.0030330187,-0.0017439857,0.0052319574,-0.00080880494,0.038561463,-0.020540277,0.00030330187,nan,nan,nan,nan,nan,nan,nan,nan,nan,nan,nan,nan,nan,nan,nan,nan,nan,nan,nan,nan,nan,nan,nan,nan
nan,nan,nan,0.11528319,-0.6409681,-0.75886077,-0.67908067,0.060229253,-1.2318263,-0.7013627,1.2288208,-1.3585179,0.7755175,0.3114062,-0.8965671,0.36860973,1.6010473,-1.3327532,0.012983005,-0.034298386,-0.00010110062,-0.012595452,0.068209216,0.00030330187,0.00077510474,0.005038181,-0.0016176099,0.07111587,-0.034685936,0.00040440247,nan,nan,nan,nan,nan,nan,nan,nan,nan,nan,nan,nan,nan,nan,nan,nan,nan,nan,nan,nan,nan,nan,nan,nan
nan,nan,nan,0.11934796,-0.6504153,-0.75014395,-0.67602265,0.048421036,-1.231842,-0.7019683,1.2552228,-1.3585179,0.7755781,0.3115576,-0.89653563,0.39764586,1.5889666,-1.3320267,0.008719929,-0.023834473,0.00070770434,-0.00019377618,0.05503244,0.002426415,0.0,0.0005813286,0.00020220123,0.076929145,-0.029647758,0.00636934,nan,nan,nan,nan,nan,nan,nan,nan,nan,nan,nan,nan,nan,nan,nan,nan,nan,nan,nan,nan,nan,nan,nan,nan
nan,nan,nan,0.12207187,-0.6565835,-0.7443095,-0.671814,0.040003847,-1.2318263,-0.7028766,1.277719,-1.3585339,0.77548724,0.311709,-0.89653563,0.42662147,1.578763,-1.326324,0.0096888095,-0.013564333,0.0012132075,-0.0034879714,0.05328845,0.00070770434,-0.0036817477,0.0025190904,0.00040440247,0.07092209,-0.028097546,0.020523427,nan,nan,nan,nan,nan,nan,nan,nan,nan,nan,nan,nan,nan,nan,nan,nan,nan,nan,nan,nan,nan,nan,nan,nan
nan,nan,nan,0.124373175,-0.6622941,-0.738849,-0.6707846,0.03440256,-1.2318738,-0.70472354,1.3002152,-1.3585339,0.7755175,0.31192082,-0.8965514,0.45147932,1.5700128,-1.3214583,-0.0027128668,-0.012014124,-0.0010110063,-0.005038181,0.047668945,0.0,0.00077510474,0.0036817477,-0.00060660375,0.04534363,-0.014339438,0.0053583332,nan,nan,nan,nan,nan,nan,nan,nan,nan,nan,nan,nan,nan,nan,nan,nan,nan,nan,nan,nan,nan,nan,nan,nan
nan,nan,nan,0.12658806,-0.66833663,-0.73300856,-0.67205626,0.029558133,-1.231858,-0.7081752,1.3172917,-1.3585179,0.7755781,0.31234473,-0.8965514,0.4708872,1.5663795,-1.3182673,0.0025190904,-0.011045244,-0.00040440247,-0.0032941953,0.03352328,0.0010110063,-0.0019377619,0.0015502095,-0.0010110063,0.04127433,-0.006200838,0.007481446,nan,nan,nan,nan,nan,nan,nan,nan,nan,nan,nan,nan,nan,nan,nan,nan,nan,nan,nan,nan,nan,nan,nan,nan
nan,nan,nan,0.12794337,-0.67083764,-0.73048437,-0.6718746,0.02710564,-1.2318738,-0.70862937,1.3268292,-1.3585179,0.7755478,0.31506974,-0.8965514,0.48163575,1.5640483,-1.3170984,-0.00096888095,-0.0075572715,0.00020220123,-0.00038755237,0.014533214,0.0010110063,-0.002906643,0.011432795,-0.00010110062,0.015889648,-0.008332376,0.0032352197,nan,nan,nan,nan,nan,nan,nan,nan,nan,nan,nan,nan,nan,nan,nan,nan,nan,nan,nan,nan,nan,nan,nan,nan
nan,nan,nan,0.12898017,-0.67273486,-0.72855467,-0.6718443,0.02604593,-1.231842,-0.7093863,1.3306744,-1.3585179,0.7755781,0.31967193,-0.8965514,0.48284686,1.5598094,-1.3160558,0.002906643,-0.003100419,0.00050550315,0.00096888095,0.005038181,0.00040440247,-0.002131538,0.008526152,0.00050550315,-0.007944824,-0.0096888095,0.0026286163,nan,nan,nan,nan,nan,nan,nan,nan,nan,nan,nan,nan,nan,nan,nan,nan,nan,nan,nan,nan,nan,nan,nan,nan
nan,nan,nan,0.1292324,-0.6731887,-0.7280906,-0.672026,0.025985371,-1.2318738,-0.70917434,1.3308864,-1.3585179,0.7755478,0.32160968,-0.8965514,0.48084852,1.5560851,-1.3159926,-0.0032941953,0.003100419,-0.0015165093,0.00038755237,-0.00077510474,0.00080880494,-0.0005813286,0.0034879714,0.00010110062,-0.011045244,-0.01065769,0.00030330187,nan,nan,nan,nan,nan,nan,nan,nan,nan,nan,nan,nan,nan,nan,nan,nan,nan,nan,nan,nan,nan,nan,nan,nan
nan,nan,nan,0.12892553,-0.6732739,-0.72806627,-0.672571,0.026197325,-1.231858,-0.7087505,1.3278587,-1.3585021,0.7755478,0.32154912,-0.8965671,0.47558025,1.5547228,-1.3160717,0.0011626572,0.0044568526,-0.00070770434,0.0052319574,-0.017633634,0.0025275154,-0.0034879714,-0.00096888095,-0.0015165093,-0.014920766,0.00019377618,-0.00030330187,nan,nan,nan,nan,nan,nan,nan,nan,nan,nan,nan,nan,nan,nan,nan,nan,nan,nan,nan,nan,nan,nan,nan,nan
nan,nan,nan,0.12856272,-0.6711801,-0.7300609,-0.67251045,0.029103946,-1.231858,-0.70853853,1.320471,-1.3585339,0.77548724,0.32139772,-0.8965671,0.4714322,1.5554492,-1.3162613,-0.0011626572,0.009882586,-0.00080880494,-0.00077510474,-0.01375811,0.0,-0.0023253143,0.0017439857,-0.0011121068,-0.019377619,0.0019377619,-0.00050550315,nan,nan,nan,nan,nan,nan,nan,nan,nan,nan,nan,nan,nan,nan,nan,nan,nan,nan,nan,nan,nan,nan,nan,nan
nan,nan,nan,0.12824571,-0.668524,-0.7325494,-0.67299485,0.033100616,-1.2318895,-0.7076907,1.3145063,-1.3585339,0.77548724,0.3211555,-0.8965514,0.46325728,1.5565393,-1.3164823,-0.00038755237,0.012207901,-0.0021231133,0.0019377619,-0.018214962,-0.0011121068,-0.0013564334,-0.0005813286,0.00030330187,-0.024028247,0.002131538,0.00020220123,nan,nan,nan,nan,nan,nan,nan,nan,nan,nan,nan,nan,nan,nan,nan,nan,nan,nan,nan,nan,nan,nan,nan,nan
nan,nan,nan,0.1286275,-0.6654141,-0.73530877,-0.6741454,0.037490856,-1.231858,-0.7065705,1.3071792,-1.3585339,0.775457,0.3210041,-0.8965514,0.45238766,1.5563576,-1.3166246,-0.0013564334,0.012595452,0.0013143081,0.003100419,-0.019765172,-0.0012132075,-0.002906643,0.00038755237,0.00040440247,-0.03371706,-0.0040693,-0.0009099056,nan,nan,nan,nan,nan,nan,nan,nan,nan,nan,nan,nan,nan,nan,nan,nan,nan,nan,nan,nan,nan,nan,nan,nan
nan,nan,nan,0.12919244,-0.6616025,-0.7386416,-0.67575014,0.041941654,-1.231842,-0.70472354,1.2984288,-1.3585179,0.775457,0.32021695,-0.8965514,0.44009498,1.5553887,-1.3167667,-0.0036817477,0.012207901,0.00060660375,0.008719929,-0.019958947,0.00070770434,-0.0023253143,-0.007169719,0.00020220123,-0.028097546,-0.0032941953,-0.0017187105,nan,nan,nan,nan,nan,nan,nan,nan,nan,nan,nan,nan,nan,nan,nan,nan,nan,nan,nan,nan,nan,nan,nan,nan
nan,nan,nan,0.12937972,-0.6576568,-0.74212426,-0.6769915,0.04717965,-1.2318738,-0.70193803,1.2897694,-1.3585339,0.775457,0.31879383,-0.8965514,0.4281959,1.5553586,-1.3173985,-0.00077510474,0.014339438,-0.00060660375,0.009107481,-0.020734053,-0.0010110063,-0.00096888095,-0.00077510474,-0.00010110062,-0.03352328,0.00096888095,-0.0019209118,nan,nan,nan,nan,nan,nan,nan,nan,nan,nan,nan,nan,nan,nan,nan,nan,nan,nan,nan,nan,nan,nan,nan,nan
nan,nan,nan,0.12873712,-0.6539088,-0.74554014,-0.67838424,0.053144287,-1.2318895,-0.6996975,1.2782943,-1.3585179,0.77542675,0.3178553,-0.8965671,0.41387463,1.5558732,-1.3175881,0.0015502095,0.011820348,-0.0016176099,0.005038181,-0.032166846,0.0010110063,-0.0025190904,0.0,-0.0010110063,-0.031391744,0.006007062,0.00060660375,nan,nan,nan,nan,nan,nan,nan,nan,nan,nan,nan,nan,nan,nan,nan,nan,nan,nan,nan,nan,nan,nan,nan,nan
nan,nan,nan,0.12751485,-0.6494567,-0.7496306,-0.67880815,0.057685923,-1.2318738,-0.6973661,1.2692413,-1.3585339,0.77542675,0.3178553,-0.8965514,0.4042464,1.5573871,-1.3176355,0.002906643,0.015308319,-0.00080880494,0.008913705,-0.022671815,-0.00070770434,-0.0015502095,0.0038755238,0.00040440247,-0.030229086,0.0052319574,-0.0015165093,nan,nan,nan,nan,nan,nan,nan,nan,nan,nan,nan,nan,nan,nan,nan,nan,nan,nan,nan,nan,nan,nan,nan,nan
nan,nan,nan,0.12598242,-0.6456881,-0.753137,-0.6794137,0.06310566,-1.231858,-0.694187,1.2597342,-1.3585021,0.77542675,0.31782502,-0.8965671,0.39192343,1.5610204,-1.3177619,-0.0017439857,0.013564333,-0.00020220123,0.010270138,-0.02538468,0.0022242137,-0.002131538,0.00038755237,-0.0013143081,-0.025190905,0.008913705,-0.0016176099,nan,nan,nan,nan,nan,nan,nan,nan,nan,nan,nan,nan,nan,nan,nan,nan,nan,nan,nan,nan,nan,nan,nan,nan
nan,nan,nan,0.12418634,-0.641657,-0.7568712,-0.6793834,0.067556456,-1.231858,-0.6920373,1.2491372,-1.3585179,0.77542675,0.31782502,-0.8965514,0.38556513,1.5661979,-1.3196893,0.0017439857,0.012401676,0.00080880494,0.0065883906,-0.02751622,0.00050550315,0.00096888095,-0.00019377618,0.00010110062,-0.010463915,0.014920766,-0.0060660373,nan,nan,nan,nan,nan,nan,nan,nan,nan,nan,nan,nan,nan,nan,nan,nan,nan,nan,nan,nan,nan,nan,nan,nan
nan,nan,nan,0.12177293,-0.6379572,-0.7603828,-0.67962563,0.07149251,-1.231858,-0.6890095,1.2419612,-1.3585179,0.77542675,0.31761307,-0.8965671,0.382386,1.5732827,-1.3217111,-0.0027128668,0.012983005,-0.00050550315,0.0069759428,-0.014920766,0.0010110063,0.00096888095,0.00038755237,-0.0010110063,-0.019571396,0.016470976,-0.005762736,nan,nan,nan,nan,nan,nan,nan,nan,nan,nan,nan,nan,nan,nan,nan,nan,nan,nan,nan,nan,nan,nan,nan,nan
nan,nan,nan,0.120168544,-0.63503206,-0.7630818,-0.67944396,0.07533772,-1.231858,-0.687314,1.2365112,-1.3585179,0.7753359,0.31734055,-0.8965514,0.3783288,1.5784299,-1.324065,0.002906643,0.007944824,0.00050550315,0.0063946145,-0.0162772,0.00020220123,-0.0013564334,0.0005813286,0.00050550315,-0.012983005,0.0048444048,-0.0041451254,nan,nan,nan,nan,nan,nan,nan,nan,nan,nan,nan,nan,nan,nan,nan,nan,nan,nan,nan,nan,nan,nan,nan,nan
nan,nan,nan,0.11879189,-0.6324133,-0.7654684,-0.67947423,0.07833524,-1.2318738,-0.68546706,1.2312129,-1.3585179,0.7753359,0.31718916,-0.8965514,0.3729394,1.5801861,-1.3243492,0.0,0.008526152,-0.002426415,0.006007062,-0.014339438,0.00010110062,-0.0011626572,0.00019377618,-0.00010110062,-0.01375811,-0.0027128668,-0.00060660375,nan,nan,nan,nan,nan,nan,nan,nan,nan,nan,nan,nan,nan,nan,nan,nan,nan,nan,nan,nan,nan,nan,nan,nan
nan,nan,nan,0.118367925,-0.6306641,-0.76697576,-0.6795045,0.08006103,-1.231858,-0.6848312,1.2261868,-1.3585021,0.7753359,0.31721944,-0.8965514,0.36830696,1.579308,-1.3244283,0.0034879714,0.0046506287,-0.0015165093,0.00019377618,-0.011820348,0.0011121068,-0.0036817477,0.00077510474,-0.0012132075,-0.011820348,-0.0005813286,-0.00080880494,nan,nan,nan,nan,nan,nan,nan,nan,nan,nan,nan,nan,nan,nan,nan,nan,nan,nan,nan,nan,nan,nan,nan,nan
nan,nan,nan,0.11833423,-0.6297223,-0.7677544,-0.67986786,0.08115102,-1.231858,-0.68474036,1.2231286,-1.3585179,0.7753662,0.31724972,-0.8965671,0.3657939,1.5790355,-1.324444,0.0019377619,0.0032941953,0.0,0.0027128668,-0.002906643,-0.00060660375,-0.00019377618,0.0025190904,-0.0012132075,-0.0023253143,-0.0023253143,0.0023253143,nan,nan,nan,nan,nan,nan,nan,nan,nan,nan,nan,nan,nan,nan,nan,nan,nan,nan,nan,nan,nan,nan,nan,nan
nan,nan,nan,0.11848696,-0.62920445,-0.7681553,-0.6799284,0.08166577,-1.231858,-0.6846495,1.222281,-1.3585021,0.7753662,0.31718916,-0.8965671,0.36494616,1.578763,-1.3244758,0.002131538,0.00077510474,-0.00070770434,0.0015502095,0.00038755237,0.0009099056,-0.00077510474,0.0027128668,-0.0012132075,-0.00077510474,-0.003100419,0.0013143081,nan,nan,nan,nan,nan,nan,nan,nan,nan,nan,nan,nan,nan,nan,nan,nan,nan,nan,nan,nan,nan,nan,nan,nan
nan,nan,nan,0.11856232,-0.62921876,-0.768132,-0.679989,0.08160521,-1.231858,-0.6846798,1.2223415,-1.3585021,0.7753662,0.31718916,-0.8965671,0.36479476,1.5784299,-1.3244758,0.0019377619,0.0,-0.0010110063,0.00019377618,-0.0013564334,0.0030330187,-0.002131538,-0.00019377618,-0.0010110063,0.0,-0.00038755237,0.00040440247,nan,nan,nan,nan,nan,nan,nan,nan,nan,nan,nan,nan,nan,nan,nan,nan,nan,nan,nan,nan,nan,nan,nan,nan
nan,nan,nan,0.11860822,-0.6296894,-0.7677391,-0.6799284,0.081060186,-1.2318895,-0.6848312,1.2229168,-1.3585179,0.77539647,0.31721944,-0.8965671,0.36533976,1.578006,-1.3244598,0.002906643,0.00077510474,-0.0021231133,-0.0013564334,0.00019377618,0.00080880494,0.0005813286,0.0019377619,-0.00080880494,0.0027128668,-0.0023253143,0.00070770434,nan,nan,nan,nan,nan,nan,nan,nan,nan,nan,nan,nan,nan,nan,nan,nan,nan,nan,nan,nan,nan,nan,nan,nan
nan,nan,nan,0.11862128,-0.6305493,-0.76703095,-0.67974675,0.080030754,-1.231858,-0.68492204,1.2243094,-1.3585021,0.77539647,0.31721944,-0.8965671,0.3664903,1.5780363,-1.3244758,0.002906643,-0.0011626572,-0.0009099056,0.0036817477,0.003100419,0.0013143081,0.0,0.002906643,-0.0010110063,0.006007062,-0.00077510474,-0.00050550315,nan,nan,nan,nan,nan,nan,nan,nan,nan,nan,nan,nan,nan,nan,nan,nan,nan,nan,nan,nan,nan,nan,nan,nan
nan,nan,nan,0.118632585,-0.6314054,-0.7663247,-0.6795045,0.07897104,-1.231858,-0.6851037,1.2257023,-1.3585021,0.775457,0.31724972,-0.8965671,0.36764085,1.5780666,-1.324444,0.0040693,-0.0023253143,-0.00070770434,0.0,0.002131538,0.0010110063,0.0027128668,0.0034879714,-0.0010110063,0.0032941953,0.00096888095,0.002426415,nan,nan,nan,nan,nan,nan,nan,nan,nan,nan,nan,nan,nan,nan,nan,nan,nan,nan,nan,nan,nan,nan,nan,nan
nan,nan,nan,0.11872257,-0.6322019,-0.7656538,-0.67923206,0.077850774,-1.231842,-0.6852551,1.2272768,-1.3585179,0.77542675,0.31724972,-0.8965671,0.36830696,1.5781574,-1.324444,0.0019377619,-0.00096888095,0.0,0.0,0.004263076,0.0,0.0013564334,0.0,-0.0010110063,0.0046506287,-0.0019377619,0.0010110063,nan,nan,nan,nan,nan,nan,nan,nan,nan,nan,nan,nan,nan,nan,nan,nan,nan,nan,nan,nan,nan,nan,nan,nan
nan,nan,nan,0.11902102,-0.63300216,-0.7649459,-0.678899,0.076730505,-1.231858,-0.6852551,1.2303348,-1.3585179,0.77539647,0.31728,-0.8965671,0.37103194,1.5780363,-1.3244283,0.0048444048,-0.00077510474,-0.0013143081,0.0038755238,0.0075572715,-0.00060660375,-0.0023253143,0.0046506287,-0.0009099056,0.0054257335,-0.0017439857,0.0010110063,nan,nan,nan,nan,nan,nan,nan,nan,nan,nan,nan,nan,nan,nan,nan,nan,nan,nan,nan,nan,nan,nan,nan,nan
nan,nan,nan,0.11939245,-0.63369614,-0.7643132,-0.67865676,0.07579191,-1.231858,-0.68534595,1.2330899,-1.3585179,0.77539647,0.31724972,-0.8965671,0.3743322,1.5779757,-1.3243966,-0.002131538,0.00038755237,0.00080880494,-0.00038755237,0.0019377619,0.00010110062,-0.0019377619,0.0013564334,-0.0010110063,0.0056195096,-0.0019377619,0.0010110063,nan,nan,nan,nan,nan,nan,nan,nan,nan,nan,nan,nan,nan,nan,nan,nan,nan,nan,nan,nan,nan,nan,nan,nan
nan,nan,nan,0.1197147,-0.63428676,-0.76377267,-0.6782026,0.07497443,-1.231858,-0.6854065,1.2350581,-1.3585021,0.7753662,0.31724972,-0.8965671,0.3777838,1.5780969,-1.3243809,0.002131538,-0.0005813286,-0.0022242137,0.0013564334,0.0032941953,0.0014154087,-0.0048444048,-0.00096888095,-0.0010110063,0.009107481,0.002131538,0.0,nan,nan,nan,nan,nan,nan,nan,nan,nan,nan,nan,nan,nan,nan,nan,nan,nan,nan,nan,nan,nan,nan,nan,nan
nan,nan,nan,0.11989633,-0.63482326,-0.7632983,-0.6777787,0.074126676,-1.231858,-0.68546706,1.2369351,-1.3585179,0.77539647,0.31728,-0.8965671,0.3803574,1.5780969,-1.3243492,0.0015502095,0.0,-0.00080880494,0.0027128668,0.003100419,-0.00010110062,-0.0025190904,0.003100419,-0.0010110063,0.0036817477,-0.0005813286,0.00060660375,nan,nan,nan,nan,nan,nan,nan,nan,nan,nan,nan,nan,nan,nan,nan,nan,nan,nan,nan,nan,nan,nan,nan,nan
nan,nan,nan,0.12004148,-0.6355679,-0.76265556,-0.6775062,0.07327886,-1.231858,-0.68567896,1.2382069,-1.3585179,0.77539647,0.31731027,-0.8965671,0.38232544,1.5781271,-1.3243334,0.0027128668,-0.0040693,-0.0009099056,-0.002131538,0.002906643,-0.00040440247,-0.0023253143,0.0013564334,-0.0010110063,0.0025190904,0.0017439857,0.00040440247,nan,nan,nan,nan,nan,nan,nan,nan,nan,nan,nan,nan,nan,nan,nan,nan,nan,nan,nan,nan,nan,nan,nan,nan
nan,nan,nan,0.119360924,-0.63656217,-0.7619328,-0.6776273,0.07221915,-1.2318738,-0.6858001,1.2392061,-1.3585179,0.7753662,0.31721944,-0.8965671,0.38317323,1.5790355,-1.3243177,0.002906643,0.0011626572,-0.002426415,-0.00077510474,0.00019377618,-0.00070770434,-0.0023253143,0.0011626572,-0.00020220123,0.0019377619,0.002906643,0.0015165093,nan,nan,nan,nan,nan,nan,nan,nan,nan,nan,nan,nan,nan,nan,nan,nan,nan,nan,nan,nan,nan,nan,nan,nan
nan,nan,nan,0.11931786,-0.6372936,-0.76132786,-0.6773851,0.07182558,-1.231842,-0.6860726,1.2399933,-1.3585179,0.7753662,0.31749195,-0.8965671,0.38432378,1.5794897,-1.3243492,0.003100419,-0.0027128668,0.0,0.0025190904,-0.0025190904,0.00010110062,-0.0040693,0.002131538,-0.00020220123,0.0,0.00077510474,0.0015165093,nan,nan,nan,nan,nan,nan,nan,nan,nan,nan,nan,nan,nan,nan,nan,nan,nan,nan,nan,nan,nan,nan,nan,nan
nan,nan,nan,0.11946765,-0.6378884,-0.7608061,-0.67717314,0.071250275,-1.231858,-0.68640566,1.2406898,-1.3585021,0.77542675,0.3174314,-0.8965671,0.38514125,1.5792778,-1.3243651,0.0017439857,0.004263076,-0.0010110063,-0.0013564334,-0.002131538,0.0015165093,0.00038755237,0.0044568526,-0.0010110063,0.0032941953,0.0011626572,0.00030330187,nan,nan,nan,nan,nan,nan,nan,nan,nan,nan,nan,nan,nan,nan,nan,nan,nan,nan,nan,nan,nan,nan,nan,nan
nan,nan,nan,0.11981207,-0.6381511,-0.76053154,-0.67714286,0.07073559,-1.231858,-0.6864965,1.2410226,-1.3585179,0.77542675,0.31746167,-0.8965671,0.38659456,1.5789447,-1.3243492,0.00077510474,-0.0017439857,-0.0014154087,0.003100419,0.002131538,0.00010110062,-0.0013564334,-0.0005813286,-0.0010110063,0.0011626572,-0.0065883906,0.00050550315,nan,nan,nan,nan,nan,nan,nan,nan,nan,nan,nan,nan,nan,nan,nan,nan,nan,nan,nan,nan,nan,nan,nan,nan
nan,nan,nan,0.1202015,-0.63816893,-0.76045513,-0.6771126,0.070886925,-1.231842,-0.6866479,1.2418704,-1.3585339,0.77542675,0.3175525,-0.8965671,0.38707903,1.5787327,-1.3243177,0.0015502095,0.0011626572,-0.00050550315,-0.00096888095,0.0023253143,-0.0014154087,-0.00077510474,0.0052319574,-0.0010110063,-0.00096888095,-0.0019377619,0.00050550315,nan,nan,nan,nan,nan,nan,nan,nan,nan,nan,nan,nan,nan,nan,nan,nan,nan,nan,nan,nan,nan,nan,nan,nan
nan,nan,nan,0.12062656,-0.6380486,-0.7604888,-0.67714286,0.07103832,-1.231842,-0.6866176,1.242476,-1.3585021,0.77542675,0.31731027,-0.8965514,0.38704875,1.5782785,-1.324286,0.002906643,-0.0013564334,0.00050550315,0.0019377619,-0.00019377618,0.0017187105,0.0,-0.00077510474,0.00050550315,-0.002131538,-0.004263076,0.0013143081,nan,nan,nan,nan,nan,nan,nan,nan,nan,nan,nan,nan,nan,nan,nan,nan,nan,nan,nan,nan,nan,nan,nan,nan
nan,nan,nan,0.12079205,-0.6378391,-0.76063824,-0.6772337,0.071219996,-1.231842,-0.6865268,1.2421732,-1.3585179,0.77542675,0.31737083,-0.8965514,0.38692763,1.5779455,-1.324286,0.00019377618,0.0046506287,-0.0011121068,0.0025190904,-0.00096888095,0.0,0.0005813286,0.0027128668,0.00030330187,0.0011626572,-0.0023253143,-0.0011121068,nan,nan,nan,nan,nan,nan,nan,nan,nan,nan,nan,nan,nan,nan,nan,nan,nan,nan,nan,nan,nan,nan,nan,nan
nan,nan,nan,0.12062592,-0.63771844,-0.7607658,-0.6772337,0.07146223,-1.231858,-0.6865268,1.2418098,-1.3585179,0.77539647,0.31731027,-0.8965671,0.38659456,1.5781877,-1.324302,-0.0019377619,0.0013564334,0.00050550315,-0.00096888095,0.00019377618,-0.00020220123,-0.0015502095,0.00019377618,-0.0010110063,0.0027128668,0.0019377619,-0.00060660375,nan,nan,nan,nan,nan,nan,nan,nan,nan,nan,nan,nan,nan,nan,nan,nan,nan,nan,nan,nan,nan,nan,nan,nan
nan,nan,nan,0.11971727,-0.6381159,-0.76057607,-0.67729425,0.07134111,-1.2318738,-0.68640566,1.2413557,-1.3585179,0.7753662,0.31691664,-0.8965671,0.38565597,1.5792778,-1.3243177,0.0048444048,0.0056195096,-0.00040440247,-0.0027128668,-0.0023253143,-0.00050550315,-0.0027128668,0.0027128668,0.00030330187,0.0032941953,0.0027128668,0.00020220123,nan,nan,nan,nan,nan,nan,nan,nan,nan,nan,nan,nan,nan,nan,nan,nan,nan,nan,nan,nan,nan,nan,nan,nan
nan,nan,nan,0.11947924,-0.6381582,-0.7605779,-0.67708236,0.07143195,-1.231858,-0.6865268,1.2411437,-1.3585179,0.77539647,0.31724972,-0.8965671,0.38586792,1.5793989,-1.3243334,0.0048444048,-0.0027128668,-0.00010110062,-0.003100419,-0.002906643,0.00030330187,-0.00096888095,0.0044568526,-0.00070770434,-0.006007062,-0.00038755237,0.0022242137,nan,nan,nan,nan,nan,nan,nan,nan,nan,nan,nan,nan,nan,nan,nan,nan,nan,nan,nan,nan,nan,nan,nan,nan
nan,nan,nan,0.1195095,-0.638256,-0.76049113,-0.67696124,0.07112916,-1.231858,-0.6864965,1.2412648,-1.3585179,0.77539647,0.31715888,-0.8965671,0.38632208,1.5792475,-1.3243334,-0.0011626572,-0.0019377619,-0.0010110063,0.00038755237,-0.00019377618,-0.0017187105,-0.00038755237,-0.00038755237,-0.0010110063,-0.0019377619,-0.0005813286,0.00070770434,nan,nan,nan,nan,nan,nan,nan,nan,nan,nan,nan,nan,nan,nan,nan,nan,nan,nan,nan,nan,nan,nan,nan,nan
nan,nan,nan,0.11984242,-0.63846457,-0.7602636,-0.6769915,0.07094748,-1.231858,-0.68658733,1.2415373,-1.3585179,0.77542675,0.31718916,-0.8965671,0.38674596,1.5786722,-1.3243177,0.00077510474,0.0017439857,-0.0010110063,-0.0015502095,0.0013564334,0.00010110062,-0.0005813286,-0.0011626572,-0.00080880494,-0.00019377618,-0.005038181,0.00030330187,nan,nan,nan,nan,nan,nan,nan,nan,nan,nan,nan,nan,nan,nan,nan,nan,nan,nan,nan,nan,nan,nan,nan,nan
nan,nan,nan,0.120223664,-0.63841003,-0.76024926,-0.67693096,0.07109888,-1.231858,-0.6866176,1.2419915,-1.3585021,0.77542675,0.31721944,-0.8965514,0.3869882,1.5783088,-1.324286,0.002906643,0.0036817477,-0.0010110063,0.0015502095,0.0005813286,0.0015165093,-0.00077510474,0.0036817477,0.00070770434,-0.0011626572,0.00019377618,0.00060660375,nan,nan,nan,nan,nan,nan,nan,nan,nan,nan,nan,nan,nan,nan,nan,nan,nan,nan,nan,nan,nan,nan,nan,nan
nan,nan,nan,0.12061357,-0.63834876,-0.76023895,-0.6770218,0.07115944,-1.231858,-0.68658733,1.2421732,-1.3585179,0.77542675,0.31715888,-0.8965671,0.3869579,1.5780666,-1.3242702,0.0,0.0019377619,0.00050550315,0.0015502095,-0.002131538,0.00010110062,0.00077510474,0.0015502095,-0.00070770434,-0.00077510474,0.0036817477,0.00060660375,nan,nan,nan,nan,nan,nan,nan,nan,nan,nan,nan,nan,nan,nan,nan,nan,nan,nan,nan,nan,nan,nan,nan,nan
nan,nan,nan,0.12058821,-0.63823086,-0.76034194,-0.6770521,0.07131083,-1.231858,-0.68655705,1.2419007,-1.3585021,0.77542675,0.31718916,-0.8965671,0.38686708,1.5779152,-1.324302,-0.0023253143,0.003100419,-0.00060660375,-0.00077510474,-0.0023253143,0.0015165093,-0.00019377618,0.0019377619,-0.00060660375,0.00019377618,-0.0019377619,-0.0011121068,nan,nan,nan,nan,nan,nan,nan,nan,nan,nan,nan,nan,nan,nan,nan,nan,nan,nan,nan,nan,nan,nan,nan,nan
nan,nan,nan,0.11948841,-0.6387179,-0.76010656,-0.6779301,0.07134111,-1.2318106,-0.68643594,1.2415979,-1.3585021,0.775457,0.31688637,-0.8965671,0.38571653,1.5787933,-1.324286,-0.0044568526,0.0005813286,0.00040440247,0.002906643,-0.0044568526,0.0010110063,0.0023253143,-0.0013564334,-0.00020220123,-0.004263076,0.0073634954,0.00050550315,nan,nan,nan,nan,nan,nan,nan,nan,nan,nan,nan,nan,nan,nan,nan,nan,nan,nan,nan,nan,nan,nan,nan,nan
nan,nan,nan,0.11893626,-0.6388169,-0.76010996,-0.67759705,0.071613625,-1.231858,-0.6864965,1.2411437,-1.3585179,0.7753662,0.31718916,-0.8965514,0.38556513,1.5809734,-1.3243651,0.002131538,0.00019377618,-0.00070770434,-0.0019377619,-0.00077510474,0.0,-0.0019377619,-0.0027128668,-0.00050550315,-0.0011626572,0.0027128668,0.0010110063,nan,nan,nan,nan,nan,nan,nan,nan,nan,nan,nan,nan,nan,nan,nan,nan,nan,nan,nan,nan,nan,nan,nan,nan
nan,nan,nan,0.11877832,-0.6386924,-0.7602393,-0.67575014,0.07539828,-1.2320158,-0.6848615,1.2427182,-1.357965,0.7717026,0.31718916,-0.8961723,0.3871093,1.5881793,-1.3233383,0.0036817477,0.010463915,0.00050550315,0.007944824,0.002906643,0.002931918,-0.0077510476,0.002131538,0.0,0.01065769,0.02538468,0.0016176099,nan,nan,nan,nan,nan,nan,nan,nan,nan,nan,nan,nan,nan,nan,nan,nan,nan,nan,nan,nan,nan,nan,nan,nan
nan,nan,nan,0.11736753,-0.63802826,-0.76101565,-0.67526567,0.078183845,-1.2321107,-0.6831357,1.244535,-1.3573017,0.767494,0.31715888,-0.89606166,0.39277118,1.5992913,-1.3231487,0.0015502095,0.011432795,-0.00070770434,0.0065883906,0.0023253143,0.0028308174,-0.012401676,-0.0005813286,0.00050550315,0.010851467,0.024222024,0.0018198112,nan,nan,nan,nan,nan,nan,nan,nan,nan,nan,nan,nan,nan,nan,nan,nan,nan,nan,nan,nan,nan,nan,nan,nan
nan,nan,nan,0.115549594,-0.6363624,-0.76268685,-0.67478126,0.081453815,-1.2321739,-0.6811979,1.2464726,-1.3566539,0.7620138,0.31691664,-0.8960459,0.39785782,1.6099489,-1.3232434,0.0056195096,0.011045244,-0.0013143081,0.0073634954,0.007944824,0.0021231133,-0.022671815,0.0019377619,-0.0023253143,0.014339438,0.02150916,-0.00030330187,nan,nan,nan,nan,nan,nan,nan,nan,nan,nan,nan,nan,nan,nan,nan,nan,nan,nan,nan,nan,nan,nan,nan,nan
nan,nan,nan,0.11480282,-0.63421994,-0.7645818,-0.6745996,0.084390715,-1.2321739,-0.6790179,1.2474415,-1.3559272,0.755383,0.31691664,-0.8960142,0.40221778,1.6190321,-1.3232276,0.0034879714,0.0065883906,-0.00040440247,0.007169719,0.0005813286,0.003740723,-0.017052304,0.002906643,0.0,0.010851467,0.022671815,0.0010110063,nan,nan,nan,nan,nan,nan,nan,nan,nan,nan,nan,nan,nan,nan,nan,nan,nan,nan,nan,nan,nan,nan,nan,nan
nan,nan,nan,0.11430646,-0.63212675,-0.7663875,-0.6745996,0.08702488,-1.2321897,-0.6768379,1.2475324,-1.3553269,0.74978167,0.31679553,-0.8960142,0.40697137,1.6276612,-1.3232594,0.0019377619,0.008913705,-0.0010110063,0.0052319574,-0.0027128668,0.002426415,-0.017633634,-0.0013564334,-0.00040440247,0.010076362,0.019377619,-0.0014154087,nan,nan,nan,nan,nan,nan,nan,nan,nan,nan,nan,nan,nan,nan,nan,nan,nan,nan,nan,nan,nan,nan,nan,nan
nan,nan,nan,0.112851076,-0.62964076,-0.7686463,-0.674539,0.090234295,-1.2321897,-0.6742038,1.247381,-1.354774,0.7446042,0.31652302,-0.8960142,0.40936327,1.6354425,-1.3232276,0.0046506287,0.01065769,-0.0009099056,0.010270138,0.00096888095,0.00070770434,-0.019183842,0.0013564334,-0.00070770434,0.0017439857,0.018796291,0.0011121068,nan,nan,nan,nan,nan,nan,nan,nan,nan,nan,nan,nan,nan,nan,nan,nan,nan,nan,nan,nan,nan,nan,nan,nan
nan,nan,nan,0.11116645,-0.6274229,-0.7707026,-0.6744482,0.09338315,-1.2321897,-0.6719633,1.2466543,-1.3541896,0.73767066,0.3159781,-0.8959985,0.4112102,1.6433451,-1.3232276,0.0019377619,0.0075572715,0.00070770434,0.002906643,-0.0034879714,0.0022242137,-0.01724608,-0.002131538,0.0,0.0073634954,0.01782741,0.0013143081,nan,nan,nan,nan,nan,nan,nan,nan,nan,nan,nan,nan,nan,nan,nan,nan,nan,nan,nan,nan,nan,nan,nan,nan
nan,nan,nan,0.1095205,-0.625425,-0.77255994,-0.6744179,0.09625955,-1.2322054,-0.6695108,1.2460184,-1.3536367,0.7305857,0.31519085,-0.8959985,0.41411686,1.6526403,-1.3234646,0.0015502095,0.0065883906,-0.0014154087,0.010076362,0.0,0.0018198112,-0.01685853,-0.0017439857,0.0,0.006007062,0.02131538,0.0012132075,nan,nan,nan,nan,nan,nan,nan,nan,nan,nan,nan,nan,nan,nan,nan,nan,nan,nan,nan,nan,nan,nan,nan,nan
nan,nan,nan,0.10683714,-0.62211204,-0.7756046,-0.6742665,0.10022588,-1.2322054,-0.66572607,1.2447469,-1.352531,0.719928,0.31410092,-0.8959985,0.41871902,1.6646605,-1.3236542,0.0,0.0044568526,0.00050550315,0.0054257335,-0.0025190904,0.0018198112,-0.018021185,-0.0036817477,0.0,0.0065883906,0.019183842,0.00050550315,nan,nan,nan,nan,nan,nan,nan,nan,nan,nan,nan,nan,nan,nan,nan,nan,nan,nan,nan,nan,nan,nan,nan,nan
nan,nan,nan,0.106389925,-0.6214364,-0.77620745,-0.67423624,0.10122503,-1.2322214,-0.66493887,1.2444441,-1.352294,0.7172333,0.31388897,-0.8959985,0.41962737,1.6676881,-1.3236699,0.0005813286,0.0073634954,-0.0010110063,0.0067821667,-0.006007062,0.0016176099,-0.024028247,0.00019377618,-0.00010110062,0.006007062,0.016664753,0.00010110062,nan,nan,nan,nan,nan,nan,nan,nan,nan,nan,nan,nan,nan,nan,nan,nan,nan,nan,nan,nan,nan,nan,nan,nan
nan,nan,nan,0.1055988,-0.62007475,-0.7774035,-0.67423624,0.10325362,-1.2322214,-0.6627286,1.2440202,-1.351583,0.70924,0.31343478,-0.89598274,0.4222918,1.6758933,-1.3237174,0.0015502095,0.0054257335,-0.00080880494,0.0077510476,-0.0013564334,0.003740723,-0.02499713,-0.00096888095,0.0011121068,0.0075572715,0.022284262,-0.00070770434,nan,nan,nan,nan,nan,nan,nan,nan,nan,nan,nan,nan,nan,nan,nan,nan,nan,nan,nan,nan,nan,nan,nan,nan
nan,nan,nan,0.10467223,-0.61909413,-0.7783098,-0.6742968,0.10507031,-1.2322214,-0.66115415,1.2436872,-1.3509986,0.701489,0.31273836,-0.8959985,0.42459288,1.6843104,-1.3237016,-0.00019377618,0.008913705,-0.0012132075,0.0054257335,-0.002906643,0.0012132075,-0.019958947,-0.00096888095,-0.0015165093,0.006200838,0.016664753,0.0010110063,nan,nan,nan,nan,nan,nan,nan,nan,nan,nan,nan,nan,nan,nan,nan,nan,nan,nan,nan,nan,nan,nan,nan,nan
nan,nan,nan,0.10354577,-0.61808395,-0.7792628,-0.6743271,0.10682638,-1.2322214,-0.6595495,1.2433844,-1.350414,0.6955546,0.3114062,-0.8959985,0.4259251,1.6903963,-1.3237016,0.00038755237,0.0065883906,-0.00080880494,0.0056195096,-0.0032941953,0.00030330187,-0.014533214,-0.004263076,-0.0014154087,0.0013564334,0.016083423,0.00080880494,nan,nan,nan,nan,nan,nan,nan,nan,nan,nan,nan,nan,nan,nan,nan,nan,nan,nan,nan,nan,nan,nan,nan,nan
nan,nan,nan,0.10238785,-0.617014,-0.78026307,-0.67438763,0.10891552,-1.2322054,-0.65788424,1.2429907,-1.3498297,0.6896202,0.30977112,-0.8959985,0.42698482,1.6972692,-1.3237016,-0.00019377618,0.006200838,0.00030330187,0.0048444048,0.0,0.0013143081,-0.012401676,-0.0005813286,-0.0014154087,0.0034879714,0.014145662,0.00030330187,nan,nan,nan,nan,nan,nan,nan,nan,nan,nan,nan,nan,nan,nan,nan,nan,nan,nan,nan,nan,nan,nan,nan,nan
nan,nan,nan,0.101653665,-0.61622834,-0.78097963,-0.6744785,0.110247746,-1.2322054,-0.65667313,1.242688,-1.3493714,0.68459415,0.30931705,-0.89598274,0.42843813,1.7031128,-1.3237016,0.00077510474,0.0036817477,0.0009099056,0.008526152,-0.0025190904,0.0016176099,-0.012789229,-0.0011626572,0.00030330187,0.0044568526,0.020734053,0.0010110063,nan,nan,nan,nan,nan,nan,nan,nan,nan,nan,nan,nan,nan,nan,nan,nan,nan,nan,nan,nan,nan,nan,nan,nan
nan,nan,nan,0.10067196,-0.6153287,-0.78181565,-0.6745996,0.112094656,-1.2322054,-0.65540147,1.242264,-1.3487239,0.67799366,0.30901426,-0.89598274,0.43079978,1.7121053,-1.3237016,-0.0023253143,0.005813286,0.00030330187,0.002131538,-0.002906643,0.0019209118,-0.019183842,0.00019377618,-0.00020220123,0.0034879714,0.019571396,0.0013143081,nan,nan,nan,nan,nan,nan,nan,nan,nan,nan,nan,nan,nan,nan,nan,nan,nan,nan,nan,nan,nan,nan,nan,nan
nan,nan,nan,0.099574365,-0.6143035,-0.7827619,-0.6747207,0.113578275,-1.2322214,-0.65422064,1.2418704,-1.3482184,0.67142344,0.3085298,-0.8959985,0.43294948,1.7185848,-1.3237016,-0.0017439857,0.008719929,-0.0014154087,0.0023253143,0.00096888095,0.0009099056,-0.019571396,0.00077510474,-0.0014154087,0.0034879714,0.015114543,0.0016176099,nan,nan,nan,nan,nan,nan,nan,nan,nan,nan,nan,nan,nan,nan,nan,nan,nan,nan,nan,nan,nan,nan,nan,nan
nan,nan,nan,0.09884253,-0.6135149,-0.7834728,-0.6747207,0.11509211,-1.2322054,-0.6532215,1.2414465,-1.3477287,0.6651862,0.3079242,-0.8959985,0.43485695,1.7256696,-1.3237174,0.0032941953,0.0036817477,0.00050550315,0.0025190904,-0.0011626572,0.0011121068,-0.018602515,-0.002131538,-0.0015165093,0.0034879714,0.017633634,-0.00040440247,nan,nan,nan,nan,nan,nan,nan,nan,nan,nan,nan,nan,nan,nan,nan,nan,nan,nan,nan,nan,nan,nan,nan,nan
nan,nan,nan,0.09791366,-0.6126953,-0.7842305,-0.6748418,0.11636384,-1.2322054,-0.65204066,1.2411134,-1.347223,0.65897936,0.30768198,-0.89598274,0.43703696,1.7328453,-1.3237016,-0.0017439857,0.0038755238,-0.00010110062,0.0063946145,-0.0038755238,0.00020220123,-0.018021185,0.002131538,-0.0011121068,0.003100419,0.022671815,0.00020220123,nan,nan,nan,nan,nan,nan,nan,nan,nan,nan,nan,nan,nan,nan,nan,nan,nan,nan,nan,nan,nan,nan,nan,nan
nan,nan,nan,0.09670763,-0.6118491,-0.78504026,-0.6749023,0.11805935,-1.2322214,-0.65070844,1.2407806,-1.3466544,0.6519852,0.30747014,-0.8959985,0.43924722,1.7407782,-1.3237174,0.0013564334,0.002131538,-0.0015165093,0.0032941953,-0.0019377619,0.002931918,-0.018796291,-0.0017439857,-0.0010110063,0.006200838,0.014920766,0.00080880494,nan,nan,nan,nan,nan,nan,nan,nan,nan,nan,nan,nan,nan,nan,nan,nan,nan,nan,nan,nan,nan,nan,nan,nan
nan,nan,nan,0.09545244,-0.61065525,-0.78612274,-0.6749629,0.11996682,-1.2322214,-0.6490129,1.2404475,-1.34607,0.6443553,0.3071068,-0.8959985,0.4410033,1.7469547,-1.3237331,0.0015502095,0.0075572715,-0.0011121068,0.0073634954,-0.002906643,0.0012132075,-0.014145662,-0.00038755237,-0.0016176099,0.0032941953,0.010463915,-0.00080880494,nan,nan,nan,nan,nan,nan,nan,nan,nan,nan,nan,nan,nan,nan,nan,nan,nan,nan,nan,nan,nan,nan,nan,nan
nan,nan,nan,0.0947622,-0.60968626,-0.7869579,-0.6750537,0.12142016,-1.2322054,-0.64719623,1.2402356,-1.3456118,0.63811815,0.3069554,-0.89598274,0.44239607,1.7525561,-1.3237174,0.0011626572,0.0038755238,0.00010110062,0.008913705,-0.00019377618,0.002426415,-0.011239019,0.0011626572,-0.0010110063,0.004263076,0.017052304,0.00070770434,nan,nan,nan,nan,nan,nan,nan,nan,nan,nan,nan,nan,nan,nan,nan,nan,nan,nan,nan,nan,nan,nan,nan,nan
nan,nan,nan,0.09392397,-0.60860443,-0.78789526,-0.67514455,0.123055175,-1.2322054,-0.6457429,1.2400236,-1.3451695,0.6331829,0.30701596,-0.89598274,0.44366774,1.7597318,-1.3237174,-0.0036817477,0.0067821667,0.0,0.0065883906,-0.0027128668,0.0027297167,-0.014339438,0.0046506287,-0.00080880494,0.0034879714,0.021121604,0.0,nan,nan,nan,nan,nan,nan,nan,nan,nan,nan,nan,nan,nan,nan,nan,nan,nan,nan,nan,nan,nan,nan,nan,nan
nan,nan,nan,0.09284612,-0.60764784,-0.78876084,-0.67517483,0.12465985,-1.2322214,-0.6439868,1.2398722,-1.3446484,0.6262796,0.30692512,-0.89596677,0.44515133,1.7681792,-1.3237174,0.00038755237,0.0036817477,-0.0012132075,0.0056195096,-0.0019377619,0.0025275154,-0.021121604,-0.00077510474,-0.00020220123,0.0027128668,0.017439857,-0.00080880494,nan,nan,nan,nan,nan,nan,nan,nan,nan,nan,nan,nan,nan,nan,nan,nan,nan,nan,nan,nan,nan,nan,nan,nan
nan,nan,nan,0.0915341,-0.606526,-0.789777,-0.6752051,0.12650676,-1.2321897,-0.64195824,1.2396603,-1.3441744,0.61771107,0.306804,-0.89598274,0.44554493,1.775567,-1.3237174,0.0013564334,0.0052319574,0.0014154087,0.0048444048,-0.0015502095,0.0018198112,-0.02150916,0.0032941953,-0.0013143081,-0.0011626572,0.01782741,0.00050550315,nan,nan,nan,nan,nan,nan,nan,nan,nan,nan,nan,nan,nan,nan,nan,nan,nan,nan,nan,nan,nan,nan,nan,nan
nan,nan,nan,0.09055079,-0.6056119,-0.79059136,-0.67526567,0.12799038,-1.2322214,-0.6402324,1.2394483,-1.3437793,0.61041415,0.30668288,-0.89596677,0.44566604,1.7825308,-1.3236859,0.0011626572,0.0011626572,-0.0014154087,0.0048444048,-0.00077510474,-0.00020220123,-0.022478038,-0.0005813286,0.00050550315,-0.00038755237,0.019571396,0.0025275154,nan,nan,nan,nan,nan,nan,nan,nan,nan,nan,nan,nan,nan,nan,nan,nan,nan,nan,nan,nan,nan,nan,nan,nan
nan,nan,nan,0.08929705,-0.6045696,-0.7915312,-0.67541707,0.12983729,-1.2322054,-0.6383552,1.2392061,-1.3433213,0.6030567,0.30671316,-0.89596677,0.44593853,1.7914021,-1.3237016,-0.0017439857,0.0075572715,-0.00020220123,0.005038181,-0.0015502095,0.0036396224,-0.018990066,0.0,-0.00030330187,0.0005813286,0.020152723,0.0011121068,nan,nan,nan,nan,nan,nan,nan,nan,nan,nan,nan,nan,nan,nan,nan,nan,nan,nan,nan,nan,nan,nan,nan,nan
nan,nan,nan,0.087961346,-0.6033928,-0.79257804,-0.6754776,0.13168426,-1.2322214,-0.6366597,1.2389336,-1.3427842,0.595881,0.30668288,-0.89598274,0.44590825,1.798245,-1.3237331,0.0,0.008719929,-0.0011121068,0.0052319574,0.002131538,0.0010110063,-0.023640696,0.0005813286,-0.0013143081,-0.0025190904,0.017052304,-0.00050550315,nan,nan,nan,nan,nan,nan,nan,nan,nan,nan,nan,nan,nan,nan,nan,nan,nan,nan,nan,nan,nan,nan,nan,nan
nan,nan,nan,0.086818434,-0.6020549,-0.79372066,-0.6755079,0.13353117,-1.2322371,-0.63478243,1.2385399,-1.3422313,0.58873546,0.30662233,-0.89596677,0.445878,1.8046031,-1.3237174,0.0032941953,0.008332376,-0.0027297167,0.0077510476,0.0005813286,0.002426415,-0.01724608,0.0025190904,0.0,-0.0005813286,0.014533214,0.00010110062,nan,nan,nan,nan,nan,nan,nan,nan,nan,nan,nan,nan,nan,nan,nan,nan,nan,nan,nan,nan,nan,nan,nan,nan
nan,nan,nan,0.08576461,-0.6006129,-0.79492676,-0.675629,0.13555975,-1.2322371,-0.63302636,1.2380252,-1.3417101,0.58213496,0.3066526,-0.89596677,0.44590825,1.8129597,-1.3237174,0.0025190904,0.0048444048,-0.0022242137,0.009495033,-0.0015502095,0.0009099056,-0.018214962,0.005813286,-0.0013143081,-0.0017439857,0.020346502,-0.00020220123,nan,nan,nan,nan,nan,nan,nan,nan,nan,nan,nan,nan,nan,nan,nan,nan,nan,nan,nan,nan,nan,nan,nan,nan
nan,nan,nan,0.08440086,-0.59927136,-0.7960844,-0.6758107,0.13773973,-1.2322054,-0.6310886,1.2374499,-1.3411255,0.57538307,0.3066526,-0.89598274,0.44590825,1.8219824,-1.3237174,0.00038755237,0.007169719,0.00050550315,0.0023253143,-0.00077510474,0.0025275154,-0.02150916,0.005038181,-0.0016176099,-0.0005813286,0.021121604,0.00020220123,nan,nan,nan,nan,nan,nan,nan,nan,nan,nan,nan,nan,nan,nan,nan,nan,nan,nan,nan,nan,nan,nan,nan,nan
nan,nan,nan,0.08294404,-0.59775025,-0.79738003,-0.6759318,0.13988943,-1.2322371,-0.6291206,1.2367232,-1.3405252,0.56723845,0.3065315,-0.89598274,0.44563577,1.829128,-1.3237016,0.0005813286,0.0054257335,-0.0020220126,0.0034879714,-0.0038755238,0.0026286163,-0.02286559,0.002131538,-0.0022242137,-0.002906643,0.015308319,0.00050550315,nan,nan,nan,nan,nan,nan,nan,nan,nan,nan,nan,nan,nan,nan,nan,nan,nan,nan,nan,nan,nan,nan,nan,nan
nan,nan,nan,0.081475444,-0.5959437,-0.79888225,-0.6759621,0.1420997,-1.2322054,-0.6269708,1.2361481,-1.3399882,0.55912405,0.3063801,-0.89595103,0.44554493,1.8363945,-1.3237174,0.0019377619,0.0065883906,-0.00020220123,0.008913705,-0.0011626572,0.002426415,-0.01782741,0.00019377618,0.0,-0.002906643,0.018602515,-0.00050550315,nan,nan,nan,nan,nan,nan,nan,nan,nan,nan,nan,nan,nan,nan,nan,nan,nan,nan,nan,nan,nan,nan,nan,nan
nan,nan,nan,0.08005345,-0.59436107,-0.800204,-0.67599237,0.14421912,-1.2322054,-0.62476057,1.2355728,-1.3394825,0.55270517,0.3063801,-0.89595103,0.4456055,1.8458714,-1.3237016,0.0027128668,0.0052319574,-0.00010110062,0.010076362,-0.0038755238,0.0018198112,-0.014726991,0.0,0.00020220123,0.0,0.022090487,0.00060660375,nan,nan,nan,nan,nan,nan,nan,nan,nan,nan,nan,nan,nan,nan,nan,nan,nan,nan,nan,nan,nan,nan,nan,nan
nan,nan,nan,0.07852485,-0.5926102,-0.8016527,-0.67602265,0.14679272,-1.2322214,-0.62252,1.2349672,-1.3390088,0.546468,0.30641037,-0.89595103,0.44554493,1.854228,-1.3237174,-0.00038755237,0.007169719,-0.0009099056,0.0077510476,-0.0017439857,0.0,-0.019377619,0.0044568526,-0.00010110062,-0.0013564334,0.015114543,-0.00020220123,nan,nan,nan,nan,nan,nan,nan,nan,nan,nan,nan,nan,nan,nan,nan,nan,nan,nan,nan,nan,nan,nan,nan,nan
nan,nan,nan,0.077028565,-0.59080994,-0.8031253,-0.67602265,0.14942689,-1.2322054,-0.619462,1.23418,-1.3384085,0.5382023,0.3063801,-0.89596677,0.4454238,1.8632507,-1.3236859,0.0019377619,0.007944824,0.00030330187,0.008719929,-0.00038755237,0.0025275154,-0.017633634,0.004263076,-0.0013143081,0.0,0.019958947,0.00080880494,nan,nan,nan,nan,nan,nan,nan,nan,nan,nan,nan,nan,nan,nan,nan,nan,nan,nan,nan,nan,nan,nan,nan,nan
nan,nan,nan,0.07558392,-0.5891745,-0.80446285,-0.6760529,0.15151604,-1.2321897,-0.61694896,1.2334836,-1.3380294,0.53166234,0.30631953,-0.89595103,0.4454238,1.8722129,-1.3236859,0.00019377618,0.0069759428,0.0014154087,0.0063946145,-0.0019377619,0.0015165093,-0.018796291,-0.00096888095,0.0,-0.00038755237,0.026159788,0.0016176099,nan,nan,nan,nan,nan,nan,nan,nan,nan,nan,nan,nan,nan,nan,nan,nan,nan,nan,nan,nan,nan,nan,nan,nan
nan,nan,nan,0.073957935,-0.5875052,-0.80583364,-0.6760529,0.1537263,-1.2321897,-0.6141029,1.2327266,-1.3376186,0.5249407,0.30631953,-0.89595103,0.44533297,1.8804181,-1.3237174,0.0027128668,0.0054257335,0.0017187105,0.010270138,-0.004263076,0.0010110063,-0.020734053,0.0,0.0,-0.0025190904,0.021896709,0.00030330187,nan,nan,nan,nan,nan,nan,nan,nan,nan,nan,nan,nan,nan,nan,nan,nan,nan,nan,nan,nan,nan,nan,nan,nan
nan,nan,nan,0.07224572,-0.5856866,-0.8073114,-0.6760832,0.15620907,-1.2322054,-0.6114688,1.2319999,-1.337192,0.5164933,0.3063498,-0.89596677,0.44521186,1.8878362,-1.3237174,0.0023253143,0.009882586,0.0,0.0096888095,0.0005813286,0.0028308174,-0.020152723,0.0019377619,-0.0015165093,-0.0034879714,0.02286559,-0.0010110063,nan,nan,nan,nan,nan,nan,nan,nan,nan,nan,nan,nan,nan,nan,nan,nan,nan,nan,nan,nan,nan,nan,nan,nan
nan,nan,nan,0.070765145,-0.58373123,-0.8088573,-0.6760832,0.15887345,-1.2322371,-0.60835016,1.2309403,-1.3366077,0.5071678,0.30625898,-0.89595103,0.4450302,1.8978276,-1.3237174,-0.00038755237,0.008719929,-0.0023253143,0.009495033,-0.0054257335,0.003437421,-0.02344692,-0.00019377618,-0.00060660375,-0.002906643,0.023834473,-0.00080880494,nan,nan,nan,nan,nan,nan,nan,nan,nan,nan,nan,nan,nan,nan,nan,nan,nan,nan,nan,nan,nan,nan,nan,nan
nan,nan,nan,0.06892608,-0.58166903,-0.8105,-0.6760832,0.16153784,-1.2322054,-0.60559493,1.2297897,-1.3361495,0.4997498,0.3062287,-0.89595103,0.44493937,1.9075468,-1.3236859,-0.00096888095,0.0069759428,0.00020220123,0.010076362,-0.003100419,0.002426415,-0.017052304,-0.00077510474,-0.0012132075,-0.0017439857,0.020540277,0.0016176099,nan,nan,nan,nan,nan,nan,nan,nan,nan,nan,nan,nan,nan,nan,nan,nan,nan,nan,nan,nan,nan,nan,nan,nan
nan,nan,nan,0.06699091,-0.5790405,-0.8125419,-0.6760832,0.16471703,-1.2322214,-0.6024461,1.2282758,-1.3357387,0.49339154,0.30619842,-0.89595103,0.44460633,1.9165998,-1.3237016,0.0,0.0073634954,-0.0010110063,0.0069759428,-0.0063946145,0.0026286163,-0.018214962,0.00077510474,-0.0010110063,-0.0040693,0.019571396,0.00020220123,nan,nan,nan,nan,nan,nan,nan,nan,nan,nan,nan,nan,nan,nan,nan,nan,nan,nan,nan,nan,nan,nan,nan,nan
nan,nan,nan,0.064952284,-0.57598805,-0.8148736,-0.6760529,0.16795672,-1.2322054,-0.5996908,1.2266409,-1.335407,0.48506525,0.30619842,-0.8959353,0.44445494,1.926985,-1.3237016,0.0023253143,0.012789229,0.0,0.008913705,-0.0063946145,0.0016176099,-0.021702934,0.0015502095,0.00050550315,-0.0015502095,0.024803352,-0.00050550315,nan,nan,nan,nan,nan,nan,nan,nan,nan,nan,nan,nan,nan,nan,nan,nan,nan,nan,nan,nan,nan,nan,nan,nan
nan,nan,nan,0.06281167,-0.5728352,-0.8172604,-0.6760529,0.17116614,-1.2322371,-0.59651166,1.2247334,-1.3349173,0.47713253,0.30616814,-0.89595103,0.44442466,1.9362195,-1.3237016,0.0015502095,0.014726991,-0.0018198112,0.008913705,-0.0052319574,0.0015165093,-0.019571396,0.003100419,-0.0017187105,-0.0032941953,0.02092783,-0.00040440247,nan,nan,nan,nan,nan,nan,nan,nan,nan,nan,nan,nan,nan,nan,nan,nan,nan,nan,nan,nan,nan,nan,nan,nan
nan,nan,nan,0.060510505,-0.5692796,-0.8199141,-0.67599237,0.17498107,-1.2322371,-0.59318113,1.2226443,-1.3343487,0.468897,0.30604702,-0.8959353,0.44363746,1.9449394,-1.3236859,-0.00077510474,0.009882586,-0.0010110063,0.010463915,-0.009301257,0.002426415,-0.022478038,-0.00019377618,-0.00070770434,-0.00096888095,0.026547337,0.00020220123,nan,nan,nan,nan,nan,nan,nan,nan,nan,nan,nan,nan,nan,nan,nan,nan,nan,nan,nan,nan,nan,nan,nan,nan
nan,nan,nan,0.058279276,-0.56565017,-0.8225834,-0.67590153,0.1788869,-1.2322214,-0.5896084,1.2205853,-1.3337641,0.45993486,0.30604702,-0.8959353,0.4430016,1.9553852,-1.3236859,-0.003100419,0.012401676,0.0,0.01065769,-0.004263076,0.0021231133,-0.02344692,-0.0011626572,0.00050550315,-0.0005813286,0.0284851,0.0010110063,nan,nan,nan,nan,nan,nan,nan,nan,nan,nan,nan,nan,nan,nan,nan,nan,nan,nan,nan,nan,nan,nan,nan,nan
nan,nan,nan,0.05570088,-0.56168365,-0.8254749,-0.6756896,0.1833377,-1.2322528,-0.5863081,1.2186172,-1.333148,0.45175996,0.30604702,-0.89591956,0.44230524,1.9657705,-1.3237016,0.002131538,0.0139518855,-0.0022242137,0.011626572,-0.004263076,0.003437421,-0.018602515,0.003100419,-0.00010110062,-0.0054257335,0.021121604,-0.00010110062,nan,nan,nan,nan,nan,nan,nan,nan,nan,nan,nan,nan,nan,nan,nan,nan,nan,nan,nan,nan,nan,nan,nan,nan
nan,nan,nan,0.05319112,-0.55744714,-0.8285067,-0.6754776,0.18784906,-1.2322214,-0.58291703,1.2166493,-1.3324845,0.44518974,0.30595618,-0.8959353,0.44094273,1.9749143,-1.3236859,0.0,0.012014124,0.00010110062,0.007944824,-0.006200838,0.0022242137,-0.019958947,0.002906643,-0.0011121068,-0.006007062,0.023834473,0.0,nan,nan,nan,nan,nan,nan,nan,nan,nan,nan,nan,nan,nan,nan,nan,nan,nan,nan,nan,nan,nan,nan,nan,nan
nan,nan,nan,0.05048471,-0.5527134,-0.8318409,-0.6752051,0.1931779,-1.2322054,-0.57979846,1.2148931,-1.3317895,0.43610647,0.30586535,-0.89591956,0.43985274,1.9863894,-1.3236859,-0.002131538,0.013370557,0.0019209118,0.009107481,-0.0040693,0.0022242137,-0.023834473,0.0017439857,0.00040440247,-0.004263076,0.026159788,0.00010110062,nan,nan,nan,nan,nan,nan,nan,nan,nan,nan,nan,nan,nan,nan,nan,nan,nan,nan,nan,nan,nan,nan,nan,nan
nan,nan,nan,0.047668923,-0.5477012,-0.835315,-0.6748721,0.19871868,-1.2322214,-0.5764982,1.2131371,-1.3311892,0.42771962,0.30583507,-0.8959353,0.43864164,1.9967747,-1.3236699,0.002906643,0.014145662,0.00050550315,0.0040693,-0.0063946145,0.0028308174,-0.023253145,-0.00019377618,-0.0016176099,-0.0038755238,0.023834473,0.0015165093,nan,nan,nan,nan,nan,nan,nan,nan,nan,nan,nan,nan,nan,nan,nan,nan,nan,nan,nan,nan,nan,nan,nan,nan
nan,nan,nan,0.04457262,-0.5421285,-0.8391126,-0.67438763,0.20422919,-1.2322371,-0.5732888,1.2118049,-1.3304942,0.4195144,0.30583507,-0.8959353,0.43661305,2.0070388,-1.3236859,0.0025190904,0.015308319,-0.0015165093,0.009107481,-0.007169719,0.0033363204,-0.019377619,0.002906643,-0.0017187105,-0.009107481,0.028291324,0.0,nan,nan,nan,nan,nan,nan,nan,nan,nan,nan,nan,nan,nan,nan,nan,nan,nan,nan,nan,nan,nan,nan,nan,nan
nan,nan,nan,0.04162235,-0.535928,-0.84323704,-0.67360044,0.21031494,-1.2322214,-0.5704124,1.2103212,-1.3298624,0.41176334,0.30571395,-0.89591956,0.4340092,2.0162733,-1.3236859,0.005813286,0.021121604,0.0,0.009301257,-0.002906643,0.0015165093,-0.021121604,0.0019377619,-0.00080880494,-0.011432795,0.017439857,-0.00030330187,nan,nan,nan,nan,nan,nan,nan,nan,nan,nan,nan,nan,nan,nan,nan,nan,nan,nan,nan,nan,nan,nan,nan,nan
nan,nan,nan,0.0387643,-0.5291112,-0.84766656,-0.6728132,0.21694572,-1.2322371,-0.56720304,1.2087772,-1.3292463,0.40364894,0.30568367,-0.8959036,0.430497,2.0222683,-1.3236699,0.0015502095,0.018602515,-0.0010110063,0.0077510476,-0.0040693,0.0011121068,-0.020152723,0.0019377619,0.00040440247,-0.013564333,0.015889648,0.0,nan,nan,nan,nan,nan,nan,nan,nan,nan,nan,nan,nan,nan,nan,nan,nan,nan,nan,nan,nan,nan,nan,nan,nan
nan,nan,nan,0.03541185,-0.52157605,-0.85246956,-0.6719654,0.22475739,-1.2322371,-0.5636,1.2074752,-1.3285353,0.39650345,0.30559283,-0.89591956,0.42677286,2.0289295,-1.3236542,0.0077510476,0.019571396,-0.0011121068,0.01065769,-0.0052319574,0.0027297167,-0.017052304,0.0017439857,-0.0012132075,-0.014339438,0.017633634,0.0011121068,nan,nan,nan,nan,nan,nan,nan,nan,nan,nan,nan,nan,nan,nan,nan,nan,nan,nan,nan,nan,nan,nan,nan,nan
nan,nan,nan,0.031655714,-0.5132685,-0.8576441,-0.67096627,0.23278089,-1.2322214,-0.5599667,1.2062035,-1.327698,0.38953963,0.30556256,-0.8959036,0.42277622,2.0361354,-1.3236699,0.0063946145,0.023253145,0.0,0.0081386,-0.0052319574,0.0021231133,-0.019958947,0.00077510474,0.0,-0.012014124,0.020152723,0.0,nan,nan,nan,nan,nan,nan,nan,nan,nan,nan,nan,nan,nan,nan,nan,nan,nan,nan,nan,nan,nan,nan,nan,nan
nan,nan,nan,0.026717784,-0.50245595,-0.8641899,-0.6691799,0.24286337,-1.2323003,-0.5557581,1.2047503,-1.3267977,0.3787608,0.30556256,-0.89588785,0.41696295,2.0446737,-1.3236699,0.0046506287,0.024028247,-0.00060660375,0.009107481,-0.0032941953,0.0022242137,-0.02538468,0.0040693,0.0014154087,-0.016470976,0.012595452,0.0,nan,nan,nan,nan,nan,nan,nan,nan,nan,nan,nan,nan,nan,nan,nan,nan,nan,nan,nan,nan,nan,nan,nan,nan
nan,nan,nan,0.020798644,-0.48799893,-0.8725964,-0.66590995,0.2558524,-1.2323792,-0.5506412,1.2028427,-1.3258183,0.36601397,0.30525988,-0.89588785,0.41024134,2.051274,-1.3236859,0.0077510476,0.024415802,-0.0010110063,0.011820348,-0.0048444048,0.0011121068,-0.02344692,0.0013564334,0.00040440247,-0.011239019,0.0054257335,0.0009099056,nan,nan,nan,nan,nan,nan,nan,nan,nan,nan,nan,nan,nan,nan,nan,nan,nan,nan,nan,nan,nan,nan,nan,nan
nan,nan,nan,0.019268326,-0.48345286,-0.8751583,-0.66481996,0.26078767,-1.2324266,-0.5492182,1.2020252,-1.325597,0.36132094,0.3050782,-0.8959036,0.40742552,2.052667,-1.3236384,0.0075572715,0.02596601,-0.0014154087,0.009882586,-0.0019377619,0.0018198112,-0.023834473,0.0044568526,-0.0014154087,-0.014726991,0.006200838,-0.0018198112,nan,nan,nan,nan,nan,nan,nan,nan,nan,nan,nan,nan,nan,nan,nan,nan,nan,nan,nan,nan,nan,nan,nan,nan
nan,nan,nan,0.01531218,-0.4722544,-0.8813293,-0.66212523,0.26911396,-1.2326479,-0.5461298,1.2007537,-1.325139,0.3527827,0.30462402,-0.8959036,0.4010975,2.0550892,-1.3236542,0.011045244,0.024803352,-0.002426415,0.009495033,-0.0032941953,0.0025275154,-0.024222024,0.00077510474,-0.0012132075,-0.022671815,0.0069759428,0.0015165093,nan,nan,nan,nan,nan,nan,nan,nan,nan,nan,nan,nan,nan,nan,nan,nan,nan,nan,nan,nan,nan,nan,nan,nan
nan,nan,nan,0.010110083,-0.45932713,-0.88820964,-0.65764415,0.28013498,-1.2336113,-0.5427388,1.198725,-1.3246176,0.34091392,0.30383676,-0.89588785,0.39104536,2.0576324,-1.3235595,0.014920766,0.020152723,-0.0026286163,0.0096888095,-0.005038181,0.0018198112,-0.026934888,-0.0011626572,0.0,-0.026159788,0.0015502095,-0.0009099056,nan,nan,nan,nan,nan,nan,nan,nan,nan,nan,nan,nan,nan,nan,nan,nan,nan,nan,nan,nan,nan,nan,nan,nan
nan,nan,nan,0.006650316,-0.45055068,-0.89272606,-0.6535264,0.28815848,-1.2351594,-0.54052854,1.1973625,-1.3242228,0.33167925,0.30307978,-0.89588785,0.38335487,2.0584197,-1.3232908,0.012014124,0.026159788,-0.0077847475,0.0073634954,-0.0056195096,0.0018198112,-0.023834473,-0.0017439857,0.00030330187,-0.023059366,0.0,0.0015165093,nan,nan,nan,nan,nan,nan,nan,nan,nan,nan,nan,nan,nan,nan,nan,nan,nan,nan,nan,nan,nan,nan,nan,nan
nan,nan,nan,0.0024810778,-0.4400958,-0.8979474,-0.6488334,0.2960307,-1.2373238,-0.53762186,1.1960303,-1.3238595,0.32126382,0.30195957,-0.89588785,0.37399912,2.0586014,-1.3229592,0.010851467,0.01782741,-0.0056616347,0.008719929,-0.0044568526,0.0025275154,-0.031197965,-0.006007062,0.0,-0.028097546,-0.0015502095,0.0025275154,nan,nan,nan,nan,nan,nan,nan,nan,nan,nan,nan,nan,nan,nan,nan,nan,nan,nan,nan,nan,nan,nan,nan,nan
nan,nan,nan,-0.0018262994,-0.4300808,-0.9027886,-0.6440495,0.30453867,-1.2396774,-0.53456384,1.1945467,-1.3235593,0.30975834,0.30041546,-0.89588785,0.3629781,2.058571,-1.3223114,0.01065769,0.022671815,-0.0070770434,0.007944824,-0.0023253143,0.0013143081,-0.026741114,-0.0025190904,-0.0015165093,-0.028291324,0.0,0.002931918,nan,nan,nan,nan,nan,nan,nan,nan,nan,nan,nan,nan,nan,nan,nan,nan,nan,nan,nan,nan,nan,nan,nan,nan
nan,nan,nan,-0.006217051,-0.42063817,-0.9072072,-0.63908404,0.3118052,-1.2419364,-0.5316875,1.1932144,-1.3232276,0.3001301,0.2982052,-0.8958564,0.35053405,2.0583591,-1.3213005,0.009495033,0.019958947,-0.0061671375,0.008332376,-0.007169719,0.0011121068,-0.023834473,-0.006200838,0.00050550315,-0.032748178,-0.0015502095,0.0038418237,nan,nan,nan,nan,nan,nan,nan,nan,nan,nan,nan,nan,nan,nan,nan,nan,nan,nan,nan,nan,nan,nan,nan,nan
nan,nan,nan,-0.010958849,-0.4111444,-0.9115043,-0.6339066,0.3185572,-1.2441323,-0.52872026,1.1920336,-1.3229115,0.28935125,0.29596466,-0.8958564,0.33591,2.0577536,-1.3202894,0.014145662,0.014533214,-0.00808805,0.009301257,-0.0023253143,0.0018198112,-0.024222024,-0.0056195096,0.0,-0.03720503,-0.0034879714,0.0041451254,nan,nan,nan,nan,nan,nan,nan,nan,nan,nan,nan,nan,nan,nan,nan,nan,nan,nan,nan,nan,nan,nan,nan,nan
nan,nan,nan,-0.014716158,-0.40377846,-0.9147384,-0.6289108,0.3257329,-1.2466598,-0.5256017,1.1905198,-1.3225324,0.27887526,0.29296714,-0.8958564,0.32234567,2.0560277,-1.3189309,0.011626572,0.022284262,-0.00657154,0.011045244,-0.0025190904,0.0020220126,-0.026934888,-0.005813286,-0.0010110063,-0.035848595,-0.0054257335,0.003437421,nan,nan,nan,nan,nan,nan,nan,nan,nan,nan,nan,nan,nan,nan,nan,nan,nan,nan,nan,nan,nan,nan,nan,nan
nan,nan,nan,-0.019747933,-0.39463568,-0.9186254,-0.62421775,0.3334537,-1.2493453,-0.52287674,1.1892481,-1.3221533,0.26858088,0.28890997,-0.8958404,0.30732802,2.0533936,-1.3174934,0.012207901,0.020152723,-0.006672641,0.007169719,-0.0019377619,0.0019209118,-0.02751622,-0.0069759428,0.00010110062,-0.040305447,-0.0063946145,0.003740723,nan,nan,nan,nan,nan,nan,nan,nan,nan,nan,nan,nan,nan,nan,nan,nan,nan,nan,nan,nan,nan,nan,nan,nan
nan,nan,nan,-0.025286833,-0.38498333,-0.922577,-0.6198578,0.3409322,-1.2515569,-0.52012146,1.1881884,-1.3218689,0.25855902,0.28467113,-0.8958404,0.29206812,2.04973,-1.3161507,0.010270138,0.02092783,-0.006874842,0.008719929,-0.0023253143,0.0011121068,-0.02131538,-0.0081386,0.00010110062,-0.038755238,-0.0139518855,0.0041451254,nan,nan,nan,nan,nan,nan,nan,nan,nan,nan,nan,nan,nan,nan,nan,nan,nan,nan,nan,nan,nan,nan,nan,nan
nan,nan,nan,-0.03066873,-0.3759448,-0.9261344,-0.6150134,0.34889525,-1.2542107,-0.51727533,1.18728,-1.3216004,0.2489005,0.28003865,-0.8958247,0.2755366,2.0458848,-1.3146815,0.011432795,0.021121604,-0.0073803454,0.0077510476,-0.0036817477,0.00040440247,-0.024415802,-0.012789229,0.0014154087,-0.04185566,-0.008913705,0.0042462265,nan,nan,nan,nan,nan,nan,nan,nan,nan,nan,nan,nan,nan,nan,nan,nan,nan,nan,nan,nan,nan,nan,nan,nan
nan,nan,nan,-0.03641443,-0.36676812,-0.92959946,-0.6104415,0.35688847,-1.2566118,-0.51458067,1.1864929,-1.3214266,0.23806116,0.27634484,-0.8958564,0.25797564,2.0420094,-1.313323,0.010851467,0.021702934,-0.00798695,0.009495033,-0.004263076,-0.0022242137,-0.030035308,-0.0046506287,0.00010110062,-0.04941293,-0.0081386,0.0013143081,nan,nan,nan,nan,nan,nan,nan,nan,nan,nan,nan,nan,nan,nan,nan,nan,nan,nan,nan,nan,nan,nan,nan,nan
nan,nan,nan,-0.042659484,-0.35717052,-0.9330645,-0.60535485,0.36566895,-1.2590287,-0.51179516,1.185736,-1.3212056,0.22670707,0.27340788,-0.8958404,0.23835579,2.0389814,-1.3125174,0.015502095,0.025578458,-0.007885849,0.009301257,-0.005038181,0.0015165093,-0.0284851,-0.006200838,-0.00070770434,-0.047281392,-0.009107481,0.0022242137,nan,nan,nan,nan,nan,nan,nan,nan,nan,nan,nan,nan,nan,nan,nan,nan,nan,nan,nan,nan,nan,nan,nan,nan
nan,nan,nan,-0.049163885,-0.34669283,-0.9366894,-0.59932965,0.37529725,-1.261888,-0.50894904,1.1850698,-1.3210475,0.21689716,0.27013785,-0.8958404,0.22052233,2.036408,-1.3115222,0.01782741,0.02499713,-0.007178144,0.0044568526,-0.0052319574,0.0012132075,-0.026934888,-0.0073634954,-0.0009099056,-0.05135069,-0.006007062,0.0044484274,nan,nan,nan,nan,nan,nan,nan,nan,nan,nan,nan,nan,nan,nan,nan,nan,nan,nan,nan,nan,nan,nan,nan,nan
nan,nan,nan,-0.06100182,-0.32931614,-0.94224715,-0.5899133,0.39191955,-1.2664375,-0.50392294,1.1841615,-1.3206527,0.19942704,0.2660504,-0.8958247,0.18649039,2.0314727,-1.3102427,0.014339438,0.030616637,-0.005863836,0.008332376,-0.0023253143,0.002426415,-0.026353562,-0.0040693,0.0,-0.050963134,-0.010463915,0.0013143081,nan,nan,nan,nan,nan,nan,nan,nan,nan,nan,nan,nan,nan,nan,nan,nan,nan,nan,nan,nan,nan,nan,nan,nan
nan,nan,nan,-0.064321235,-0.32429525,-0.9437666,-0.58703697,0.39649147,-1.2675908,-0.5025908,1.1838588,-1.3205895,0.19467345,0.26517242,-0.8958721,0.17701352,2.0299587,-1.3099425,0.01782741,0.027903771,-0.0072792447,0.009107481,-0.00077510474,0.00070770434,-0.026741114,0.0,-0.002426415,-0.05871419,-0.011239019,0.0013143081,nan,nan,nan,nan,nan,nan,nan,nan,nan,nan,nan,nan,nan,nan,nan,nan,nan,nan,nan,nan,nan,nan,nan,nan
nan,nan,nan,-0.074650295,-0.3128815,-0.946854,-0.57907397,0.4095108,-1.2706394,-0.4993814,1.1830412,-1.3202419,0.20024452,0.25957102,-0.9021592,0.14167964,2.0249026,-1.309516,0.011239019,0.021702934,-0.003740723,0.0038755238,-0.004263076,0.0017187105,0.029066429,-0.0069759428,-0.015670598,-0.06452747,-0.012983005,0.00010110062,nan,nan,nan,nan,nan,nan,nan,nan,nan,nan,nan,nan,nan,nan,nan,nan,nan,nan,nan,nan,nan,nan,nan,nan
nan,nan,nan,-0.077461325,-0.31043655,-0.9474328,-0.57677287,0.41356796,-1.2714453,-0.4980189,1.182587,-1.3200839,0.20745054,0.25642222,-0.90498686,0.12829697,2.021693,-1.3095002,0.01065769,0.02150916,-0.0043473267,0.007169719,-0.004263076,0.00020220123,0.0325544,-0.0056195096,-0.010615566,-0.05832663,-0.010463915,0.00070770434,nan,nan,nan,nan,nan,nan,nan,nan,nan,nan,nan,nan,nan,nan,nan,nan,nan,nan,nan,nan,nan,nan,nan,nan
nan,nan,nan,-0.08333168,-0.30504668,-0.9486845,-0.57310927,0.419563,-1.2725668,-0.49486998,1.1815274,-1.3198628,0.21995518,0.2525466,-0.9085729,0.105800785,2.018302,-1.3095317,0.006200838,0.01685853,-0.0031341196,0.01065769,-0.0038755238,0.00080880494,0.029647758,-0.010463915,-0.0107166665,-0.05135069,-0.008526152,0.00040440247,nan,nan,nan,nan,nan,nan,nan,nan,nan,nan,nan,nan,nan,nan,nan,nan,nan,nan,nan,nan,nan,nan,nan,nan
nan,nan,nan,-0.0898046,-0.2994041,-0.9498907,-0.56977874,0.42546707,-1.2735302,-0.49265972,1.1805887,-1.319689,0.2312487,0.24894364,-0.9129803,0.08639289,2.0160916,-1.3095634,0.009107481,0.013370557,-0.0028308174,0.009495033,-0.005813286,0.00070770434,0.024415802,-0.007944824,-0.009907861,-0.05076936,-0.006200838,0.0010110063,nan,nan,nan,nan,nan,nan,nan,nan,nan,nan,nan,nan,nan,nan,nan,nan,nan,nan,nan,nan,nan,nan,nan,nan
nan,nan,nan,-0.09500101,-0.295907,-0.9504809,-0.56711435,0.4303115,-1.2742255,-0.4900256,1.1796502,-1.3194995,0.23996863,0.24606724,-0.9168346,0.06686387,2.0146687,-1.3095791,0.007169719,0.016470976,-0.0033363204,0.007944824,-0.0005813286,0.00080880494,0.018214962,-0.0063946145,-0.008492453,-0.051544465,-0.00077510474,0.0,nan,nan,nan,nan,nan,nan,nan,nan,nan,nan,nan,nan,nan,nan,nan,nan,nan,nan,nan,nan,nan,nan,nan,nan
nan,nan,nan,-0.09922055,-0.2918304,-0.9513098,-0.56423795,0.4351862,-1.2747309,-0.48702815,1.1780757,-1.3192942,0.24853715,0.2425551,-0.9204521,0.05163429,2.0140026,-1.3095474,0.010076362,0.012983005,-0.0019209118,0.008526152,-0.0065883906,0.0018198112,0.018408738,-0.009882586,-0.00970566,-0.021121604,-0.0054257335,0.0010110063,nan,nan,nan,nan,nan,nan,nan,nan,nan,nan,nan,nan,nan,nan,nan,nan,nan,nan,nan,nan,nan,nan,nan,nan
nan,nan,nan,-0.10113459,-0.28546098,-0.9530392,-0.56117994,0.43915254,-1.2755682,-0.48469678,1.1769252,-1.3191204,0.25586435,0.23731704,-0.9230113,0.049181797,2.0130336,-1.3094842,0.008913705,0.010463915,-0.0027297167,0.0056195096,-0.006007062,0.0013143081,0.01782741,-0.010270138,-0.004044025,0.0023253143,-0.0011626572,0.0011121068,nan,nan,nan,nan,nan,nan,nan,nan,nan,nan,nan,nan,nan,nan,nan,nan,nan,nan,nan,nan,nan,nan,nan,nan
nan,nan,nan,-0.10166216,-0.28163263,-0.95412153,-0.55851555,0.4417867,-1.2765791,-0.4825168,1.1760168,-1.3189309,0.2605876,0.23280568,-0.92372227,0.050423183,2.0127006,-1.3093896,0.0063946145,0.0025190904,-0.0036396224,0.007169719,-0.0038755238,0.0017187105,0.005813286,-0.0069759428,-0.0022242137,0.0034879714,0.0,0.0010110063,nan,nan,nan,nan,nan,nan,nan,nan,nan,nan,nan,nan,nan,nan,nan,nan,nan,nan,nan,nan,nan,nan,nan,nan
nan,nan,nan,-0.10141405,-0.27970758,-0.954714,-0.55654746,0.44327027,-1.2777798,-0.47982207,1.1747149,-1.3187413,0.2631612,0.22883935,-0.92372227,0.05196733,2.013064,-1.3091052,0.0069759428,0.0032941953,-0.003437421,0.008332376,-0.002906643,0.0014154087,0.005038181,-0.011239019,-0.0015165093,0.008913705,0.0025190904,0.0032352197,nan,nan,nan,nan,nan,nan,nan,nan,nan,nan,nan,nan,nan,nan,nan,nan,nan,nan,nan,nan,nan,nan,nan,nan
nan,nan,nan,-0.10109553,-0.27871874,-0.95503694,-0.55515474,0.44402725,-1.2789013,-0.47667322,1.17308,-1.3185358,0.26400897,0.22581156,-0.92369056,0.055116184,2.0136392,-1.3089156,0.002131538,0.0032941953,-0.0020220126,0.0063946145,-0.0038755238,0.0012132075,-0.002131538,-0.0052319574,0.0,0.0048444048,0.0005813286,0.0023253143,nan,nan,nan,nan,nan,nan,nan,nan,nan,nan,nan,nan,nan,nan,nan,nan,nan,nan,nan,nan,nan,nan,nan,nan
nan,nan,nan,-0.10114493,-0.27765316,-0.95534205,-0.5539739,0.44457215,-1.279849,-0.47370604,1.1714146,-1.3182831,0.26464483,0.22354074,-0.92372227,0.05678145,2.0136998,-1.308821,0.0023253143,0.0038755238,-0.0018198112,0.007169719,-0.0027128668,0.0030330187,0.0015502095,-0.002131538,0.00020220123,0.0013564334,0.0011626572,0.0010110063,nan,nan,nan,nan,nan,nan,nan,nan,nan,nan,nan,nan,nan,nan,nan,nan,nan,nan,nan,nan,nan,nan,nan,nan
nan,nan,nan,-0.1014084,-0.27634612,-0.955693,-0.55285364,0.44511718,-1.2804337,-0.47079936,1.1694163,-1.3180778,0.2657651,0.22214802,-0.9239118,0.057356723,2.013609,-1.3087893,0.002131538,0.0023253143,-0.0019209118,0.009882586,-0.0044568526,0.0014154087,0.0027128668,-0.0019377619,0.00020220123,-0.0015502095,-0.0013564334,0.00030330187,nan,nan,nan,nan,nan,nan,nan,nan,nan,nan,nan,nan,nan,nan,nan,nan,nan,nan,nan,nan,nan,nan,nan,nan
nan,nan,nan,-0.10146229,-0.27492318,-0.9560976,-0.5517334,0.44587415,-1.281018,-0.46813497,1.167418,-1.3178883,0.26730922,0.22051306,-0.92410135,0.057659514,2.013609,-1.3086472,0.0032941953,0.0046506287,-0.0033363204,0.008332376,-0.007169719,0.0016176099,0.00019377618,-0.0017439857,-0.0014154087,-0.0005813286,-0.0005813286,0.0021231133,nan,nan,nan,nan,nan,nan,nan,nan,nan,nan,nan,nan,nan,nan,nan,nan,nan,nan,nan,nan,nan,nan,nan,nan
nan,nan,nan,-0.101485364,-0.27370983,-0.95644325,-0.55067366,0.44647974,-1.2816026,-0.46522835,1.1655105,-1.3177302,0.26876256,0.21912022,-0.9241328,0.058688946,2.0136695,-1.3084733,0.0032941953,0.0,-0.0018198112,0.009495033,-0.004263076,0.00030330187,0.0,-0.0027128668,0.00050550315,0.0017439857,0.0,0.00040440247,nan,nan,nan,nan,nan,nan,nan,nan,nan,nan,nan,nan,nan,nan,nan,nan,nan,nan,nan,nan,nan,nan,nan,nan
nan,nan,nan,-0.10156911,-0.27270627,-0.95672095,-0.54964423,0.44708532,-1.2821081,-0.46253362,1.1635728,-1.3175721,0.27003422,0.21809085,-0.924196,0.059385337,2.0136392,-1.3082206,0.0046506287,0.00019377618,-0.0017187105,0.007169719,-0.0046506287,0.0014154087,0.0017439857,-0.0015502095,-0.00010110062,-0.00019377618,-0.0011626572,0.0017187105,nan,nan,nan,nan,nan,nan,nan,nan,nan,nan,nan,nan,nan,nan,nan,nan,nan,nan,nan,nan,nan,nan,nan,nan
nan,nan,nan,-0.10170801,-0.27169955,-0.9569926,-0.5484937,0.44763023,-1.2825346,-0.45962694,1.1616653,-1.3174458,0.27145728,0.21675868,-0.92427516,0.05999086,2.0136392,-1.3080783,0.0027128668,0.0015502095,-0.002426415,0.0081386,-0.007169719,0.0011121068,0.00038755237,-0.0040693,0.00050550315,0.00038755237,0.00038755237,0.0013143081,nan,nan,nan,nan,nan,nan,nan,nan,nan,nan,nan,nan,nan,nan,nan,nan,nan,nan,nan,nan,nan,nan,nan,nan
nan,nan,nan,-0.10176824,-0.2706648,-0.9572794,-0.547434,0.44814497,-1.2829769,-0.45665976,1.1602422,-1.3173354,0.27239588,0.2154264,-0.9243541,0.060838647,2.0136392,-1.3079205,0.0034879714,0.00096888095,-0.0016176099,0.0096888095,-0.006200838,0.0009099056,0.0027128668,-0.0034879714,-0.00040440247,-0.0015502095,0.0,0.00040440247,nan,nan,nan,nan,nan,nan,nan,nan,nan,nan,nan,nan,nan,nan,nan,nan,nan,nan,nan,nan,nan,nan,nan,nan
nan,nan,nan,-0.10180358,-0.26965088,-0.95756173,-0.5465559,0.44872016,-1.2835457,-0.45357147,1.1587889,-1.317209,0.27336475,0.21436675,-0.9245436,0.061656125,2.013609,-1.3078098,0.0011626572,0.0019377619,-0.0028308174,0.009107481,-0.0063946145,0.0020220126,0.0034879714,-0.0015502095,-0.0010110063,0.0038755238,-0.0023253143,-0.00040440247,nan,nan,nan,nan,nan,nan,nan,nan,nan,nan,nan,nan,nan,nan,nan,nan,nan,nan,nan,nan,nan,nan,nan,nan
nan,nan,nan,-0.10187889,-0.26858714,-0.9578526,-0.54552644,0.44917434,-1.283988,-0.45005926,1.157487,-1.3171141,0.27439418,0.21300419,-0.9247649,0.06226168,2.0136392,-1.3077152,0.0038755238,0.00096888095,-0.0028308174,0.008719929,-0.0065883906,-0.0011121068,0.002131538,-0.0044568526,-0.0013143081,0.00019377618,0.00096888095,0.0010110063,nan,nan,nan,nan,nan,nan,nan,nan,nan,nan,nan,nan,nan,nan,nan,nan,nan,nan,nan,nan,nan,nan,nan,nan
nan,nan,nan,-0.10192756,-0.26765487,-0.95810837,-0.54446673,0.44947714,-1.2843513,-0.4467893,1.1564575,-1.316972,0.27533278,0.21158119,-0.92489123,0.06298835,2.0136392,-1.307636,0.0038755238,-0.00077510474,-0.0013143081,0.011239019,-0.0027128668,0.0031341196,0.0005813286,-0.00096888095,-0.0010110063,0.00019377618,0.0013564334,0.00020220123,nan,nan,nan,nan,nan,nan,nan,nan,nan,nan,nan,nan,nan,nan,nan,nan,nan,nan,nan,nan,nan,nan,nan,nan
nan,nan,nan,-0.10201745,-0.26592037,-0.9585816,-0.54289234,0.45023412,-1.2849832,-0.44115767,1.1540656,-1.3167665,0.27724025,0.208402,-0.92504907,0.06468389,2.013609,-1.3074939,0.004263076,0.0017439857,-0.0014154087,0.0081386,-0.0019377619,0.0026286163,0.0038755238,-0.002131538,-0.00040440247,0.0005813286,-0.0015502095,-0.00010110062,nan,nan,nan,nan,nan,nan,nan,nan,nan,nan,nan,nan,nan,nan,nan,nan,nan,nan,nan,nan,nan,nan,nan,nan
nan,nan,nan,-0.102032565,-0.26584134,-0.95860195,-0.5428318,0.45029467,-1.2850149,-0.44079438,1.1539445,-1.3167665,0.2773008,0.2082506,-0.92504907,0.06480501,2.013609,-1.3074782,0.00019377618,0.0040693,-0.0016176099,0.0048444048,-0.004263076,0.00080880494,0.0027128668,-0.0023253143,-0.00020220123,0.0017439857,-0.0019377619,0.0010110063,nan,nan,nan,nan,nan,nan,nan,nan,nan,nan,nan,nan,nan,nan,nan,nan,nan,nan,nan,nan,nan,nan,nan,nan
nan,nan,nan,-0.102096476,-0.26495633,-0.9588402,-0.5421051,0.45071858,-1.285378,-0.43800882,1.1529151,-1.3166244,0.2785422,0.20628257,-0.9250808,0.065319724,2.013609,-1.3074465,0.0015502095,0.0019377619,-0.0016176099,0.0077510476,-0.0034879714,0.00060660375,0.004263076,-0.006200838,-0.0018198112,0.0027128668,-0.0019377619,-0.00050550315,nan,nan,nan,nan,nan,nan,nan,nan,nan,nan,nan,nan,nan,nan,nan,nan,nan,nan,nan,nan,nan,nan,nan,nan
nan,nan,nan,-0.102148324,-0.26405042,-0.9590845,-0.54137844,0.4512636,-1.2857256,-0.43537465,1.1518856,-1.3164823,0.27969274,0.20389064,-0.9250648,0.065895,2.013609,-1.3073518,0.0011626572,0.0036817477,-0.00050550315,0.0065883906,-0.004263076,0.0019209118,-0.00019377618,-0.0067821667,0.00050550315,0.0034879714,-0.0019377619,0.0016176099,nan,nan,nan,nan,nan,nan,nan,nan,nan,nan,nan,nan,nan,nan,nan,nan,nan,nan,nan,nan,nan,nan,nan,nan
nan,nan,nan,-0.1022102,-0.26302692,-0.9593591,-0.5404701,0.45180863,-1.2860732,-0.4328011,1.1507957,-1.3163242,0.28051022,0.20046933,-0.9250648,0.06650055,2.013609,-1.3072886,0.0036817477,0.0034879714,-0.0016176099,0.008526152,-0.006200838,0.0016176099,0.002906643,-0.0081386,-0.0010110063,-0.00096888095,0.0,0.0010110063,nan,nan,nan,nan,nan,nan,nan,nan,nan,nan,nan,nan,nan,nan,nan,nan,nan,nan,nan,nan,nan,nan,nan,nan
nan,nan,nan,-0.10230363,-0.26199874,-0.9596305,-0.5395618,0.45229298,-1.2864048,-0.4301972,1.1498873,-1.3161664,0.28108552,0.19722964,-0.9250808,0.06737859,2.0135787,-1.3072095,0.0032941953,0.002131538,-0.0012132075,0.0075572715,-0.0036817477,0.0015165093,-0.0019377619,-0.0075572715,-0.0010110063,0.0023253143,-0.0019377619,0.00060660375,nan,nan,nan,nan,nan,nan,nan,nan,nan,nan,nan,nan,nan,nan,nan,nan,nan,nan,nan,nan,nan,nan,nan,nan
nan,nan,nan,-0.10239022,-0.2609769,-0.9598996,-0.538714,0.45274717,-1.2867367,-0.4272603,1.1490092,-1.3160241,0.28187272,0.19417156,-0.9250965,0.0682869,2.0135787,-1.3071463,0.0005813286,0.00077510474,-0.00030330187,0.0075572715,-0.005038181,0.0019209118,0.0025190904,-0.0056195096,-0.0015165093,0.0027128668,-0.0015502095,0.0016176099,nan,nan,nan,nan,nan,nan,nan,nan,nan,nan,nan,nan,nan,nan,nan,nan,nan,nan,nan,nan,nan,nan,nan,nan
nan,nan,nan,-0.10242485,-0.26014328,-0.96012217,-0.53786623,0.45317096,-1.2872105,-0.4242325,1.1481918,-1.3158977,0.28275076,0.19180997,-0.9250965,0.06901357,2.0135484,-1.3070831,0.0019377619,0.0011626572,-0.002426415,0.008526152,-0.003100419,0.00040440247,0.0025190904,-0.0034879714,-0.0010110063,0.0013564334,-0.0019377619,0.0,nan,nan,nan,nan,nan,nan,nan,nan,nan,nan,nan,nan,nan,nan,nan,nan,nan,nan,nan,nan,nan,nan,nan,nan
nan,nan,nan,-0.10240731,-0.2593628,-0.9603352,-0.5369579,0.45347375,-1.2876844,-0.4208415,1.1468595,-1.3157239,0.28332606,0.18884273,-0.9250808,0.069709964,2.013518,-1.3069885,0.0036817477,0.0025190904,-0.0012132075,0.010076362,-0.0067821667,0.0032352197,0.0017439857,-0.006200838,0.00030330187,-0.00038755237,-0.0046506287,0.00070770434,nan,nan,nan,nan,nan,nan,nan,nan,nan,nan,nan,nan,nan,nan,nan,nan,nan,nan,nan,nan,nan,nan,nan,nan
nan,nan,nan,-0.10245958,-0.25872543,-0.96050155,-0.53626156,0.45371598,-1.2880952,-0.41820732,1.1457999,-1.3156607,0.28350773,0.18675359,-0.9250808,0.07025496,2.0135484,-1.306941,0.005813286,0.0011626572,-0.0021231133,0.005813286,-0.0023253143,-0.00030330187,-0.0017439857,-0.0019377619,-0.0009099056,0.00019377618,-0.0013564334,0.00040440247,nan,nan,nan,nan,nan,nan,nan,nan,nan,nan,nan,nan,nan,nan,nan,nan,nan,nan,nan,nan,nan,nan,nan,nan
nan,nan,nan,-0.10247698,-0.2579926,-0.96069676,-0.5356257,0.45407933,-1.2885058,-0.4149979,1.1443769,-1.3155029,0.28387102,0.18339278,-0.9250808,0.071163274,2.013518,-1.3068461,0.00038755237,0.0034879714,-0.0021231133,0.010270138,-0.0046506287,0.0016176099,0.0,-0.0054257335,0.00030330187,0.0017439857,-0.0025190904,0.0019209118,nan,nan,nan,nan,nan,nan,nan,nan,nan,nan,nan,nan,nan,nan,nan,nan,nan,nan,nan,nan,nan,nan,nan,nan
nan,nan,nan,-0.1024852,-0.2570951,-0.9609365,-0.53505045,0.45444268,-1.2888851,-0.41248485,1.142984,-1.315424,0.28417382,0.1804256,-0.9250808,0.072222985,2.0135484,-1.306783,0.0023253143,0.0046506287,-0.0026286163,0.0065883906,-0.0054257335,0.0010110063,0.00038755237,-0.005813286,0.00050550315,0.0013564334,-0.00038755237,0.00040440247,nan,nan,nan,nan,nan,nan,nan,nan,nan,nan,nan,nan,nan,nan,nan,nan,nan,nan,nan,nan,nan,nan,nan,nan
nan,nan,nan,-0.102499045,-0.25621247,-0.9611707,-0.5343843,0.45489687,-1.2894063,-0.40966907,1.1413491,-1.3153291,0.28453717,0.176762,-0.9250808,0.07355521,2.0135787,-1.3066726,0.0027128668,-0.00096888095,-0.0028308174,0.0077510476,-0.0046506287,0.0013143081,-0.004263076,-0.005813286,0.00050550315,0.0013564334,0.00096888095,-0.00010110062,nan,nan,nan,nan,nan,nan,nan,nan,nan,nan,nan,nan,nan,nan,nan,nan,nan,nan,nan,nan,nan,nan,nan,nan
nan,nan,nan,-0.10256853,-0.25526428,-0.9614155,-0.5337485,0.4554116,-1.2898486,-0.4071863,1.1398352,-1.3152502,0.28505185,0.17343147,-0.9250965,0.074826874,2.0135484,-1.3065145,0.0027128668,0.0,-0.002426415,0.006007062,-0.0054257335,0.0010110063,-0.00038755237,-0.012207901,-0.00010110062,0.00038755237,-0.002906643,0.0016176099,nan,nan,nan,nan,nan,nan,nan,nan,nan,nan,nan,nan,nan,nan,nan,nan,nan,nan,nan,nan,nan,nan,nan,nan
nan,nan,nan,-0.10262257,-0.25425747,-0.96167654,-0.53305215,0.45592636,-1.2902436,-0.4045824,1.1383213,-1.315187,0.28562716,0.17049457,-0.9250965,0.07631046,2.0135787,-1.3063407,0.002131538,0.0017439857,-0.0019209118,0.010851467,-0.0025190904,0.0016176099,0.00038755237,-0.007169719,0.00020220123,0.00019377618,0.00077510474,0.0010110063,nan,nan,nan,nan,nan,nan,nan,nan,nan,nan,nan,nan,nan,nan,nan,nan,nan,nan,nan,nan,nan,nan,nan,nan
nan,nan,nan,-0.102644496,-0.2533347,-0.9619177,-0.53217405,0.45638043,-1.2905753,-0.4020088,1.1368074,-1.3150921,0.28638408,0.16837515,-0.92511225,0.07758213,2.0135787,-1.3061669,0.0019377619,0.002131538,-0.002426415,0.004263076,-0.0036817477,0.0010110063,0.0025190904,-0.0054257335,-0.0009099056,0.00096888095,0.0,0.0010110063,nan,nan,nan,nan,nan,nan,nan,nan,nan,nan,nan,nan,nan,nan,nan,nan,nan,nan,nan,nan,nan,nan,nan,nan
nan,nan,nan,-0.10263212,-0.25244787,-0.9621521,-0.53108406,0.45677406,-1.2909386,-0.39895082,1.1350816,-1.3149974,0.28735295,0.16689153,-0.92514396,0.078762926,2.0135787,-1.3058827,0.003100419,0.0046506287,-0.0027297167,0.006007062,-0.0027128668,0.0016176099,0.002906643,-0.00077510474,-0.00050550315,0.00077510474,0.00096888095,0.0027297167,nan,nan,nan,nan,nan,nan,nan,nan,nan,nan,nan,nan,nan,nan,nan,nan,nan,nan,nan,nan,nan,nan,nan,nan
nan,nan,nan,-0.1026869,-0.25149745,-0.96239513,-0.5299638,0.45707685,-1.2912862,-0.3956203,1.133386,-1.3148394,0.28826126,0.16540791,-0.9251754,0.08033738,2.0135787,-1.3057404,0.003100419,0.00019377618,0.00010110062,0.013564333,-0.0046506287,0.0013143081,0.002906643,-0.0054257335,0.0,0.0054257335,0.0,-0.0018198112,nan,nan,nan,nan,nan,nan,nan,nan,nan,nan,nan,nan,nan,nan,nan,nan,nan,nan,nan,nan,nan,nan,nan,nan
nan,nan,nan,-0.102671884,-0.25041437,-0.96267915,-0.5286921,0.45747036,-1.29176,-0.3927742,1.1319327,-1.3146498,0.28916964,0.16389407,-0.9252386,0.08191181,2.013609,-1.3055668,0.0075572715,0.00096888095,-0.0012132075,0.007944824,-0.0048444048,0.0009099056,0.0015502095,-0.0023253143,-0.0010110063,0.002131538,-0.00096888095,0.0015165093,nan,nan,nan,nan,nan,nan,nan,nan,nan,nan,nan,nan,nan,nan,nan,nan,nan,nan,nan,nan,nan,nan,nan,nan
nan,nan,nan,-0.10269289,-0.24927548,-0.96297246,-0.5274205,0.45795482,-1.2922182,-0.389807,1.1304189,-1.3144128,0.29053208,0.1621985,-0.92528605,0.08384956,2.013609,-1.3054087,0.0040693,0.0046506287,-0.0015165093,0.007169719,-0.0044568526,0.0015165093,0.005038181,-0.0052319574,0.0019209118,0.0052319574,-0.0019377619,0.0026286163,nan,nan,nan,nan,nan,nan,nan,nan,nan,nan,nan,nan,nan,nan,nan,nan,nan,nan,nan,nan,nan,nan,nan,nan
nan,nan,nan,-0.10276771,-0.2476688,-0.9633789,-0.5260883,0.45853013,-1.2927711,-0.38647646,1.1288748,-1.3140652,0.29153123,0.15983684,-0.9253967,0.08551482,2.0136392,-1.3053138,0.0025190904,-0.0011626572,-0.0026286163,0.009301257,-0.0052319574,0.0010110063,0.00038755237,-0.0038755238,-0.0022242137,0.0019377619,-0.003100419,0.00060660375,nan,nan,nan,nan,nan,nan,nan,nan,nan,nan,nan,nan,nan,nan,nan,nan,nan,nan,nan,nan,nan,nan,nan,nan
nan,nan,nan,-0.102808125,-0.24675827,-0.96360826,-0.5251194,0.4591357,-1.2932451,-0.38393316,1.1274517,-1.313765,0.29219738,0.15753575,-0.92545986,0.08657453,2.0136392,-1.3052034,0.004263076,0.0046506287,-0.0025275154,0.008526152,-0.0038755238,0.0017187105,0.0019377619,-0.0077510476,-0.0010110063,0.00019377618,-0.0025190904,0.0018198112,nan,nan,nan,nan,nan,nan,nan,nan,nan,nan,nan,nan,nan,nan,nan,nan,nan,nan,nan,nan,nan,nan,nan,nan
nan,nan,nan,-0.102812916,-0.24583985,-0.96384245,-0.5243019,0.45955962,-1.2936242,-0.3817229,1.1262709,-1.313544,0.29268178,0.15553744,-0.9255073,0.08760399,2.0136695,-1.305156,0.0046506287,0.0044568526,-0.0021231133,0.0075572715,-0.0017439857,0.0014154087,0.0015502095,-0.0069759428,-0.0011121068,0.0027128668,-0.0013564334,0.00020220123,nan,nan,nan,nan,nan,nan,nan,nan,nan,nan,nan,nan,nan,nan,nan,nan,nan,nan,nan,nan,nan,nan,nan,nan
nan,nan,nan,-0.10287537,-0.244862,-0.9640847,-0.5233633,0.4600138,-1.2939715,-0.3790282,1.1248175,-1.3132439,0.2932571,0.15229775,-0.92552304,0.08884535,2.0136998,-1.3050611,0.00077510474,0.0052319574,0.00030330187,0.007169719,-0.004263076,0.002931918,-0.0013564334,-0.004263076,-0.0011121068,0.0011626572,0.0,0.0020220126,nan,nan,nan,nan,nan,nan,nan,nan,nan,nan,nan,nan,nan,nan,nan,nan,nan,nan,nan,nan,nan,nan,nan,nan
nan,nan,nan,-0.10295558,-0.2436879,-0.9643735,-0.5223944,0.46049827,-1.2943034,-0.37654543,1.123455,-1.3130226,0.294014,0.14860387,-0.9255545,0.08993534,2.01373,-1.3049664,0.0025190904,0.00077510474,-0.0014154087,0.009107481,-0.0046506287,0.002426415,0.00077510474,-0.011045244,-0.00040440247,0.00038755237,-0.0011626572,0.0017187105,nan,nan,nan,nan,nan,nan,nan,nan,nan,nan,nan,nan,nan,nan,nan,nan,nan,nan,nan,nan,nan,nan,nan,nan
nan,nan,nan,-0.1030371,-0.24247165,-0.9646714,-0.5212136,0.46104318,-1.2945876,-0.37382045,1.122032,-1.3127227,0.29483148,0.14442559,-0.9255545,0.09147952,2.01373,-1.3048558,0.003100419,0.0013564334,-0.0013143081,0.008526152,-0.0034879714,0.002426415,0.00096888095,-0.010463915,-0.0010110063,0.0048444048,-0.0015502095,0.00080880494,nan,nan,nan,nan,nan,nan,nan,nan,nan,nan,nan,nan,nan,nan,nan,nan,nan,nan,nan,nan,nan,nan,nan,nan
nan,nan,nan,-0.103125356,-0.2413252,-0.96494937,-0.51991165,0.46152765,-1.2948563,-0.37097436,1.1205786,-1.312454,0.29531595,0.14064093,-0.9255705,0.092690594,2.0137603,-1.3047452,0.0015502095,0.0019377619,-0.00030330187,0.010463915,-0.0054257335,0.0018198112,0.0,-0.005813286,-0.0012132075,0.0017439857,-0.0019377619,0.00060660375,nan,nan,nan,nan,nan,nan,nan,nan,nan,nan,nan,nan,nan,nan,nan,nan,nan,nan,nan,nan,nan,nan,nan,nan
nan,nan,nan,-0.103228286,-0.2402957,-0.96519524,-0.5188822,0.46207255,-1.2951405,-0.36788607,1.118762,-1.3122013,0.29595175,0.1375223,-0.9255705,0.09344754,2.0137603,-1.3045714,0.0011626572,0.0046506287,0.00020220123,0.008913705,-0.006007062,0.0012132075,0.0023253143,-0.0044568526,0.00010110062,0.0019377619,0.00077510474,0.0009099056,nan,nan,nan,nan,nan,nan,nan,nan,nan,nan,nan,nan,nan,nan,nan,nan,nan,nan,nan,nan,nan,nan,nan,nan
nan,nan,nan,-0.10317755,-0.23951529,-0.9653946,-0.5178528,0.4624359,-1.2954249,-0.36491886,1.1169454,-1.3119485,0.29743537,0.1367351,-0.9256177,0.09432558,2.0137603,-1.3043504,0.002131538,0.00019377618,0.00020220123,0.006200838,-0.005813286,0.0022242137,0.0025190904,0.0015502095,-0.0026286163,0.0044568526,-0.00038755237,0.0012132075,nan,nan,nan,nan,nan,nan,nan,nan,nan,nan,nan,nan,nan,nan,nan,nan,nan,nan,nan,nan,nan,nan,nan,nan
nan,nan,nan,-0.10318836,-0.2388008,-0.96557045,-0.5169142,0.46276897,-1.2957094,-0.36207277,1.1149774,-1.3117273,0.29870704,0.13643236,-0.9255705,0.09535504,2.013821,-1.3041134,0.0044568526,0.00038755237,-0.0021231133,0.004263076,-0.0073634954,0.0022242137,0.0015502095,0.00019377618,0.0017187105,0.0036817477,-0.0013564334,0.0010110063,nan,nan,nan,nan,nan,nan,nan,nan,nan,nan,nan,nan,nan,nan,nan,nan,nan,nan,nan,nan,nan,nan,nan,nan
nan,nan,nan,-0.1031445,-0.23817551,-0.9657296,-0.51603615,0.46307176,-1.2959621,-0.35886335,1.112979,-1.3115852,0.29949424,0.13634153,-0.92560196,0.09623308,2.0138512,-1.3038921,0.002131538,0.0025190904,-0.0010110063,0.011820348,-0.0056195096,0.0009099056,-0.0023253143,0.00096888095,-0.0010110063,0.0,0.00019377618,0.0015165093,nan,nan,nan,nan,nan,nan,nan,nan,nan,nan,nan,nan,nan,nan,nan,nan,nan,nan,nan,nan,nan,nan,nan,nan
nan,nan,nan,-0.10310347,-0.2377841,-0.96583045,-0.51537,0.46328372,-1.2961831,-0.35589615,1.1109505,-1.3114431,0.30006954,0.13631125,-0.9256177,0.0965964,2.013821,-1.3037183,0.0046506287,0.0015502095,-0.0028308174,0.0048444048,-0.006200838,0.0011121068,-0.0013564334,0.002131538,-0.0010110063,-0.002131538,-0.002906643,0.0016176099,nan,nan,nan,nan,nan,nan,nan,nan,nan,nan,nan,nan,nan,nan,nan,nan,nan,nan,nan,nan,nan,nan,nan,nan
nan,nan,nan,-0.10311201,-0.23746395,-0.9659083,-0.51497644,0.46340483,-1.296278,-0.35308036,1.1091337,-1.3113482,0.3004934,0.13622041,-0.92560196,0.09683863,2.0137906,-1.3036237,0.004263076,-0.00096888095,0.00050550315,0.008719929,-0.005813286,0.00030330187,0.00019377618,0.0019377619,0.00040440247,0.0015502095,-0.004263076,0.0,nan,nan,nan,nan,nan,nan,nan,nan,nan,nan,nan,nan,nan,nan,nan,nan,nan,nan,nan,nan,nan,nan,nan,nan
nan,nan,nan,-0.10311204,-0.23714359,-0.96598697,-0.51467365,0.46355623,-1.2964201,-0.350204,1.1073171,-1.3112376,0.30100814,0.13606901,-0.92560196,0.09717167,2.0138814,-1.303513,-0.0013564334,-0.0005813286,-0.0016176099,0.009107481,-0.0069759428,0.0010110063,0.00038755237,0.0013564334,0.0,0.0017439857,0.0023253143,0.0017187105,nan,nan,nan,nan,nan,nan,nan,nan,nan,nan,nan,nan,nan,nan,nan,nan,nan,nan,nan,nan,nan,nan,nan,nan
nan,nan,nan,-0.103112906,-0.23672119,-0.9660905,-0.51421946,0.46376818,-1.296515,-0.34732762,1.1058033,-1.3111744,0.3017045,0.13597818,-0.92560196,0.09759555,2.013821,-1.3034816,0.0017439857,0.00077510474,-0.0021231133,0.01065769,-0.0038755238,0.0,-0.0019377619,0.0,0.0,-0.0011626572,-0.002131538,-0.0012132075,nan,nan,nan,nan,nan,nan,nan,nan,nan,nan,nan,nan,nan,nan,nan,nan,nan,nan,nan,nan,nan,nan,nan,nan
nan,nan,nan,-0.10314901,-0.23640221,-0.9661647,-0.5138259,0.46394986,-1.2966256,-0.34420905,1.1044711,-1.3110955,0.30249175,0.13600846,-0.92560196,0.0979589,2.0138512,-1.3034024,-0.0017439857,0.0017439857,0.00010110062,0.007169719,-0.0036817477,0.00040440247,0.0019377619,0.0019377619,0.00030330187,0.00096888095,0.00077510474,-0.00010110062,nan,nan,nan,nan,nan,nan,nan,nan,nan,nan,nan,nan,nan,nan,nan,nan,nan,nan,nan,nan,nan,nan,nan,nan
nan,nan,nan,-0.10313015,-0.23601611,-0.96626115,-0.5132506,0.4641618,-1.2968152,-0.33960685,1.1027452,-1.3110006,0.30324867,0.1359479,-0.9256177,0.09838278,2.013821,-1.3033078,0.00038755237,-0.00019377618,-0.0017187105,0.009107481,-0.0034879714,0.0009099056,-0.0027128668,0.00038755237,-0.0017187105,-0.0013564334,-0.0019377619,0.00040440247,nan,nan,nan,nan,nan,nan,nan,nan,nan,nan,nan,nan,nan,nan,nan,nan,nan,nan,nan,nan,nan,nan,nan,nan
nan,nan,nan,-0.103148766,-0.23586622,-0.9662957,-0.51297814,0.46425265,-1.2968466,-0.33760852,1.1021397,-1.3110006,0.30361202,0.13588734,-0.9255862,0.09877638,2.013821,-1.3032603,0.0027128668,0.0,0.00010110062,0.008913705,-0.0013564334,-0.0012132075,-0.00077510474,0.0032941953,0.0012132075,0.002906643,-0.002131538,0.0010110063,nan,nan,nan,nan,nan,nan,nan,nan,nan,nan,nan,nan,nan,nan,nan,nan,nan,nan,nan,nan,nan,nan,nan,nan
nan,nan,nan,-0.10314467,-0.23534328,-0.9664237,-0.5125542,0.46440405,-1.296989,-0.33473217,1.1013525,-1.3109217,0.3042781,0.13573594,-0.92560196,0.09953333,2.0138512,-1.3031971,0.0019377619,0.003100419,-0.002931918,0.01375811,0.00096888095,-0.00030330187,0.0013564334,0.0019377619,-0.00040440247,0.0054257335,0.0,0.0016176099,nan,nan,nan,nan,nan,nan,nan,nan,nan,nan,nan,nan,nan,nan,nan,nan,nan,nan,nan,nan,nan,nan,nan,nan
nan,nan,nan,-0.10314438,-0.23453724,-0.9666196,-0.51188815,0.46470684,-1.2972574,-0.33121997,1.0999597,-1.3108742,0.30606446,0.13567539,-0.9255862,0.10044164,2.0138814,-1.3031182,0.0019377619,0.0017439857,-0.0019209118,0.0048444048,-0.0065883906,0.00010110062,0.0034879714,0.00019377618,-0.0010110063,0.0038755238,0.00077510474,-0.0012132075,nan,nan,nan,nan,nan,nan,nan,nan,nan,nan,nan,nan,nan,nan,nan,nan,nan,nan,nan,nan,nan,nan,nan,nan
nan,nan,nan,-0.10315701,-0.23409134,-0.96672636,-0.5114945,0.4649188,-1.2974627,-0.32882804,1.0991725,-1.310811,0.30712417,0.1356451,-0.92560196,0.10086555,2.0138814,-1.3030391,0.00077510474,0.0005813286,-0.00080880494,0.0096888095,-0.003100419,0.0021231133,0.0038755238,0.0,-0.0014154087,0.0013564334,0.00096888095,-0.00040440247,nan,nan,nan,nan,nan,nan,nan,nan,nan,nan,nan,nan,nan,nan,nan,nan,nan,nan,nan,nan,nan,nan,nan,nan
nan,nan,nan,-0.10324838,-0.23354656,-0.9668484,-0.51104033,0.46513063,-1.2976997,-0.32613334,1.0983852,-1.3107796,0.3079417,0.13561483,-0.92560196,0.10131971,2.0138512,-1.3029602,-0.00038755237,-0.00096888095,-0.0019209118,0.008719929,-0.005038181,0.0012132075,0.0017439857,0.00096888095,-0.0013143081,0.0,-0.0015502095,0.00080880494,nan,nan,nan,nan,nan,nan,nan,nan,nan,nan,nan,nan,nan,nan,nan,nan,nan,nan,nan,nan,nan,nan,nan,nan
nan,nan,nan,-0.10327845,-0.23284344,-0.96701473,-0.51037425,0.46552426,-1.2980156,-0.32289365,1.0973861,-1.3107164,0.3093647,0.13540287,-0.9255705,0.10247026,2.0138814,-1.3027864,0.002906643,0.00096888095,-0.0018198112,0.008719929,-0.0048444048,0.0,0.003100419,-0.003100419,0.00030330187,0.0048444048,-0.0019377619,0.0010110063,nan,nan,nan,nan,nan,nan,nan,nan,nan,nan,nan,nan,nan,nan,nan,nan,nan,nan,nan,nan,nan,nan,nan,nan
nan,nan,nan,-0.10329395,-0.23153533,-0.9673271,-0.50943565,0.4661904,-1.298379,-0.318897,1.0961447,-1.3106058,0.31099972,0.13543315,-0.9255862,0.104317166,2.0140026,-1.302439,0.0032941953,0.0048444048,-0.0026286163,0.0081386,-0.004263076,-0.00020220123,0.002906643,0.0036817477,-0.0010110063,0.0013564334,0.0,0.002426415,nan,nan,nan,nan,nan,nan,nan,nan,nan,nan,nan,nan,nan,nan,nan,nan,nan,nan,nan,nan,nan,nan,nan,nan
nan,nan,nan,-0.103300855,-0.23117237,-0.9674132,-0.5090723,0.4664628,-1.298521,-0.31668675,1.0955998,-1.310574,0.3115144,0.13543315,-0.9255862,0.104710795,2.0139723,-1.3021703,0.00038755237,0.0054257335,-0.0011121068,0.015308319,-0.0027128668,0.00050550315,0.0013564334,0.0025190904,-0.0010110063,-0.0023253143,-0.0025190904,0.0012132075,nan,nan,nan,nan,nan,nan,nan,nan,nan,nan,nan,nan,nan,nan,nan,nan,nan,nan,nan,nan,nan,nan,nan,nan
nan,nan,nan,-0.10333165,-0.23063956,-0.96753705,-0.50834566,0.46676558,-1.2987266,-0.31341678,1.0946308,-1.3104951,0.31230167,0.13543315,-0.9255862,0.10513467,2.0139723,-1.3015385,0.0044568526,0.003100419,-0.00020220123,0.0077510476,-0.0027128668,0.0012132075,0.00019377618,0.00019377618,-0.00080880494,-0.002906643,-0.0015502095,0.0021231133,nan,nan,nan,nan,nan,nan,nan,nan,nan,nan,nan,nan,nan,nan,nan,nan,nan,nan,nan,nan,nan,nan,nan,nan
nan,nan,nan,-0.10333053,-0.23019525,-0.96764296,-0.5078915,0.46700782,-1.2989161,-0.31008625,1.0937527,-1.3104477,0.31320998,0.1353726,-0.9255545,0.10558883,2.0140026,-1.301017,0.0011626572,0.0019377619,-0.00020220123,0.009107481,-0.002906643,0.00040440247,0.0034879714,0.0,0.0015165093,-0.0019377619,0.0,0.0010110063,nan,nan,nan,nan,nan,nan,nan,nan,nan,nan,nan,nan,nan,nan,nan,nan,nan,nan,nan,nan,nan,nan,nan,nan
nan,nan,nan,-0.10330289,-0.22959398,-0.96778876,-0.5073768,0.46721977,-1.2990899,-0.306786,1.0926628,-1.310353,0.3142394,0.13534231,-0.9255862,0.10643662,2.0140328,-1.3005748,0.0011626572,0.0015502095,-0.00040440247,0.008332376,-0.0065883906,0.0013143081,0.00019377618,0.0017439857,-0.0016176099,0.0032941953,0.0,0.0021231133,nan,nan,nan,nan,nan,nan,nan,nan,nan,nan,nan,nan,nan,nan,nan,nan,nan,nan,nan,nan,nan,nan,nan,nan
nan,nan,nan,-0.10330273,-0.22885084,-0.96796477,-0.5068923,0.46752256,-1.2993109,-0.30378854,1.0913305,-1.3102741,0.31526884,0.1353726,-0.9255705,0.10734493,2.0140631,-1.2999744,0.0023253143,0.00077510474,0.00020220123,0.008526152,-0.0065883906,0.0015165093,0.0023253143,0.00077510474,0.00050550315,-0.0011626572,0.0011626572,0.0020220126,nan,nan,nan,nan,nan,nan,nan,nan,nan,nan,nan,nan,nan,nan,nan,nan,nan,nan,nan,nan,nan,nan,nan,nan
nan,nan,nan,-0.10330803,-0.22843145,-0.9680633,-0.50655925,0.4677648,-1.2995954,-0.3010333,1.0899075,-1.310211,0.31593493,0.13540287,-0.9255705,0.1080716,2.0140328,-1.2993901,0.0027128668,0.00077510474,-0.0010110063,0.0096888095,-0.002906643,0.00040440247,0.0,0.0019377619,0.0,0.0,0.0,0.0016176099,nan,nan,nan,nan,nan,nan,nan,nan,nan,nan,nan,nan,nan,nan,nan,nan,nan,nan,nan,nan,nan,nan,nan,nan
nan,nan,nan,-0.10334366,-0.22805083,-0.96814924,-0.50622624,0.46794647,-1.2998323,-0.2981872,1.0881212,-1.3101318,0.3165708,0.13534231,-0.9255705,0.1086166,2.0140631,-1.2990742,0.00019377618,0.0013564334,-0.0016176099,0.009882586,-0.0073634954,0.00010110062,0.002906643,0.0011626572,0.0,-0.00077510474,-0.0023253143,0.0010110063,nan,nan,nan,nan,nan,nan,nan,nan,nan,nan,nan,nan,nan,nan,nan,nan,nan,nan,nan,nan,nan,nan,nan,nan
nan,nan,nan,-0.103339404,-0.22757982,-0.9682605,-0.50577205,0.46815842,-1.3000376,-0.29543194,1.0863045,-1.3100686,0.31723687,0.13531204,-0.9255705,0.10916159,2.014154,-1.2988687,0.0054257335,0.0036817477,-0.002426415,0.007169719,-0.0075572715,0.0010110063,-0.0013564334,0.003100419,-0.0010110063,0.0,-0.0017439857,0.0015165093,nan,nan,nan,nan,nan,nan,nan,nan,nan,nan,nan,nan,nan,nan,nan,nan,nan,nan,nan,nan,nan,nan,nan,nan
nan,nan,nan,-0.10332038,-0.22707084,-0.968382,-0.5052876,0.46837038,-1.3002272,-0.29270697,1.0843668,-1.309974,0.3179333,0.13534231,-0.9255705,0.10967631,2.0141842,-1.2987108,0.0073634954,0.002906643,-0.0018198112,0.010270138,-0.0054257335,0.0010110063,0.0048444048,0.00019377618,-0.00060660375,-0.0023253143,0.00019377618,-0.00060660375,nan,nan,nan,nan,nan,nan,nan,nan,nan,nan,nan,nan,nan,nan,nan,nan,nan,nan,nan,nan,nan,nan,nan,nan
nan,nan,nan,-0.103317834,-0.226749,-0.9684577,-0.5047729,0.46852177,-1.300401,-0.28940672,1.0820657,-1.3098948,0.31829658,0.1353726,-0.9255862,0.11028186,2.0141842,-1.2983949,0.005813286,-0.00019377618,0.0,0.011820348,-0.006007062,0.0017187105,0.0005813286,0.00038755237,-0.0013143081,0.0013564334,0.00096888095,0.0013143081,nan,nan,nan,nan,nan,nan,nan,nan,nan,nan,nan,nan,nan,nan,nan,nan,nan,nan,nan,nan,nan,nan,nan,nan
nan,nan,nan,-0.10331377,-0.226541,-0.9685068,-0.5043187,0.46855205,-1.3005431,-0.2860459,1.079916,-1.3098476,0.31847826,0.13534231,-0.9255545,0.11082686,2.0141842,-1.2981422,0.003100419,0.0015502095,-0.0010110063,0.0046506287,-0.0067821667,0.00060660375,-0.0017439857,0.0015502095,0.00070770434,0.0011626572,0.0,-0.00060660375,nan,nan,nan,nan,nan,nan,nan,nan,nan,nan,nan,nan,nan,nan,nan,nan,nan,nan,nan,nan,nan,nan,nan,nan
nan,nan,nan,-0.10325036,-0.22629213,-0.9685717,-0.50389487,0.46858233,-1.3006222,-0.28341174,1.0783718,-1.3097844,0.31875077,0.13531204,-0.9255545,0.111311294,2.014275,-1.2978735,0.0025190904,0.0019377619,-0.0018198112,0.008913705,-0.006007062,0.0010110063,-0.0005813286,0.0025190904,0.00050550315,0.0,0.00096888095,0.00040440247,nan,nan,nan,nan,nan,nan,nan,nan,nan,nan,nan,nan,nan,nan,nan,nan,nan,nan,nan,nan,nan,nan,nan,nan
nan,nan,nan,-0.10322426,-0.22586735,-0.9686737,-0.50334984,0.4686429,-1.3007329,-0.28041428,1.0768276,-1.3097527,0.31905356,0.13534231,-0.9255862,0.11173517,2.014275,-1.2975261,0.0015502095,0.00038755237,-0.0010110063,0.008719929,-0.0040693,-0.00030330187,-0.0019377619,0.002906643,-0.0019209118,-0.0019377619,-0.0005813286,0.0023253143,nan,nan,nan,nan,nan,nan,nan,nan,nan,nan,nan,nan,nan,nan,nan,nan,nan,nan,nan,nan,nan,nan,nan,nan
nan,nan,nan,-0.103263706,-0.22557896,-0.96873665,-0.5026232,0.4686429,-1.3008592,-0.27656904,1.0746174,-1.3097053,0.3193563,0.1353726,-0.9255705,0.11194713,2.0142448,-1.2973206,0.0013564334,-0.00038755237,-0.0010110063,0.0073634954,-0.005813286,-0.0016176099,-0.0013564334,-0.0013564334,0.00040440247,-0.002906643,-0.002906643,0.0013143081,nan,nan,nan,nan,nan,nan,nan,nan,nan,nan,nan,nan,nan,nan,nan,nan,nan,nan,nan,nan,nan,nan,nan,nan
nan,nan,nan,-0.103298835,-0.22549601,-0.96875226,-0.50210845,0.4686429,-1.3009064,-0.2737835,1.0732247,-1.3096263,0.3194774,0.13531204,-0.9255705,0.11206821,2.014275,-1.297226,0.0025190904,0.0,-0.00070770434,0.006200838,-0.004263076,0.00050550315,-0.0011626572,-0.0019377619,0.00010110062,-0.0015502095,-0.0019377619,0.0010110063,nan,nan,nan,nan,nan,nan,nan,nan,nan,nan,nan,nan,nan,nan,nan,nan,nan,nan,nan,nan,nan,nan,nan,nan
nan,nan,nan,-0.103302725,-0.22513968,-0.9688347,-0.5014424,0.46867317,-1.3009539,-0.27117962,1.0715896,-1.3095789,0.32002243,0.13531204,-0.9255705,0.112340726,2.014275,-1.2971785,0.0034879714,0.0019377619,-0.00070770434,0.009107481,-0.0054257335,0.0010110063,0.0027128668,-0.00077510474,0.00030330187,0.00096888095,-0.0036817477,0.0010110063,nan,nan,nan,nan,nan,nan,nan,nan,nan,nan,nan,nan,nan,nan,nan,nan,nan,nan,nan,nan,nan,nan,nan,nan
nan,nan,nan,-0.10333165,-0.22480308,-0.9689098,-0.50083685,0.4686429,-1.3010013,-0.26915103,1.0706208,-1.3095789,0.32047656,0.13540287,-0.9255862,0.112401284,2.0143054,-1.2971468,0.006200838,0.0019377619,-0.0012132075,0.0081386,-0.0067821667,0.00080880494,0.00096888095,0.0038755238,-0.0012132075,-0.0027128668,-0.00019377618,-0.00050550315,nan,nan,nan,nan,nan,nan,nan,nan,nan,nan,nan,nan,nan,nan,nan,nan,nan,nan,nan,nan,nan,nan,nan,nan
nan,nan,nan,-0.10336263,-0.22451948,-0.9689722,-0.49998903,0.4686429,-1.3010802,-0.26606274,1.0690463,-1.3095317,0.3211427,0.13540287,-0.9255862,0.11249212,2.014275,-1.2971311,0.0027128668,-0.00038755237,-0.0010110063,0.0075572715,-0.0054257335,0.0012132075,0.0025190904,-0.00096888095,-0.0010110063,-0.0040693,-0.0019377619,-0.00060660375,nan,nan,nan,nan,nan,nan,nan,nan,nan,nan,nan,nan,nan,nan,nan,nan,nan,nan,nan,nan,nan,nan,nan,nan
nan,nan,nan,-0.10332193,-0.22427744,-0.9690326,-0.49938348,0.4686429,-1.3011119,-0.26309553,1.0677141,-1.3095317,0.32159683,0.1353726,-0.9255862,0.11264349,2.0143054,-1.2970996,0.0017439857,0.0013564334,-0.0021231133,0.009882586,-0.0044568526,-0.00040440247,0.0032941953,-0.002131538,-0.0013143081,-0.00038755237,0.0005813286,0.00060660375,nan,nan,nan,nan,nan,nan,nan,nan,nan,nan,nan,nan,nan,nan,nan,nan,nan,nan,nan,nan,nan,nan,nan,nan
nan,nan,nan,-0.10335635,-0.22388309,-0.96912014,-0.4988082,0.46870345,-1.3011277,-0.2600678,1.0665333,-1.3095,0.32214186,0.13540287,-0.9255705,0.11294628,2.0143054,-1.2970836,0.0044568526,0.0052319574,-0.00010110062,0.009107481,-0.004263076,0.00020220123,0.0027128668,0.0046506287,0.00020220123,-0.0025190904,-0.0011626572,-0.00010110062,nan,nan,nan,nan,nan,nan,nan,nan,nan,nan,nan,nan,nan,nan,nan,nan,nan,nan,nan,nan,nan,nan,nan,nan
nan,nan,nan,-0.103399366,-0.22334412,-0.9692399,-0.49817237,0.468764,-1.3012066,-0.2569189,1.0651102,-1.3094842,0.32283822,0.13540287,-0.9255862,0.1133096,2.0143054,-1.2970364,0.002131538,0.003100419,0.0,0.008719929,-0.0038755238,-0.00030330187,-0.0019377619,0.00038755237,-0.0010110063,0.0,0.00096888095,0.0010110063,nan,nan,nan,nan,nan,nan,nan,nan,nan,nan,nan,nan,nan,nan,nan,nan,nan,nan,nan,nan,nan,nan,nan,nan
nan,nan,nan,-0.10336539,-0.22301723,-0.9693188,-0.4975063,0.46882457,-1.3013015,-0.25349754,1.0634147,-1.3094525,0.3234438,0.13549371,-0.9255862,0.113460995,2.0143054,-1.2969732,0.002906643,0.0046506287,-0.0009099056,0.009882586,-0.0048444048,-0.00050550315,0.0013564334,0.004263076,-0.00080880494,-0.0019377619,0.0023253143,0.00010110062,nan,nan,nan,nan,nan,nan,nan,nan,nan,nan,nan,nan,nan,nan,nan,nan,nan,nan,nan,nan,nan,nan,nan,nan
nan,nan,nan,-0.10335899,-0.22287868,-0.96935135,-0.4970521,0.46882457,-1.3013804,-0.25053036,1.0617495,-1.3094368,0.32368597,0.13540287,-0.9255862,0.11358211,2.014275,-1.2968783,0.00077510474,0.0054257335,-0.0011121068,0.0073634954,-0.0038755238,-0.00040440247,-0.0019377619,-0.0023253143,-0.0012132075,0.0,-0.0005813286,-0.00040440247,nan,nan,nan,nan,nan,nan,nan,nan,nan,nan,nan,nan,nan,nan,nan,nan,nan,nan,nan,nan,nan,nan,nan,nan
nan,nan,nan,-0.10335344,-0.22247788,-0.969444,-0.49635574,0.4687943,-1.3014436,-0.247109,1.0595089,-1.3094051,0.32435212,0.13540287,-0.9255705,0.114157386,2.014275,-1.2968152,0.0017439857,0.0019377619,0.00010110062,0.009495033,-0.005038181,0.0011121068,0.0013564334,0.002906643,0.0,-0.0015502095,-0.0034879714,-0.00050550315,nan,nan,nan,nan,nan,nan,nan,nan,nan,nan,nan,nan,nan,nan,nan,nan,nan,nan,nan,nan,nan,nan,nan,nan
nan,nan,nan,-0.103356645,-0.22208185,-0.96953446,-0.49584103,0.46882457,-1.3015225,-0.2452015,1.0580254,-1.3093894,0.32504848,0.13543315,-0.9255705,0.114581265,2.0143054,-1.2967362,0.0011626572,-0.00019377618,-0.00070770434,0.006007062,-0.006200838,0.00050550315,0.0005813286,0.0017439857,0.00020220123,0.00019377618,0.00038755237,0.00080880494,nan,nan,nan,nan,nan,nan,nan,nan,nan,nan,nan,nan,nan,nan,nan,nan,nan,nan,nan,nan,nan,nan,nan,nan
nan,nan,nan,-0.10340715,-0.22138359,-0.9696888,-0.49481156,0.46894568,-1.3016963,-0.24105349,1.0553912,-1.3093579,0.32601735,0.13549371,-0.9255705,0.1152171,2.014275,-1.2966256,0.002131538,0.00019377618,-0.00030330187,0.0077510476,-0.002906643,0.0012132075,-0.0017439857,0.002131538,0.00060660375,0.0015502095,-0.00096888095,0.0010110063,nan,nan,nan,nan,nan,nan,nan,nan,nan,nan,nan,nan,nan,nan,nan,nan,nan,nan,nan,nan,nan,nan,nan,nan
nan,nan,nan,-0.10340748,-0.2212907,-0.96970993,-0.49462992,0.46897596,-1.3017437,-0.24029657,1.0549976,-1.3093579,0.32616875,0.13546343,-0.9255705,0.11536846,2.014275,-1.2966099,0.0013564334,0.0011626572,-0.0016176099,0.01065769,-0.0040693,0.00060660375,0.0015502095,0.0,0.00050550315,0.0044568526,-0.0025190904,-0.00030330187,nan,nan,nan,nan,nan,nan,nan,nan,nan,nan,nan,nan,nan,nan,nan,nan,nan,nan,nan,nan,nan,nan,nan,nan
nan,nan,nan,-0.103438236,-0.22098811,-0.9697756,-0.4939638,0.46897596,-1.3018544,-0.23742017,1.0536048,-1.3093579,0.32650182,0.13540287,-0.9255705,0.11579237,2.0143356,-1.2964993,0.006007062,0.0013564334,-0.00010110062,0.010851467,-0.0046506287,-0.00010110062,-0.0019377619,0.00019377618,0.00030330187,0.0013564334,0.0013564334,-0.00010110062,nan,nan,nan,nan,nan,nan,nan,nan,nan,nan,nan,nan,nan,nan,nan,nan,nan,nan,nan,nan,nan,nan,nan,nan
nan,nan,nan,-0.103482194,-0.22042418,-0.9698993,-0.49308577,0.46903652,-1.3019807,-0.23396853,1.0521514,-1.3093419,0.32719818,0.13546343,-0.9255862,0.11630709,2.0143356,-1.2963886,0.003100419,0.0023253143,0.0,0.008526152,-0.0038755238,0.0,0.0,0.0017439857,-0.0011121068,0.00077510474,-0.00077510474,-0.00010110062,nan,nan,nan,nan,nan,nan,nan,nan,nan,nan,nan,nan,nan,nan,nan,nan,nan,nan,nan,nan,nan,nan,nan,nan
nan,nan,nan,-0.103473656,-0.22016798,-0.96995836,-0.49254075,0.4690668,-1.3021071,-0.23178855,1.0513036,-1.3093419,0.32753125,0.13552399,-0.9255705,0.11645845,2.014275,-1.2962937,0.0025190904,0.0019377619,-0.0020220126,0.0065883906,-0.0046506287,-0.0010110063,0.0011626572,0.0027128668,0.00020220123,0.0,-0.0025190904,0.00050550315,nan,nan,nan,nan,nan,nan,nan,nan,nan,nan,nan,nan,nan,nan,nan,nan,nan,nan,nan,nan,nan,nan,nan,nan
nan,nan,nan,-0.10350464,-0.21998285,-0.9699971,-0.49187467,0.46903652,-1.302186,-0.22866997,1.0503651,-1.3093104,0.32771292,0.13552399,-0.9255705,0.11651901,2.014275,-1.2961202,0.0038755238,0.0,-0.0010110063,0.009495033,-0.0023253143,0.0010110063,-0.00019377618,-0.00038755237,0.00040440247,0.0,-0.0015502095,-0.00060660375,nan,nan,nan,nan,nan,nan,nan,nan,nan,nan,nan,nan,nan,nan,nan,nan,nan,nan,nan,nan,nan,nan,nan,nan
nan,nan,nan,-0.1034985,-0.21977152,-0.9700456,-0.49132967,0.46900624,-1.3022177,-0.22567251,1.0493962,-1.3093104,0.328046,0.13546343,-0.9255862,0.1168218,2.0143054,-1.2959621,0.0044568526,-0.00096888095,-0.00010110062,0.010076362,-0.0019377619,-0.00050550315,0.0,-0.00019377618,-0.0010110063,-0.00038755237,-0.00019377618,0.0015165093,nan,nan,nan,nan,nan,nan,nan,nan,nan,nan,nan,nan,nan,nan,nan,nan,nan,nan,nan,nan,nan,nan,nan,nan
nan,nan,nan,-0.103485964,-0.21937606,-0.97013646,-0.4907544,0.46909708,-1.3022809,-0.22267506,1.0484273,-1.3092947,0.32871208,0.13546343,-0.9255862,0.11727596,2.0143054,-1.2958832,0.003100419,0.0038755238,-0.00010110062,0.008913705,-0.0025190904,0.0010110063,-0.00096888095,-0.0005813286,-0.0009099056,0.00096888095,-0.00077510474,0.0014154087,nan,nan,nan,nan,nan,nan,nan,nan,nan,nan,nan,nan,nan,nan,nan,nan,nan,nan,nan,nan,nan,nan,nan,nan
nan,nan,nan,-0.10352081,-0.21892257,-0.9702352,-0.49017912,0.46912736,-1.3023598,-0.21991977,1.047519,-1.3093104,0.32934788,0.13555427,-0.92560196,0.117518164,2.014275,-1.29582,0.004263076,0.00019377618,-0.0013143081,0.005813286,-0.0048444048,-0.0009099056,-0.0005813286,0.0019377619,-0.0015165093,0.0,-0.0019377619,0.00070770434,nan,nan,nan,nan,nan,nan,nan,nan,nan,nan,nan,nan,nan,nan,nan,nan,nan,nan,nan,nan,nan,nan,nan,nan
nan,nan,nan,-0.10350569,-0.21871091,-0.9702845,-0.48969468,0.46915764,-1.3024073,-0.21683148,1.0468227,-1.3092787,0.3297415,0.13561483,-0.9255862,0.11769984,2.0143054,-1.2957411,-0.0005813286,0.002131538,0.00080880494,0.007944824,-0.003100419,0.00060660375,-0.00077510474,0.0048444048,-0.00060660375,0.00019377618,0.0013564334,-0.0017187105,nan,nan,nan,nan,nan,nan,nan,nan,nan,nan,nan,nan,nan,nan,nan,nan,nan,nan,nan,nan,nan,nan,nan,nan
nan,nan,nan,-0.10348459,-0.21847552,-0.97033983,-0.48908913,0.46915764,-1.302423,-0.21401563,1.0459749,-1.309263,0.33016542,0.13552399,-0.9255705,0.11806319,2.0143054,-1.2956777,0.004263076,0.0013564334,0.0009099056,0.0081386,-0.002906643,0.00080880494,0.0038755238,0.0019377619,0.00010110062,0.0017439857,0.0,0.0010110063,nan,nan,nan,nan,nan,nan,nan,nan,nan,nan,nan,nan,nan,nan,nan,nan,nan,nan,nan,nan,nan,nan,nan,nan
nan,nan,nan,-0.10350391,-0.21800634,-0.9704433,-0.48848358,0.4692182,-1.3024862,-0.21113929,1.0449756,-1.3092787,0.33080122,0.13549371,-0.9255862,0.11872927,2.0143054,-1.2956462,0.0038755238,0.0023253143,-0.00040440247,0.010270138,-0.0032941953,-0.00050550315,0.0011626572,0.0,-0.00050550315,0.0005813286,-0.0015502095,0.0,nan,nan,nan,nan,nan,nan,nan,nan,nan,nan,nan,nan,nan,nan,nan,nan,nan,nan,nan,nan,nan,nan,nan,nan
nan,nan,nan,-0.10353659,-0.21752398,-0.97054803,-0.4879083,0.46927875,-1.3025651,-0.20823267,1.0439765,-1.309263,0.33152786,0.13555427,-0.9255862,0.11921371,2.0143054,-1.2956145,0.0015502095,0.0027128668,-0.00060660375,0.0044568526,-0.0046506287,0.0010110063,0.0,-0.00096888095,-0.0010110063,0.0013564334,0.0,0.00020220123,nan,nan,nan,nan,nan,nan,nan,nan,nan,nan,nan,nan,nan,nan,nan,nan,nan,nan,nan,nan,nan,nan,nan,nan
nan,nan,nan,-0.10353306,-0.217207,-0.9706194,-0.4873633,0.4693393,-1.3026125,-0.20508376,1.0430984,-1.3092473,0.33231512,0.13552399,-0.9255705,0.1195165,2.014275,-1.2955987,0.002906643,0.002906643,0.0,0.0077510476,-0.0019377619,0.0010110063,-0.003100419,-0.0036817477,0.00050550315,0.0023253143,-0.0023253143,0.0010110063,nan,nan,nan,nan,nan,nan,nan,nan,nan,nan,nan,nan,nan,nan,nan,nan,nan,nan,nan,nan,nan,nan,nan,nan
nan,nan,nan,-0.10359036,-0.21687742,-0.970687,-0.48687887,0.46943015,-1.3026757,-0.2019349,1.0421902,-1.3092473,0.33322343,0.13549371,-0.9255705,0.11981926,2.014275,-1.2955673,0.0034879714,0.0036817477,0.00020220123,0.008719929,-0.0046506287,-0.00080880494,0.003100419,-0.0025190904,0.0,0.0,-0.002131538,0.0,nan,nan,nan,nan,nan,nan,nan,nan,nan,nan,nan,nan,nan,nan,nan,nan,nan,nan,nan,nan,nan,nan,nan,nan
nan,nan,nan,-0.103629835,-0.21630831,-0.97080976,-0.48636416,0.46958143,-1.3027389,-0.19917968,1.0411607,-1.3092155,0.3340409,0.13549371,-0.9255862,0.12033398,2.0143054,-1.2955198,0.0054257335,0.003100419,-0.0014154087,0.008719929,-0.0032941953,0.0012132075,0.0,0.00019377618,-0.0013143081,0.0017439857,-0.0019377619,0.00010110062,nan,nan,nan,nan,nan,nan,nan,nan,nan,nan,nan,nan,nan,nan,nan,nan,nan,nan,nan,nan,nan,nan,nan,nan
nan,nan,nan,-0.1036642,-0.21568803,-0.9709441,-0.4857586,0.46979338,-1.3028653,-0.19615188,1.040101,-1.3092155,0.33500978,0.13561483,-0.9255862,0.12063677,2.0142448,-1.2954881,0.0019377619,0.0036817477,-0.0013143081,0.0073634954,-0.0036817477,0.0011121068,0.003100419,0.0040693,-0.0010110063,-0.0011626572,-0.0046506287,0.00040440247,nan,nan,nan,nan,nan,nan,nan,nan,nan,nan,nan,nan,nan,nan,nan,nan,nan,nan,nan,nan,nan,nan,nan,nan
nan,nan,nan,-0.10367551,-0.21530803,-0.9710272,-0.4850925,0.46994478,-1.3030076,-0.1931847,1.0388596,-1.3092315,0.33564565,0.13561483,-0.9255862,0.12087897,2.0142448,-1.2954409,0.00038755237,0.0013564334,-0.0010110063,0.008332376,-0.0073634954,-0.00060660375,0.0005813286,-0.00077510474,-0.0013143081,0.0015502095,-0.0025190904,0.00040440247,nan,nan,nan,nan,nan,nan,nan,nan,nan,nan,nan,nan,nan,nan,nan,nan,nan,nan,nan,nan,nan,nan,nan,nan
nan,nan,nan,-0.103728846,-0.21506304,-0.97107583,-0.48457778,0.46997505,-1.3031023,-0.1906111,1.0376486,-1.3091998,0.33609977,0.13561483,-0.9255705,0.12106065,2.014275,-1.2953935,0.00077510474,0.0019377619,0.00020220123,0.0069759428,-0.0046506287,0.0010110063,0.002131538,0.0027128668,0.0,0.0,-0.00038755237,0.0013143081,nan,nan,nan,nan,nan,nan,nan,nan,nan,nan,nan,nan,nan,nan,nan,nan,nan,nan,nan,nan,nan,nan,nan,nan
nan,nan,nan,-0.103739336,-0.21463549,-0.9711693,-0.48388138,0.4700356,-1.3032603,-0.1876742,1.0360136,-1.3091683,0.33670536,0.13555427,-0.9255545,0.121545084,2.0143054,-1.2953618,0.0036817477,0.0025190904,-0.0026286163,0.0056195096,-0.0048444048,0.0022242137,-0.00019377618,0.0015502095,0.00030330187,0.0013564334,0.0005813286,0.0021231133,nan,nan,nan,nan,nan,nan,nan,nan,nan,nan,nan,nan,nan,nan,nan,nan,nan,nan,nan,nan,nan,nan,nan,nan
nan,nan,nan,-0.10376824,-0.21405835,-0.97129357,-0.48327583,0.47015673,-1.3034024,-0.18504009,1.034318,-1.3091841,0.33752283,0.13558455,-0.9255705,0.12199926,2.014275,-1.2953303,0.0067821667,0.0019377619,-0.0015165093,0.0069759428,-0.0032941953,-0.00020220123,0.0027128668,-0.00038755237,-0.00060660375,-0.0017439857,0.0,0.0011121068,nan,nan,nan,nan,nan,nan,nan,nan,nan,nan,nan,nan,nan,nan,nan,nan,nan,nan,nan,nan,nan,nan,nan,nan
nan,nan,nan,-0.10372845,-0.21343562,-0.97143483,-0.48242807,0.47039896,-1.3037026,-0.18052873,1.0311995,-1.3091683,0.33827975,0.1356451,-0.9255705,0.12260481,2.014275,-1.2952828,0.0069759428,0.0015502095,-0.0015165093,0.0081386,-0.005038181,0.0010110063,-0.00038755237,-0.00038755237,0.0,0.00096888095,0.00077510474,0.002426415,nan,nan,nan,nan,nan,nan,nan,nan,nan,nan,nan,nan,nan,nan,nan,nan,nan,nan,nan,nan,nan,nan,nan,nan
nan,nan,nan,-0.103743166,-0.21321285,-0.97148216,-0.48212528,0.4704898,-1.3037972,-0.17774317,1.0296249,-1.3091524,0.33855227,0.13558455,-0.9255705,0.12290759,2.0143054,-1.2952828,0.005813286,0.004263076,-0.0013143081,0.008526152,-0.0032941953,0.0012132075,0.00096888095,-0.002131538,-0.00010110062,0.0,0.0027128668,0.0010110063,nan,nan,nan,nan,nan,nan,nan,nan,nan,nan,nan,nan,nan,nan,nan,nan,nan,nan,nan,nan,nan,nan,nan,nan
nan,nan,nan,-0.103741325,-0.21295922,-0.971538,-0.4818528,0.47052008,-1.3038921,-0.1752604,1.0278991,-1.3091524,0.33891562,0.1356451,-0.9255705,0.123331465,2.014275,-1.2952671,-0.00019377618,0.00019377618,0.0009099056,0.011820348,-0.0046506287,0.0013143081,-0.0005813286,0.0044568526,-0.00050550315,0.0,-0.002131538,0.00040440247,nan,nan,nan,nan,nan,nan,nan,nan,nan,nan,nan,nan,nan,nan,nan,nan,nan,nan,nan,nan,nan,nan,nan,nan
nan,nan,nan,-0.10372709,-0.2125165,-0.9716365,-0.48136836,0.47070163,-1.304066,-0.17229322,1.0259917,-1.3091366,0.33949086,0.13561483,-0.9255862,0.12375534,2.014275,-1.2952197,0.0019377619,0.0027128668,-0.002426415,0.010463915,-0.0065883906,0.0019209118,0.0005813286,-0.00077510474,-0.0016176099,0.00077510474,-0.0011626572,0.0018198112,nan,nan,nan,nan,nan,nan,nan,nan,nan,nan,nan,nan,nan,nan,nan,nan,nan,nan,nan,nan,nan,nan,nan,nan
nan,nan,nan,-0.10379077,-0.2121776,-0.9717037,-0.48097473,0.47082275,-1.3041606,-0.16917464,1.0240842,-1.3091366,0.34012672,0.1356451,-0.9255862,0.12393702,2.014275,-1.2952039,0.00096888095,0.0,0.00030330187,0.007169719,-0.005038181,0.0010110063,-0.0017439857,-0.0011626572,-0.0010110063,0.0,0.00077510474,-0.00060660375,nan,nan,nan,nan,nan,nan,nan,nan,nan,nan,nan,nan,nan,nan,nan,nan,nan,nan,nan,nan,nan,nan,nan,nan
nan,nan,nan,-0.10381082,-0.21195337,-0.9717505,-0.4806114,0.47094387,-1.3042555,-0.1661469,1.0224795,-1.3091209,0.34073225,0.1356451,-0.9255705,0.12405812,2.0142448,-1.2952197,0.0019377619,0.0027128668,-0.00020220123,0.0075572715,-0.0052319574,0.0019209118,0.00038755237,-0.0017439857,-0.00020220123,-0.0032941953,-0.00019377618,0.00030330187,nan,nan,nan,nan,nan,nan,nan,nan,nan,nan,nan,nan,nan,nan,nan,nan,nan,nan,nan,nan,nan,nan,nan,nan
nan,nan,nan,-0.10386757,-0.2116579,-0.97180885,-0.48030865,0.4710347,-1.3043501,-0.16311911,1.0208747,-1.3091209,0.34133777,0.1356451,-0.9255545,0.124451734,2.014275,-1.2952039,0.0005813286,0.0,-0.0025275154,0.008913705,-0.0038755238,0.0009099056,0.0011626572,0.00019377618,0.00040440247,0.00038755237,-0.00019377618,-0.00060660375,nan,nan,nan,nan,nan,nan,nan,nan,nan,nan,nan,nan,nan,nan,nan,nan,nan,nan,nan,nan,nan,nan,nan,nan
nan,nan,nan,-0.103869624,-0.21107727,-0.9719349,-0.47991502,0.47124666,-1.3044133,-0.16006109,1.0194215,-1.3090892,0.34206447,0.13567539,-0.9255705,0.12487561,2.014275,-1.2951565,0.0023253143,0.0,-0.0010110063,0.007169719,-0.006200838,0.00040440247,-0.0017439857,0.0025190904,-0.0010110063,0.0,0.00096888095,0.0022242137,nan,nan,nan,nan,nan,nan,nan,nan,nan,nan,nan,nan,nan,nan,nan,nan,nan,nan,nan,nan,nan,nan,nan,nan
nan,nan,nan,-0.10390707,-0.21076117,-0.9719995,-0.47964254,0.4714586,-1.3045082,-0.15742692,1.0183012,-1.3090892,0.3426397,0.13570566,-0.9255705,0.1251481,2.0142448,-1.2951565,0.0011626572,0.0025190904,0.00040440247,0.010463915,-0.0036817477,0.0,-0.00038755237,0.0019377619,-0.00070770434,0.00096888095,-0.0019377619,0.00050550315,nan,nan,nan,nan,nan,nan,nan,nan,nan,nan,nan,nan,nan,nan,nan,nan,nan,nan,nan,nan,nan,nan,nan,nan
nan,nan,nan,-0.10393801,-0.21058865,-0.9720336,-0.47946087,0.47157973,-1.3046188,-0.15461114,1.0169992,-1.3090577,0.34303334,0.13570566,-0.9255705,0.1252995,2.0142448,-1.2951248,0.00038755237,0.002131538,0.0,0.011045244,-0.0034879714,0.0010110063,0.00077510474,0.0023253143,-0.0010110063,0.00077510474,0.0,0.00070770434,nan,nan,nan,nan,nan,nan,nan,nan,nan,nan,nan,nan,nan,nan,nan,nan,nan,nan,nan,nan,nan,nan,nan,nan
nan,nan,nan,-0.10398459,-0.21046428,-0.97205555,-0.4792792,0.4716403,-1.304682,-0.15122005,1.0156671,-1.309042,0.3433967,0.13567539,-0.9255545,0.125572,2.014275,-1.2951248,0.0017439857,-0.00077510474,0.00010110062,0.007169719,-0.0034879714,0.00040440247,0.0023253143,0.00077510474,-0.00010110062,0.0023253143,0.0,-0.00050550315,nan,nan,nan,nan,nan,nan,nan,nan,nan,nan,nan,nan,nan,nan,nan,nan,nan,nan,nan,nan,nan,nan,nan,nan
nan,nan,nan,-0.1040017,-0.21020496,-0.97210985,-0.47909755,0.4717614,-1.3047609,-0.14843455,1.0143954,-1.309026,0.34385082,0.13567539,-0.9255545,0.12608671,2.014275,-1.2950933,0.002131538,-0.00096888095,-0.0019209118,0.009882586,-0.0054257335,0.0010110063,0.00077510474,0.0011626572,0.0,0.0015502095,-0.00019377618,0.0013143081,nan,nan,nan,nan,nan,nan,nan,nan,nan,nan,nan,nan,nan,nan,nan,nan,nan,nan,nan,nan,nan,nan,nan,nan
nan,nan,nan,-0.104041025,-0.20979501,-0.9721942,-0.4788856,0.4719128,-1.3048398,-0.14564899,1.0132751,-1.309026,0.3444564,0.13570566,-0.9255705,0.12669227,2.0142448,-1.2950776,0.00077510474,-0.003100419,-0.0010110063,0.0048444048,-0.0056195096,0.00080880494,0.0,0.0019377619,-0.0011121068,0.0015502095,0.0,0.0019209118,nan,nan,nan,nan,nan,nan,nan,nan,nan,nan,nan,nan,nan,nan,nan,nan,nan,nan,nan,nan,nan,nan,nan,nan
nan,nan,nan,-0.10406302,-0.20955752,-0.9722431,-0.47870392,0.4721853,-1.3049505,-0.14301482,1.0121851,-1.309026,0.3448197,0.13570566,-0.9255545,0.12711614,2.0142448,-1.2950776,0.0015502095,0.006200838,-0.00060660375,0.008719929,0.00019377618,0.00010110062,0.00077510474,0.00019377618,0.00050550315,0.0,-0.0023253143,0.0011121068,nan,nan,nan,nan,nan,nan,nan,nan,nan,nan,nan,nan,nan,nan,nan,nan,nan,nan,nan,nan,nan,nan,nan,nan
nan,nan,nan,-0.10407866,-0.20939264,-0.97227687,-0.47858283,0.4722156,-1.3050611,-0.14016876,1.0111254,-1.3089945,0.34503165,0.13570566,-0.9255545,0.12750976,2.014275,-1.2950776,0.00096888095,0.0011626572,-0.00030330187,0.010270138,-0.0025190904,0.0022242137,0.0019377619,0.00077510474,-0.00010110062,0.00038755237,-0.002906643,0.00060660375,nan,nan,nan,nan,nan,nan,nan,nan,nan,nan,nan,nan,nan,nan,nan,nan,nan,nan,nan,nan,nan,nan,nan,nan
nan,nan,nan,-0.104096554,-0.20916517,-0.97232395,-0.4784617,0.4723367,-1.3052032,-0.13774654,1.0099446,-1.3089786,0.34527388,0.1356451,-0.9255705,0.12796392,2.0143054,-1.2950776,0.0034879714,0.0019377619,-0.002426415,0.006007062,-0.0046506287,0.0025275154,0.00096888095,-0.0019377619,-0.0016176099,-0.002906643,-0.0025190904,-0.0010110063,nan,nan,nan,nan,nan,nan,nan,nan,nan,nan,nan,nan,nan,nan,nan,nan,nan,nan,nan,nan,nan,nan,nan,nan
nan,nan,nan,-0.104127295,-0.20872414,-0.9724154,-0.47821948,0.4724881,-1.3053455,-0.13538489,1.0087032,-1.3090103,0.3456978,0.13573594,-0.9255545,0.12856947,2.0143356,-1.2950616,0.0011626572,-0.0034879714,-0.0010110063,0.006200838,-0.0040693,0.0012132075,-0.0005813286,0.002906643,0.00050550315,0.0005813286,0.0,-0.00050550315,nan,nan,nan,nan,nan,nan,nan,nan,nan,nan,nan,nan,nan,nan,nan,nan,nan,nan,nan,nan,nan,nan,nan,nan
nan,nan,nan,-0.10413981,-0.2082848,-0.97250825,-0.477947,0.47276062,-1.3055825,-0.13368937,1.0077949,-1.309042,0.34609136,0.13573594,-0.9255705,0.12902363,2.014275,-1.2950301,0.002906643,0.00019377618,-0.0009099056,0.0046506287,-0.002131538,-0.00050550315,0.0,-0.00096888095,-0.00040440247,0.00038755237,-0.0027128668,0.0,nan,nan,nan,nan,nan,nan,nan,nan,nan,nan,nan,nan,nan,nan,nan,nan,nan,nan,nan,nan,nan,nan,nan,nan
nan,nan,nan,-0.10415484,-0.20798677,-0.9725704,-0.47770476,0.47297257,-1.3058825,-0.13163051,1.0067958,-1.309026,0.3464547,0.13573594,-0.9255705,0.12953836,2.0143054,-1.2950459,-0.0005813286,0.0019377619,-0.0023253143,0.0052319574,-0.006007062,0.00080880494,-0.00038755237,-0.00077510474,0.00010110062,0.0015502095,-0.0019377619,-0.0018198112,nan,nan,nan,nan,nan,nan,nan,nan,nan,nan,nan,nan,nan,nan,nan,nan,nan,nan,nan,nan,nan,nan,nan,nan
nan,nan,nan,-0.104121946,-0.20766579,-0.97264254,-0.47743228,0.47312397,-1.3061194,-0.12966248,1.0058268,-1.309026,0.34678778,0.13576622,-0.9255705,0.13032557,2.0143356,-1.2950144,0.0019377619,0.0025190904,-0.0021231133,0.007169719,-0.0015502095,0.0014154087,0.0015502095,0.0019377619,-0.00010110062,0.003100419,-0.00077510474,0.00080880494,nan,nan,nan,nan,nan,nan,nan,nan,nan,nan,nan,nan,nan,nan,nan,nan,nan,nan,nan,nan,nan,nan,nan,nan
nan,nan,nan,-0.10409743,-0.2069782,-0.97279173,-0.4770084,0.47339648,-1.3064513,-0.1270586,1.0042827,-1.3090577,0.34763554,0.13576622,-0.9255705,0.13171834,2.0145173,-1.2949827,0.0019377619,0.0027128668,-0.00060660375,0.007169719,-0.0036817477,-0.00020220123,-0.0013564334,0.0011626572,-0.00030330187,0.0017439857,-0.00038755237,0.0009099056,nan,nan,nan,nan,nan,nan,nan,nan,nan,nan,nan,nan,nan,nan,nan,nan,nan,nan,nan,nan,nan,nan,nan,nan
nan,nan,nan,-0.10412708,-0.20656766,-0.97287583,-0.4767056,0.47357816,-1.3066249,-0.12560526,1.0036469,-1.3090892,0.34821078,0.13576622,-0.9255705,0.13232389,2.0145476,-1.2949827,0.0005813286,-0.00096888095,-0.00080880494,0.005813286,-0.0040693,-0.00030330187,-0.002131538,0.0019377619,0.00020220123,0.00038755237,-0.00077510474,0.0010110063,nan,nan,nan,nan,nan,nan,nan,nan,nan,nan,nan,nan,nan,nan,nan,nan,nan,nan,nan,nan,nan,nan,nan,nan
nan,nan,nan,-0.1041913,-0.20550814,-0.97309333,-0.47582757,0.4742139,-1.3070514,-0.1228803,1.0023147,-1.3091998,0.34993663,0.13576622,-0.9255705,0.13341388,2.0145173,-1.2949827,0.0056195096,0.0038755238,-0.00060660375,0.0052319574,-0.0054257335,-0.0011121068,0.00019377618,0.0011626572,0.00040440247,0.0034879714,-0.0025190904,0.0010110063,nan,nan,nan,nan,nan,nan,nan,nan,nan,nan,nan,nan,nan,nan,nan,nan,nan,nan,nan,nan,nan,nan,nan,nan
nan,nan,nan,-0.10421352,-0.205068,-0.97318375,-0.47555506,0.47442585,-1.3072095,-0.1221536,1.0019816,-1.3092155,0.35057244,0.13576622,-0.9255705,0.13386804,2.0145476,-1.2949512,0.00077510474,0.0025190904,-0.0014154087,0.0046506287,0.002131538,0.00080880494,0.0044568526,0.002131538,0.00040440247,0.0027128668,0.0,0.002426415,nan,nan,nan,nan,nan,nan,nan,nan,nan,nan,nan,nan,nan,nan,nan,nan,nan,nan,nan,nan,nan,nan,nan,nan
nan,nan,nan,-0.10427902,-0.20401755,-0.9733975,-0.4748284,0.4750616,-1.3075571,-0.12070032,1.001043,-1.3092473,0.35238913,0.13576622,-0.9255705,0.13550302,2.0146081,-1.2949352,0.0023253143,0.007169719,-0.0009099056,0.0048444048,-0.0023253143,0.0019209118,0.007169719,0.0019377619,0.00050550315,0.0013564334,-0.0011626572,0.0010110063,nan,nan,nan,nan,nan,nan,nan,nan,nan,nan,nan,nan,nan,nan,nan,nan,nan,nan,nan,nan,nan,nan,nan,nan
nan,nan,nan,-0.10433478,-0.20276171,-0.9736539,-0.47392008,0.47566718,-1.3079362,-0.1193681,1.0002255,-1.3092787,0.35417548,0.1357965,-0.9255862,0.13734995,2.0147293,-1.294888,0.0019377619,0.0063946145,-0.0010110063,0.0040693,-0.0032941953,0.0018198112,0.0032941953,0.0017439857,-0.0011121068,0.006200838,0.00038755237,0.0012132075,nan,nan,nan,nan,nan,nan,nan,nan,nan,nan,nan,nan,nan,nan,nan,nan,nan,nan,nan,nan,nan,nan,nan,nan
nan,nan,nan,-0.1043818,-0.201116,-0.97399014,-0.47234565,0.47645444,-1.3085048,-0.117642246,0.999196,-1.3093262,0.35638574,0.13585706,-0.9255862,0.14016576,2.01482,-1.294872,0.0017439857,0.0017439857,-0.002931918,0.0036817477,-0.004263076,0.00030330187,0.0034879714,0.0025190904,0.00010110062,0.0017439857,0.0023253143,0.00040440247,nan,nan,nan,nan,nan,nan,nan,nan,nan,nan,nan,nan,nan,nan,nan,nan,nan,nan,nan,nan,nan,nan,nan,nan
nan,nan,nan,-0.1043891,-0.20056237,-0.9741035,-0.47164926,0.4766664,-1.3086312,-0.11685505,0.99880236,-1.3093262,0.3573546,0.13582678,-0.9255862,0.1409227,2.01482,-1.2948563,0.006007062,-0.00038755237,-0.00050550315,0.0052319574,-0.0036817477,0.00010110062,-0.00019377618,-0.00038755237,0.0,0.0,-0.0019377619,0.0015165093,nan,nan,nan,nan,nan,nan,nan,nan,nan,nan,nan,nan,nan,nan,nan,nan,nan,nan,nan,nan,nan,nan,nan,nan
nan,nan,nan,-0.10441944,-0.19972123,-0.9742731,-0.47074094,0.47699946,-1.308805,-0.1157045,0.9980455,-1.3093579,0.3587474,0.13582678,-0.9255862,0.14189158,2.014911,-1.2948406,0.0036817477,-0.0011626572,0.00050550315,0.0048444048,-0.002131538,0.0,0.0027128668,0.00019377618,-0.0010110063,0.0027128668,0.002906643,0.00030330187,nan,nan,nan,nan,nan,nan,nan,nan,nan,nan,nan,nan,nan,nan,nan,nan,nan,nan,nan,nan,nan,nan,nan,nan
nan,nan,nan,-0.10444956,-0.19864608,-0.9744896,-0.46986288,0.47745365,-1.3089945,-0.114765905,0.9971977,-1.3093736,0.36083654,0.13585706,-0.9255862,0.14328435,2.0149715,-1.2948089,0.0040693,0.0011626572,-0.00040440247,0.0025190904,-0.0038755238,0.0010110063,0.0019377619,0.00096888095,-0.0010110063,0.0044568526,-0.0027128668,-0.00050550315,nan,nan,nan,nan,nan,nan,nan,nan,nan,nan,nan,nan,nan,nan,nan,nan,nan,nan,nan,nan,nan,nan,nan,nan
nan,nan,nan,-0.10446397,-0.19754378,-0.97471213,-0.4686518,0.47793812,-1.3092315,-0.11358508,0.9964407,-1.3093736,0.36271372,0.13588734,-0.9255862,0.14452572,2.0150623,-1.2947774,0.0032941953,0.0005813286,-0.00050550315,0.0056195096,-0.0027128668,0.00050550315,0.002131538,0.003100419,-0.0013143081,0.00096888095,0.00077510474,0.0,nan,nan,nan,nan,nan,nan,nan,nan,nan,nan,nan,nan,nan,nan,nan,nan,nan,nan,nan,nan,nan,nan,nan,nan
nan,nan,nan,-0.10456067,-0.1966162,-0.9748893,-0.46753153,0.47839218,-1.3094842,-0.112585925,0.99580497,-1.3093579,0.36422762,0.13588734,-0.9255862,0.14528267,2.015032,-1.2947774,0.0044568526,0.0015502095,-0.00040440247,0.0036817477,-0.0036817477,0.0028308174,0.0011626572,0.0017439857,-0.0010110063,0.0036817477,-0.0019377619,-0.00030330187,nan,nan,nan,nan,nan,nan,nan,nan,nan,nan,nan,nan,nan,nan,nan,nan,nan,nan,nan,nan,nan,nan,nan,nan
nan,nan,nan,-0.10459416,-0.19582556,-0.97504485,-0.4667443,0.47872525,-1.309737,-0.11167761,0.9953205,-1.3094051,0.3653479,0.13585706,-0.9255705,0.14616072,2.0150623,-1.2947774,0.0,0.0,-0.0026286163,0.0044568526,-0.0019377619,-0.00050550315,0.0015502095,-0.00096888095,0.00010110062,0.0025190904,0.0,-0.0010110063,nan,nan,nan,nan,nan,nan,nan,nan,nan,nan,nan,nan,nan,nan,nan,nan,nan,nan,nan,nan,nan,nan,nan,nan
nan,nan,nan,-0.10456975,-0.19503713,-0.9752055,-0.46562403,0.4790886,-1.3099897,-0.11082985,0.9947452,-1.3094211,0.36637732,0.13585706,-0.9255862,0.14734153,2.015123,-1.29473,0.00019377618,0.0046506287,-0.002426415,0.0011626572,-0.0046506287,-0.0015165093,0.0025190904,-0.0015502095,-0.0013143081,0.0032941953,0.0023253143,-0.0011121068,nan,nan,nan,nan,nan,nan,nan,nan,nan,nan,nan,nan,nan,nan,nan,nan,nan,nan,nan,nan,nan,nan,nan,nan
nan,nan,nan,-0.10453996,-0.19417769,-0.9753801,-0.4644432,0.47924,-1.3101792,-0.110042594,0.9941699,-1.3094211,0.3677701,0.13591762,-0.9255862,0.14791681,2.0151532,-1.2946985,0.0038755238,-0.0040693,-0.0013143081,0.0017439857,-0.0019377619,-0.00020220123,0.00038755237,0.003100419,-0.0009099056,-0.0023253143,-0.002131538,0.00040440247,nan,nan,nan,nan,nan,nan,nan,nan,nan,nan,nan,nan,nan,nan,nan,nan,nan,nan,nan,nan,nan,nan,nan,nan
nan,nan,nan,-0.10459271,-0.19335511,-0.9755379,-0.4633835,0.47954267,-1.3103848,-0.10907372,0.9935947,-1.3094211,0.36916283,0.1359479,-0.9255862,0.1481893,2.0151532,-1.2946668,0.0015502095,0.0046506287,-0.0027297167,0.0067821667,-0.00077510474,-0.00030330187,0.003100419,0.0036817477,-0.0010110063,-0.0019377619,-0.00096888095,0.00080880494,nan,nan,nan,nan,nan,nan,nan,nan,nan,nan,nan,nan,nan,nan,nan,nan,nan,nan,nan,nan,nan,nan,nan,nan
nan,nan,nan,-0.10463022,-0.19261974,-0.97567934,-0.46235406,0.47969407,-1.3105426,-0.1083168,0.9930194,-1.3094051,0.37016198,0.13588734,-0.9255862,0.14849208,2.015123,-1.2946668,0.0032941953,0.002131538,-0.0019209118,0.0032941953,-0.00096888095,0.0018198112,0.00077510474,-0.0015502095,-0.0010110063,0.002906643,-0.002906643,-0.00050550315,nan,nan,nan,nan,nan,nan,nan,nan,nan,nan,nan,nan,nan,nan,nan,nan,nan,nan,nan,nan,nan,nan,nan,nan
nan,nan,nan,-0.104636155,-0.19191673,-0.9758172,-0.4613852,0.47987574,-1.310669,-0.10755982,0.9925652,-1.3094211,0.3711309,0.13591762,-0.9255705,0.14879486,2.0151532,-1.2946353,0.0023253143,0.0032941953,-0.00060660375,0.0063946145,-0.0034879714,-0.00010110062,0.0019377619,-0.00019377618,0.00010110062,0.00077510474,-0.0013564334,0.0011121068,nan,nan,nan,nan,nan,nan,nan,nan,nan,nan,nan,nan,nan,nan,nan,nan,nan,nan,nan,nan,nan,nan,nan,nan
nan,nan,nan,-0.10468697,-0.19107476,-0.975977,-0.4601438,0.48002714,-1.3107953,-0.10683318,0.992111,-1.3094211,0.37225118,0.13597818,-0.9255705,0.14933985,2.015123,-1.2946036,0.002131538,0.004263076,-0.0025275154,-0.00096888095,-0.002906643,0.0,0.00019377618,0.0044568526,0.00010110062,-0.0013564334,-0.0046506287,0.00080880494,nan,nan,nan,nan,nan,nan,nan,nan,nan,nan,nan,nan,nan,nan,nan,nan,nan,nan,nan,nan,nan,nan,nan,nan
nan,nan,nan,-0.10473634,-0.19045562,-0.9760927,-0.45917493,0.48017853,-1.3109059,-0.10610654,0.99165696,-1.3094525,0.37303838,0.1359479,-0.9255862,0.15012707,2.0152137,-1.2945719,0.0046506287,0.0027128668,-0.00050550315,0.0025190904,-0.0011626572,0.0,-0.0011626572,0.0,-0.0010110063,-0.00038755237,0.0040693,0.0,nan,nan,nan,nan,nan,nan,nan,nan,nan,nan,nan,nan,nan,nan,nan,nan,nan,nan,nan,nan,nan,nan,nan,nan
nan,nan,nan,-0.10474475,-0.18987614,-0.9762047,-0.4582666,0.48026937,-1.3110483,-0.10519823,0.99123305,-1.3094683,0.37358335,0.1359479,-0.9255705,0.15064178,2.0151834,-1.2945404,0.00038755237,0.0005813286,-0.00010110062,0.0052319574,0.0005813286,0.0,-0.00038755237,-0.00038755237,0.00050550315,-0.0019377619,0.0027128668,0.0016176099,nan,nan,nan,nan,nan,nan,nan,nan,nan,nan,nan,nan,nan,nan,nan,nan,nan,nan,nan,nan,nan,nan,nan,nan
nan,nan,nan,-0.10474061,-0.18969859,-0.9762396,-0.4577216,0.48026937,-1.3111272,-0.1048046,0.99093026,-1.3095,0.3737953,0.13597818,-0.9255705,0.15082346,2.0151532,-1.2945561,0.0027128668,0.0,0.0,0.0034879714,0.0,-0.0021231133,-0.002131538,0.0019377619,0.00050550315,0.00019377618,0.00038755237,-0.00020220123,nan,nan,nan,nan,nan,nan,nan,nan,nan,nan,nan,nan,nan,nan,nan,nan,nan,nan,nan,nan,nan,nan,nan,nan
nan,nan,nan,-0.10469691,-0.1894446,-0.9762937,-0.45696467,0.48026937,-1.3111904,-0.104199074,0.99053663,-1.3095157,0.3742192,0.13597818,-0.9255862,0.15112624,2.015123,-1.2945404,0.0036817477,0.0,0.0,0.003100419,-0.0025190904,0.00020220123,0.0034879714,0.002906643,-0.0010110063,-0.0015502095,-0.0044568526,0.00040440247,nan,nan,nan,nan,nan,nan,nan,nan,nan,nan,nan,nan,nan,nan,nan,nan,nan,nan,nan,nan,nan,nan,nan,nan
nan,nan,nan,-0.10468027,-0.18896301,-0.97638875,-0.45617744,0.48029965,-1.3112535,-0.103775166,0.9901127,-1.3095317,0.3747642,0.13597818,-0.9255862,0.15151983,2.0151532,-1.294493,0.0019377619,0.0019377619,0.00040440247,0.0011626572,-0.0015502095,0.00070770434,-0.00077510474,0.0025190904,0.00050550315,-0.00038755237,-0.00038755237,0.00030330187,nan,nan,nan,nan,nan,nan,nan,nan,nan,nan,nan,nan,nan,nan,nan,nan,nan,nan,nan,nan,nan,nan,nan,nan
nan,nan,nan,-0.104718715,-0.18854657,-0.97646517,-0.45539024,0.48029965,-1.3113167,-0.10335126,0.989598,-1.3095474,0.3754303,0.13600846,-0.9255862,0.15179233,2.015123,-1.2944772,0.0023253143,0.00077510474,0.0,0.0015502095,-0.0034879714,0.0016176099,0.0017439857,0.0027128668,-0.00070770434,0.0005813286,-0.00096888095,0.00040440247,nan,nan,nan,nan,nan,nan,nan,nan,nan,nan,nan,nan,nan,nan,nan,nan,nan,nan,nan,nan,nan,nan,nan,nan
nan,nan,nan,-0.104734235,-0.18823338,-0.9765239,-0.45466357,0.48029965,-1.3113799,-0.10292741,0.9891136,-1.3095789,0.37600556,0.13600846,-0.9255862,0.15200427,2.0150926,-1.2944772,0.0034879714,-0.00019377618,0.00050550315,0.0027128668,-0.00077510474,0.00010110062,0.0,-0.00096888095,0.0,0.0019377619,-0.002131538,-0.00030330187,nan,nan,nan,nan,nan,nan,nan,nan,nan,nan,nan,nan,nan,nan,nan,nan,nan,nan,nan,nan,nan,nan,nan,nan
nan,nan,nan,-0.10474596,-0.18790461,-0.976586,-0.45396718,0.4803602,-1.3114431,-0.1025035,0.98865944,-1.3095632,0.37658083,0.13600846,-0.92560196,0.1522465,2.0150926,-1.2944615,0.004263076,0.0048444048,-0.0010110063,0.0017439857,-0.00038755237,0.0013143081,-0.0015502095,-0.00038755237,-0.0014154087,0.0,-0.002131538,0.0011121068,nan,nan,nan,nan,nan,nan,nan,nan,nan,nan,nan,nan,nan,nan,nan,nan,nan,nan,nan,nan,nan,nan,nan,nan
nan,nan,nan,-0.10472942,-0.18742117,-0.97668064,-0.45311943,0.4803602,-1.3114588,-0.101958536,0.98823553,-1.3095949,0.37733778,0.13603874,-0.92560196,0.15273094,2.015123,-1.2944455,0.006200838,0.00077510474,0.00050550315,0.0032941953,-0.0019377619,0.0010110063,0.0015502095,0.0025190904,-0.0016176099,0.00077510474,0.0,-0.00040440247,nan,nan,nan,nan,nan,nan,nan,nan,nan,nan,nan,nan,nan,nan,nan,nan,nan,nan,nan,nan,nan,nan,nan,nan
nan,nan,nan,-0.10472427,-0.18686762,-0.97678727,-0.4523322,0.4803905,-1.311538,-0.10138323,0.9878419,-1.3096106,0.37809473,0.13603874,-0.9255862,0.15330622,2.015123,-1.294414,0.003100419,-0.0013564334,-0.002931918,0.003100419,-0.00077510474,0.0,-0.00038755237,0.002131538,-0.0014154087,0.0034879714,0.0,0.0010110063,nan,nan,nan,nan,nan,nan,nan,nan,nan,nan,nan,nan,nan,nan,nan,nan,nan,nan,nan,nan,nan,nan,nan,nan
nan,nan,nan,-0.10472902,-0.18623087,-0.9769083,-0.45133305,0.48048133,-1.3116484,-0.10041436,0.98732716,-1.3096106,0.37924528,0.13606901,-0.9255862,0.15388149,2.015123,-1.2943823,0.0036817477,-0.0017439857,-0.0015165093,0.0025190904,-0.00038755237,0.0016176099,0.0019377619,0.0023253143,0.0,-0.00096888095,-0.00019377618,0.0010110063,nan,nan,nan,nan,nan,nan,nan,nan,nan,nan,nan,nan,nan,nan,nan,nan,nan,nan,nan,nan,nan,nan,nan,nan
nan,nan,nan,-0.104754694,-0.18602495,-0.9769448,-0.45106053,0.48060244,-1.3116801,-0.09996017,0.9871456,-1.3096421,0.37969944,0.13603874,-0.9255862,0.15415399,2.015123,-1.2943823,0.0015502095,0.003100419,-0.0010110063,0.0038755238,-0.0046506287,0.00040440247,0.0038755238,0.00019377618,0.0,0.00038755237,0.0,0.0010110063,nan,nan,nan,nan,nan,nan,nan,nan,nan,nan,nan,nan,nan,nan,nan,nan,nan,nan,nan,nan,nan,nan,nan,nan
nan,nan,nan,-0.104786724,-0.18561555,-0.97701925,-0.45054582,0.48069328,-1.311759,-0.09929409,0.98678225,-1.3096738,0.3803958,0.13600846,-0.9255862,0.1547898,2.015123,-1.2943983,0.00077510474,0.0015502095,0.00050550315,0.0036817477,0.00096888095,0.0015165093,0.00038755237,-0.0025190904,-0.0015165093,0.0017439857,-0.00077510474,-0.00050550315,nan,nan,nan,nan,nan,nan,nan,nan,nan,nan,nan,nan,nan,nan,nan,nan,nan,nan,nan,nan,nan,nan,nan,nan
nan,nan,nan,-0.104827024,-0.18505858,-0.9771206,-0.44984946,0.48090523,-1.3118854,-0.09859773,0.98632807,-1.309658,0.3810922,0.13603874,-0.92560196,0.1554862,2.0151532,-1.2943666,0.0025190904,0.005038181,-0.0010110063,0.0048444048,-0.00038755237,0.00030330187,0.0017439857,-0.00038755237,-0.0015165093,0.0011626572,0.00038755237,-0.0011121068,nan,nan,nan,nan,nan,nan,nan,nan,nan,nan,nan,nan,nan,nan,nan,nan,nan,nan,nan,nan,nan,nan,nan,nan
nan,nan,nan,-0.104841165,-0.18456666,-0.9772121,-0.44900167,0.4809658,-1.3120117,-0.09784075,0.9858133,-1.3097053,0.38169774,0.13606901,-0.9255862,0.15603119,2.0151532,-1.2943351,0.0019377619,0.00019377618,-0.00080880494,0.003100419,-0.0032941953,-0.00030330187,0.0013564334,0.0023253143,0.0,0.00038755237,0.00096888095,0.00040440247,nan,nan,nan,nan,nan,nan,nan,nan,nan,nan,nan,nan,nan,nan,nan,nan,nan,nan,nan,nan,nan,nan,nan,nan
nan,nan,nan,-0.104853466,-0.18427634,-0.97726554,-0.4481842,0.48099607,-1.3121066,-0.09708383,0.9854197,-1.3097212,0.38212162,0.13603874,-0.92560196,0.15630369,2.015123,-1.2943192,0.003100419,0.0013564334,0.0,0.0052319574,-0.0027128668,0.0016176099,0.0,-0.002131538,-0.0010110063,-0.0015502095,-0.0013564334,0.0011121068,nan,nan,nan,nan,nan,nan,nan,nan,nan,nan,nan,nan,nan,nan,nan,nan,nan,nan,nan,nan,nan,nan,nan,nan
nan,nan,nan,-0.10485656,-0.18386866,-0.977342,-0.44730613,0.48102635,-1.3121855,-0.09638747,0.9849958,-1.3097844,0.38260606,0.13603874,-0.9255862,0.15666702,2.015123,-1.2943192,0.0038755238,0.0036817477,-0.00050550315,0.0040693,-0.0056195096,0.0,-0.0011626572,-0.00077510474,0.0,0.00038755237,0.0,0.00020220123,nan,nan,nan,nan,nan,nan,nan,nan,nan,nan,nan,nan,nan,nan,nan,nan,nan,nan,nan,nan,nan,nan,nan,nan
nan,nan,nan,-0.10487112,-0.18338187,-0.9774319,-0.4463978,0.48102635,-1.312233,-0.095812164,0.9846931,-1.3098001,0.38330245,0.13603874,-0.92560196,0.1572423,2.015123,-1.294272,0.0019377619,0.0019377619,-0.0015165093,0.0019377619,-0.0019377619,0.0018198112,0.00038755237,0.00019377618,-0.0011121068,0.0011626572,-0.0025190904,0.0014154087,nan,nan,nan,nan,nan,nan,nan,nan,nan,nan,nan,nan,nan,nan,nan,nan,nan,nan,nan,nan,nan,nan,nan,nan
nan,nan,nan,-0.104865864,-0.18264093,-0.9775712,-0.44521698,0.48105663,-1.3122644,-0.09523692,0.9842692,-1.3098316,0.38442272,0.13606901,-0.9255862,0.15809005,2.0150926,-1.2942088,0.0048444048,0.0005813286,-0.0012132075,0.004263076,-0.00096888095,0.00020220123,0.003100419,0.0015502095,0.00010110062,0.0015502095,-0.0048444048,0.0014154087,nan,nan,nan,nan,nan,nan,nan,nan,nan,nan,nan,nan,nan,nan,nan,nan,nan,nan,nan,nan,nan,nan,nan,nan
nan,nan,nan,-0.10488532,-0.18191086,-0.97770524,-0.4438242,0.48114747,-1.3123276,-0.09457078,0.983815,-1.3098159,0.38563383,0.13606901,-0.92560196,0.15899839,2.0151532,-1.2941928,0.004263076,0.0011626572,-0.0018198112,0.0052319574,-0.00077510474,0.0010110063,0.00077510474,0.0019377619,-0.0010110063,0.0017439857,0.00019377618,0.0009099056,nan,nan,nan,nan,nan,nan,nan,nan,nan,nan,nan,nan,nan,nan,nan,nan,nan,nan,nan,nan,nan,nan,nan,nan
nan,nan,nan,-0.10492902,-0.18130557,-0.97781295,-0.4429159,0.4812383,-1.3123436,-0.093934976,0.9833911,-1.3098316,0.3867541,0.13606901,-0.9255862,0.15948282,2.0151834,-1.294177,0.00096888095,0.003100419,-0.0016176099,0.0032941953,-0.0013564334,0.0,0.004263076,0.00019377618,0.0,-0.00038755237,0.0023253143,0.0010110063,nan,nan,nan,nan,nan,nan,nan,nan,nan,nan,nan,nan,nan,nan,nan,nan,nan,nan,nan,nan,nan,nan,nan,nan
nan,nan,nan,-0.10502916,-0.18030618,-0.977987,-0.44119006,0.4813897,-1.3123908,-0.092844985,0.9825737,-1.3098476,0.38881296,0.13606901,-0.9255862,0.1603306,2.015123,-1.2941456,0.006200838,0.0,-0.0010110063,0.0025190904,-0.0017439857,0.00060660375,0.0005813286,0.0019377619,-0.0015165093,0.0,-0.0017439857,-0.00020220123,nan,nan,nan,nan,nan,nan,nan,nan,nan,nan,nan,nan,nan,nan,nan,nan,nan,nan,nan,nan,nan,nan,nan,nan
nan,nan,nan,-0.10502182,-0.17982398,-0.9780766,-0.4406148,0.48151082,-1.3124225,-0.09245136,0.98218006,-1.3098633,0.38950935,0.13606901,-0.9255862,0.16072421,2.0151532,-1.2941139,0.008719929,0.0011626572,-0.0018198112,0.004263076,-0.0036817477,-0.00040440247,0.0040693,0.0027128668,-0.0010110063,0.0025190904,0.00096888095,0.00040440247,nan,nan,nan,nan,nan,nan,nan,nan,nan,nan,nan,nan,nan,nan,nan,nan,nan,nan,nan,nan,nan,nan,nan,nan
nan,nan,nan,-0.10504324,-0.1789192,-0.9782402,-0.43922204,0.48175305,-1.3125014,-0.09166416,0.9812717,-1.3098633,0.39111406,0.13603874,-0.9255705,0.1618142,2.0150926,-1.294019,0.005813286,0.0017439857,-0.0016176099,0.0046506287,-0.0019377619,0.00050550315,0.0027128668,0.0,0.00060660375,0.0023253143,-0.0027128668,0.0010110063,nan,nan,nan,nan,nan,nan,nan,nan,nan,nan,nan,nan,nan,nan,nan,nan,nan,nan,nan,nan,nan,nan,nan,nan
nan,nan,nan,-0.105046995,-0.1780184,-0.9784041,-0.4377687,0.481965,-1.3125806,-0.09087696,0.9803937,-1.3098633,0.39256737,0.13606901,-0.9255705,0.16293447,2.015123,-1.2940032,0.004263076,0.00019377618,-0.00060660375,0.0044568526,-0.0011626572,0.0009099056,0.004263076,0.0015502095,-0.0013143081,0.002906643,-0.0019377619,0.00070770434,nan,nan,nan,nan,nan,nan,nan,nan,nan,nan,nan,nan,nan,nan,nan,nan,nan,nan,nan,nan,nan,nan,nan,nan
nan,nan,nan,-0.10510474,-0.17721765,-0.9785433,-0.43622455,0.48205584,-1.3126438,-0.09005942,0.9795762,-1.3098633,0.39356655,0.13606901,-0.9255862,0.16372168,2.015123,-1.2939718,0.0056195096,0.0,-0.00080880494,0.003100419,-0.0019377619,0.0012132075,-0.0013564334,0.002131538,-0.0010110063,-0.00077510474,-0.0023253143,0.0010110063,nan,nan,nan,nan,nan,nan,nan,nan,nan,nan,nan,nan,nan,nan,nan,nan,nan,nan,nan,nan,nan,nan,nan,nan
nan,nan,nan,-0.105087616,-0.17648917,-0.97867674,-0.43504372,0.48220724,-1.3126752,-0.08936306,0.9787889,-1.3098791,0.39468682,0.13606901,-0.9255862,0.1645089,2.015123,-1.2939718,0.0027128668,0.0032941953,-0.00030330187,-0.00019377618,-0.002131538,0.0,0.003100419,0.0011626572,-0.0010110063,0.0034879714,-0.0025190904,-0.00080880494,nan,nan,nan,nan,nan,nan,nan,nan,nan,nan,nan,nan,nan,nan,nan,nan,nan,nan,nan,nan,nan,nan,nan,nan
nan,nan,nan,-0.10507122,-0.17553367,-0.9788503,-0.4334693,0.4823889,-1.3127542,-0.088485025,0.9776384,-1.3098633,0.39665484,0.13606901,-0.9255705,0.16562916,2.0151834,-1.2938926,0.0069759428,0.0025190904,-0.0014154087,0.0019377619,-0.006007062,0.00060660375,0.005813286,0.002131538,0.0,0.00038755237,0.0005813286,0.00080880494,nan,nan,nan,nan,nan,nan,nan,nan,nan,nan,nan,nan,nan,nan,nan,nan,nan,nan,nan,nan,nan,nan,nan,nan
nan,nan,nan,-0.10510459,-0.17449152,-0.97903305,-0.432016,0.48263115,-1.3127859,-0.08766749,0.9764878,-1.3098633,0.3983201,0.13603874,-0.9255705,0.1669311,2.0151834,-1.2938454,0.0032941953,0.0019377619,0.00050550315,0.0048444048,-0.0017439857,0.0010110063,0.0040693,-0.0034879714,0.00080880494,0.0025190904,0.0,0.00040440247,nan,nan,nan,nan,nan,nan,nan,nan,nan,nan,nan,nan,nan,nan,nan,nan,nan,nan,nan,nan,nan,nan,nan,nan
nan,nan,nan,-0.10520303,-0.17352386,-0.97919446,-0.43065348,0.48290354,-1.3128965,-0.08688029,0.97557956,-1.3098948,0.39977342,0.1360993,-0.9255705,0.16771832,2.0151834,-1.2938294,0.00077510474,0.0015502095,-0.0015165093,0.0056195096,-0.0044568526,-0.00050550315,0.003100419,0.0017439857,-0.00010110062,-0.0038755238,0.0005813286,0.00080880494,nan,nan,nan,nan,nan,nan,nan,nan,nan,nan,nan,nan,nan,nan,nan,nan,nan,nan,nan,nan,nan,nan,nan,nan
nan,nan,nan,-0.10524315,-0.17278261,-0.97932124,-0.42950293,0.48308522,-1.3130069,-0.08621421,0.9746409,-1.3098948,0.40071204,0.1360993,-0.9255862,0.16826332,2.015123,-1.2938137,0.0038755238,0.0011626572,-0.0010110063,0.0005813286,-0.0034879714,0.0,0.0025190904,0.0013564334,-0.0014154087,0.0011626572,-0.002906643,0.00050550315,nan,nan,nan,nan,nan,nan,nan,nan,nan,nan,nan,nan,nan,nan,nan,nan,nan,nan,nan,nan,nan,nan,nan,nan
nan,nan,nan,-0.1052491,-0.1721643,-0.9794295,-0.42826158,0.48320633,-1.3130543,-0.08548751,0.9737629,-1.3098791,0.40137818,0.1360993,-0.9255705,0.16889913,2.0151532,-1.2937822,0.007169719,0.005038181,-0.00020220123,0.0019377619,-0.0025190904,0.0010110063,0.0040693,0.00096888095,0.0,0.0011626572,0.00019377618,0.0011121068,nan,nan,nan,nan,nan,nan,nan,nan,nan,nan,nan,nan,nan,nan,nan,nan,nan,nan,nan,nan,nan,nan,nan,nan
nan,nan,nan,-0.10523112,-0.17151353,-0.9795456,-0.4271413,0.4832366,-1.3131175,-0.084851705,0.9728243,-1.3098948,0.4021956,0.13615985,-0.9255705,0.16965608,2.0151834,-1.2937348,0.0052319574,0.0017439857,-0.00060660375,0.0011626572,-0.005813286,0.00050550315,0.003100419,0.0054257335,0.00050550315,-0.0017439857,0.00096888095,0.0010110063,nan,nan,nan,nan,nan,nan,nan,nan,nan,nan,nan,nan,nan,nan,nan,nan,nan,nan,nan,nan,nan,nan,nan,nan
nan,nan,nan,-0.10521337,-0.17091039,-0.9796529,-0.42614213,0.48329717,-1.3131807,-0.08427646,0.972037,-1.3099108,0.40313426,0.13612957,-0.9255705,0.1704433,2.0151532,-1.293719,0.0040693,0.00038755237,-0.0011121068,0.0032941953,-0.0034879714,-0.00030330187,0.0023253143,0.00096888095,0.00040440247,-0.0015502095,-0.0032941953,0.00070770434,nan,nan,nan,nan,nan,nan,nan,nan,nan,nan,nan,nan,nan,nan,nan,nan,nan,nan,nan,nan,nan,nan,nan,nan
nan,nan,nan,-0.1051867,-0.1703263,-0.9797575,-0.42502186,0.48332745,-1.3132124,-0.08382227,0.9713407,-1.3098948,0.40407285,0.13612957,-0.9255862,0.17101857,2.0151834,-1.2936873,0.007169719,0.00019377618,-0.0010110063,-0.00096888095,-0.0011626572,0.0016176099,0.0036817477,-0.0005813286,-0.0009099056,0.0011626572,-0.00019377618,-0.00050550315,nan,nan,nan,nan,nan,nan,nan,nan,nan,nan,nan,nan,nan,nan,nan,nan,nan,nan,nan,nan,nan,nan,nan,nan
nan,nan,nan,-0.10519195,-0.1697803,-0.97985166,-0.4241741,0.4834183,-1.3132756,-0.083337806,0.97058374,-1.3099265,0.4049509,0.13612957,-0.9255862,0.17156357,2.0151834,-1.2936716,0.0023253143,-0.0023253143,-0.0011121068,0.0038755238,-0.0044568526,0.00040440247,0.0019377619,0.00019377618,-0.0010110063,0.0,0.00077510474,0.0010110063,nan,nan,nan,nan,nan,nan,nan,nan,nan,nan,nan,nan,nan,nan,nan,nan,nan,nan,nan,nan,nan,nan,nan,nan
nan,nan,nan,-0.105207235,-0.16918007,-0.9799538,-0.42338687,0.48356968,-1.3133388,-0.08294424,0.9697662,-1.3099108,0.4058592,0.13615985,-0.9255862,0.17207828,2.0151532,-1.2936716,0.0046506287,0.0038755238,-0.0023253143,-0.00019377618,-0.0054257335,0.0020220126,0.0023253143,0.0019377619,-0.0013143081,0.0,-0.002906643,-0.0019209118,nan,nan,nan,nan,nan,nan,nan,nan,nan,nan,nan,nan,nan,nan,nan,nan,nan,nan,nan,nan,nan,nan,nan,nan
nan,nan,nan,-0.10518243,-0.16851668,-0.9800708,-0.4226905,0.48372108,-1.3134019,-0.08236893,0.9689488,-1.3099265,0.4072217,0.13615985,-0.9255862,0.17280494,2.0151532,-1.2935927,0.00096888095,0.0025190904,-0.00020220123,0.005038181,-0.007169719,0.00020220123,0.0019377619,0.0005813286,-0.0011121068,0.00096888095,-0.002906643,0.0015165093,nan,nan,nan,nan,nan,nan,nan,nan,nan,nan,nan,nan,nan,nan,nan,nan,nan,nan,nan,nan,nan,nan,nan,nan
nan,nan,nan,-0.1052144,-0.1678993,-0.98017335,-0.42184272,0.48387247,-1.3134966,-0.08179369,0.9683432,-1.3099265,0.4081603,0.13619013,-0.9255705,0.1735316,2.0151834,-1.2936084,0.002131538,0.0019377619,-0.00070770434,0.0017439857,-0.0056195096,0.0013143081,0.0019377619,0.0019377619,0.00040440247,0.0011626572,-0.00077510474,-0.00020220123,nan,nan,nan,nan,nan,nan,nan,nan,nan,nan,nan,nan,nan,nan,nan,nan,nan,nan,nan,nan,nan,nan,nan,nan
nan,nan,nan,-0.10524117,-0.16729602,-0.9802736,-0.420783,0.48399347,-1.3135915,-0.08112755,0.96797985,-1.3099422,0.4087961,0.13615985,-0.9255862,0.17425826,2.015244,-1.2935767,0.0032941953,0.003100419,0.00060660375,0.004263076,0.0015502095,0.00020220123,0.0017439857,-0.0005813286,-0.0010110063,0.0011626572,0.002906643,0.0017187105,nan,nan,nan,nan,nan,nan,nan,nan,nan,nan,nan,nan,nan,nan,nan,nan,nan,nan,nan,nan,nan,nan,nan,nan
nan,nan,nan,-0.105211385,-0.16613586,-0.9804741,-0.4182397,0.48405403,-1.313781,-0.07982566,0.96698076,-1.309974,0.41027972,0.13615985,-0.9255862,0.17556019,2.0152137,-1.293561,0.006007062,0.00019377618,-0.0010110063,0.002906643,-0.0015502095,0.0010110063,0.0019377619,-0.0013564334,-0.0010110063,-0.0034879714,0.0,-0.00070770434,nan,nan,nan,nan,nan,nan,nan,nan,nan,nan,nan,nan,nan,nan,nan,nan,nan,nan,nan,nan,nan,nan,nan,nan
nan,nan,nan,-0.105211385,-0.16613586,-0.9804741,-0.4182397,0.48405403,-1.313781,-0.07982566,0.96698076,-1.309974,0.41027972,0.13615985,-0.9255862,0.17556019,2.0152137,-1.293561,0.006007062,0.00019377618,-0.0010110063,0.002906643,-0.0015502095,0.0010110063,0.0019377619,-0.0013564334,-0.0010110063,-0.0034879714,0.0,-0.00070770434,nan,nan,nan,nan,nan,nan,nan,nan,nan,nan,nan,nan,nan,nan,nan,nan,nan,nan,nan,nan,nan,nan,nan,nan
nan,nan,nan,-0.10523314,-0.16536348,-0.9806023,-0.4167258,0.48405403,-1.3138127,-0.07915952,0.9664963,-1.309974,0.41127887,0.13619013,-0.9255862,0.17610519,2.0151532,-1.2935295,0.003100419,-0.00038755237,0.00040440247,0.0017439857,-0.00077510474,0.0015165093,-0.00038755237,0.0011626572,-0.0012132075,-0.00096888095,-0.0040693,0.00070770434,nan,nan,nan,nan,nan,nan,nan,nan,nan,nan,nan,nan,nan,nan,nan,nan,nan,nan,nan,nan,nan,nan,nan,nan
nan,nan,nan,-0.10530166,-0.16480386,-0.98068917,-0.4155753,0.4840843,-1.3138442,-0.07852372,0.9660421,-1.3099897,0.4121267,0.13622041,-0.9255862,0.17646852,2.0151834,-1.2935135,0.0036817477,0.0023253143,0.00020220123,0.004263076,-0.0013564334,0.00020220123,0.0027128668,0.00096888095,-0.00050550315,-0.0005813286,-0.0019377619,0.0019209118,nan,nan,nan,nan,nan,nan,nan,nan,nan,nan,nan,nan,nan,nan,nan,nan,nan,nan,nan,nan,nan,nan,nan,nan
nan,nan,nan,-0.10531244,-0.16425452,-0.9807802,-0.4147275,0.4840843,-1.3138759,-0.07797869,0.9656485,-1.3100054,0.4129139,0.13622041,-0.9255862,0.17701352,2.0152137,-1.2935295,0.004263076,0.0013564334,0.00020220123,0.0,-0.0019377619,0.0,0.0038755238,0.0013564334,-0.00050550315,0.0005813286,0.0015502095,-0.00080880494,nan,nan,nan,nan,nan,nan,nan,nan,nan,nan,nan,nan,nan,nan,nan,nan,nan,nan,nan,nan,nan,nan,nan,nan
nan,nan,nan,-0.105307914,-0.16365129,-0.9808815,-0.4136678,0.48414487,-1.3139074,-0.07737317,0.9652851,-1.3100054,0.41394332,0.13622041,-0.9255862,0.17774017,2.0152137,-1.2934978,0.0036817477,0.0046506287,-0.00060660375,0.0052319574,0.00019377618,0.00070770434,0.00077510474,0.0027128668,-0.0011121068,0.00038755237,-0.00038755237,0.0020220126,nan,nan,nan,nan,nan,nan,nan,nan,nan,nan,nan,nan,nan,nan,nan,nan,nan,nan,nan,nan,nan,nan,nan,nan
nan,nan,nan,-0.105351366,-0.1629412,-0.98099506,-0.41251725,0.4842357,-1.3139391,-0.076797865,0.9648916,-1.3100214,0.41557828,0.13625069,-0.9255705,0.1785274,2.0151834,-1.2934978,0.0034879714,0.0056195096,-0.00080880494,0.003100419,-0.0019377619,-0.00020220123,0.0023253143,0.004263076,0.00050550315,-0.00038755237,-0.0025190904,-0.00030330187,nan,nan,nan,nan,nan,nan,nan,nan,nan,nan,nan,nan,nan,nan,nan,nan,nan,nan,nan,nan,nan,nan,nan,nan
nan,nan,nan,-0.105367586,-0.16216365,-0.98112214,-0.41127586,0.48429626,-1.3139863,-0.076101504,0.964498,-1.3100214,0.4169105,0.13622041,-0.9255862,0.17916322,2.0151532,-1.2934821,0.002131538,0.0,-0.0009099056,0.0015502095,-0.0032941953,-0.00010110062,0.003100419,0.0019377619,-0.0010110063,0.0,-0.0040693,0.00080880494,nan,nan,nan,nan,nan,nan,nan,nan,nan,nan,nan,nan,nan,nan,nan,nan,nan,nan,nan,nan,nan,nan,nan,nan
nan,nan,nan,-0.10543358,-0.16148123,-0.9812276,-0.40997395,0.48441738,-1.3140337,-0.07549592,0.9641952,-1.3100054,0.41790965,0.13622041,-0.9255862,0.17970821,2.0151834,-1.2934821,0.0073634954,-0.0017439857,-0.00080880494,0.003100419,-0.00077510474,0.0010110063,0.0017439857,-0.00077510474,-0.0009099056,0.0015502095,0.00077510474,0.0,nan,nan,nan,nan,nan,nan,nan,nan,nan,nan,nan,nan,nan,nan,nan,nan,nan,nan,nan,nan,nan,nan,nan,nan
nan,nan,nan,-0.105449155,-0.1607698,-0.98134273,-0.40858117,0.48447794,-1.3140812,-0.07482984,0.9638621,-1.3100054,0.41912076,0.13622041,-0.9255862,0.1804046,2.0151532,-1.2934661,0.0063946145,0.0013564334,-0.0010110063,0.0005813286,-0.0046506287,-0.0014154087,0.002131538,-0.00096888095,-0.0010110063,0.0032941953,-0.002906643,0.00030330187,nan,nan,nan,nan,nan,nan,nan,nan,nan,nan,nan,nan,nan,nan,nan,nan,nan,nan,nan,nan,nan,nan,nan,nan
nan,nan,nan,-0.10544967,-0.15988447,-0.9814873,-0.40703702,0.4845385,-1.3141127,-0.073891245,0.9635593,-1.3100054,0.42024103,0.13625069,-0.9255705,0.18155515,2.0151532,-1.2934504,0.0054257335,0.0019377619,-0.00010110062,0.0019377619,0.00096888095,0.0014154087,-0.0025190904,0.0023253143,0.00010110062,0.005038181,-0.003100419,0.00010110062,nan,nan,nan,nan,nan,nan,nan,nan,nan,nan,nan,nan,nan,nan,nan,nan,nan,nan,nan,nan,nan,nan,nan,nan
nan,nan,nan,-0.105461165,-0.15917736,-0.981601,-0.40576535,0.48459905,-1.3141761,-0.07304349,0.9632868,-1.3100214,0.4210283,0.13625069,-0.92560196,0.18267542,2.0152137,-1.2934189,0.0036817477,0.0034879714,-0.0009099056,0.0065883906,0.0019377619,-0.00040440247,0.00077510474,0.0019377619,-0.002426415,0.0013564334,0.0,0.0013143081,nan,nan,nan,nan,nan,nan,nan,nan,nan,nan,nan,nan,nan,nan,nan,nan,nan,nan,nan,nan,nan,nan,nan,nan
nan,nan,nan,-0.10545449,-0.15847912,-0.98171467,-0.4043726,0.48462933,-1.3141918,-0.07216539,0.96292347,-1.3100214,0.42202738,0.13625069,-0.9255705,0.18361402,2.015244,-1.2934346,0.004263076,0.00077510474,-0.0010110063,0.0015502095,-0.003100419,-0.00010110062,0.004263076,0.0015502095,0.00050550315,0.0011626572,0.0,0.00040440247,nan,nan,nan,nan,nan,nan,nan,nan,nan,nan,nan,nan,nan,nan,nan,nan,nan,nan,nan,nan,nan,nan,nan,nan
nan,nan,nan,-0.1054933,-0.15778024,-0.9818231,-0.40307066,0.4846596,-1.3142076,-0.071317635,0.9625905,-1.3100214,0.42342022,0.13625069,-0.9255862,0.18440123,2.0152137,-1.2934346,0.007169719,-0.0005813286,-0.00080880494,0.006200838,-0.0015502095,0.0,0.0023253143,0.0025190904,-0.0011121068,0.00019377618,-0.0023253143,0.00030330187,nan,nan,nan,nan,nan,nan,nan,nan,nan,nan,nan,nan,nan,nan,nan,nan,nan,nan,nan,nan,nan,nan,nan,nan
nan,nan,nan,-0.10550934,-0.15702674,-0.9819422,-0.40182927,0.484811,-1.3142393,-0.0704396,0.96225744,-1.3100371,0.42463127,0.13625069,-0.9255862,0.1855215,2.015244,-1.2934189,0.0034879714,0.0048444048,-0.0012132075,0.0036817477,-0.0019377619,0.0,0.0023253143,0.0034879714,-0.0014154087,0.0019377619,-0.003100419,-0.00040440247,nan,nan,nan,nan,nan,nan,nan,nan,nan,nan,nan,nan,nan,nan,nan,nan,nan,nan,nan,nan,nan,nan,nan,nan
nan,nan,nan,-0.10551461,-0.15608975,-0.98209095,-0.40013373,0.4849624,-1.3142865,-0.06934961,0.961773,-1.3100371,0.4260846,0.13625069,-0.9255862,0.18718676,2.0153954,-1.2934346,0.0025190904,0.0013564334,-0.0010110063,0.0019377619,-0.0013564334,0.0,0.0017439857,0.0015502095,-0.0023253143,0.005038181,0.0015502095,-0.00050550315,nan,nan,nan,nan,nan,nan,nan,nan,nan,nan,nan,nan,nan,nan,nan,nan,nan,nan,nan,nan,nan,nan,nan,nan
nan,nan,nan,-0.10553434,-0.15520401,-0.98222923,-0.39895293,0.4851138,-1.3143182,-0.06853213,0.9614096,-1.3100529,0.42738655,0.13628097,-0.9255705,0.18815565,2.0155466,-1.2934189,0.0013564334,0.00019377618,0.0009099056,0.0032941953,-0.0044568526,-0.0014154087,0.0019377619,0.0032941953,0.00050550315,0.0019377619,0.0015502095,-0.00020220123,nan,nan,nan,nan,nan,nan,nan,nan,nan,nan,nan,nan,nan,nan,nan,nan,nan,nan,nan,nan,nan,nan,nan,nan
nan,nan,nan,-0.105525434,-0.15435834,-0.9823634,-0.3974693,0.4852652,-1.3143814,-0.067684315,0.961016,-1.3100686,0.42820403,0.13628097,-0.9255862,0.1894273,2.0155165,-1.2933872,0.0027128668,0.0015502095,-0.00080880494,0.0052319574,-0.0036817477,0.0011121068,0.0019377619,0.0,-0.00080880494,0.0038755238,-0.003100419,-0.0012132075,nan,nan,nan,nan,nan,nan,nan,nan,nan,nan,nan,nan,nan,nan,nan,nan,nan,nan,nan,nan,nan,nan,nan,nan
nan,nan,nan,-0.1054987,-0.15372212,-0.98246604,-0.39604628,0.48529547,-1.3144445,-0.06689712,0.9607133,-1.3100686,0.4289004,0.13634153,-0.9255862,0.1913045,2.015607,-1.2934189,0.0017439857,-0.00019377618,-0.00020220123,0.004263076,-0.0019377619,0.0,0.0,0.003100419,0.00050550315,0.00019377618,0.00096888095,-0.00050550315,nan,nan,nan,nan,nan,nan,nan,nan,nan,nan,nan,nan,nan,nan,nan,nan,nan,nan,nan,nan,nan,nan,nan,nan
nan,nan,nan,-0.10549804,-0.15324436,-0.9825407,-0.3951985,0.48532575,-1.3144603,-0.066261314,0.96053165,-1.3100843,0.4294757,0.13634153,-0.9255862,0.19269727,2.0157282,-1.2934029,0.003100419,0.0025190904,0.00050550315,0.0046506287,-0.00096888095,0.0,0.0015502095,0.0027128668,-0.00010110062,0.0019377619,0.0011626572,0.0010110063,nan,nan,nan,nan,nan,nan,nan,nan,nan,nan,nan,nan,nan,nan,nan,nan,nan,nan,nan,nan,nan,nan,nan,nan
nan,nan,nan,-0.105493195,-0.15268277,-0.9826287,-0.3941085,0.48535603,-1.3145077,-0.06571629,0.96035,-1.3101003,0.43017212,0.13631125,-0.9255862,0.19451393,2.0158494,-1.2934029,0.0052319574,0.0,-0.0014154087,-0.0027128668,-0.0019377619,0.00020220123,0.0011626572,0.0,0.00030330187,0.002131538,-0.00038755237,0.0,nan,nan,nan,nan,nan,nan,nan,nan,nan,nan,nan,nan,nan,nan,nan,nan,nan,nan,nan,nan,nan,nan,nan,nan
nan,nan,nan,-0.10549267,-0.15222475,-0.9826998,-0.39295796,0.48532575,-1.3145235,-0.06498965,0.9601683,-1.310116,0.43114093,0.13631125,-0.9255862,0.19545253,2.0159404,-1.2933872,0.0036817477,-0.00096888095,-0.00070770434,0.0027128668,-0.0013564334,0.00010110062,0.0023253143,-0.00096888095,0.00050550315,-0.0011626572,0.0027128668,0.0015165093,nan,nan,nan,nan,nan,nan,nan,nan,nan,nan,nan,nan,nan,nan,nan,nan,nan,nan,nan,nan,nan,nan,nan,nan
nan,nan,nan,-0.105500445,-0.15164019,-0.98278934,-0.39159548,0.48532575,-1.3145077,-0.064384066,0.95992607,-1.310116,0.4320493,0.13634153,-0.9255862,0.19578558,2.0158799,-1.2933872,0.0019377619,-0.00096888095,0.0020220126,0.0056195096,-0.0040693,0.00050550315,0.0015502095,-0.00077510474,0.00010110062,-0.00038755237,-0.0023253143,-0.0014154087,nan,nan,nan,nan,nan,nan,nan,nan,nan,nan,nan,nan,nan,nan,nan,nan,nan,nan,nan,nan,nan,nan,nan,nan
nan,nan,nan,-0.10553978,-0.15102813,-0.9828794,-0.39014214,0.48535603,-1.3145392,-0.0638391,0.9597444,-1.3101318,0.4330484,0.13634153,-0.9255862,0.19614892,2.01591,-1.2934029,0.0048444048,0.00077510474,-0.0010110063,0.0019377619,-0.0019377619,0.00070770434,0.0034879714,-0.00019377618,0.00010110062,0.0013564334,-0.00096888095,-0.00030330187,nan,nan,nan,nan,nan,nan,nan,nan,nan,nan,nan,nan,nan,nan,nan,nan,nan,nan,nan,nan,nan,nan,nan,nan
nan,nan,nan,-0.10553546,-0.15009686,-0.98302245,-0.38844663,0.48535603,-1.3145552,-0.06314274,0.95953244,-1.3101318,0.43459263,0.1363718,-0.92560196,0.19663335,2.0159404,-1.2933872,0.0063946145,-0.00019377618,-0.0025275154,0.0036817477,-0.0027128668,0.0015165093,0.0036817477,0.002906643,-0.0015165093,-0.0013564334,-0.00019377618,0.00030330187,nan,nan,nan,nan,nan,nan,nan,nan,nan,nan,nan,nan,nan,nan,nan,nan,nan,nan,nan,nan,nan,nan,nan,nan
nan,nan,nan,-0.10554076,-0.14919443,-0.9831593,-0.38705385,0.4854166,-1.3145709,-0.06238576,0.9592599,-1.3101318,0.43589452,0.1363718,-0.9255862,0.19739029,2.0159705,-1.2933557,0.0056195096,-0.0017439857,-0.0022242137,0.0034879714,-0.0015502095,0.0010110063,0.0025190904,0.0013564334,0.00040440247,0.00096888095,-0.0023253143,0.002426415,nan,nan,nan,nan,nan,nan,nan,nan,nan,nan,nan,nan,nan,nan,nan,nan,nan,nan,nan,nan,nan,nan,nan,nan
nan,nan,nan,-0.10555011,-0.1484137,-0.9832764,-0.38547942,0.48550743,-1.3145709,-0.061447166,0.9589874,-1.3101318,0.4368029,0.1363718,-0.9255862,0.19808668,2.016001,-1.2933872,0.0048444048,0.0015502095,-0.0009099056,0.0015502095,-0.0013564334,0.0010110063,0.0036817477,0.00077510474,0.00040440247,0.0013564334,-0.0017439857,-0.00080880494,nan,nan,nan,nan,nan,nan,nan,nan,nan,nan,nan,nan,nan,nan,nan,nan,nan,nan,nan,nan,nan,nan,nan,nan
nan,nan,nan,-0.10553738,-0.14775537,-0.9833769,-0.38417748,0.48550743,-1.3145709,-0.060720526,0.9587149,-1.3101478,0.43759003,0.13640209,-0.92560196,0.19854084,2.0159705,-1.2933872,0.0025190904,0.00096888095,-0.00040440247,0.0056195096,0.0,0.00040440247,0.00096888095,0.0019377619,0.00050550315,-0.00096888095,-0.0019377619,-0.00070770434,nan,nan,nan,nan,nan,nan,nan,nan,nan,nan,nan,nan,nan,nan,nan,nan,nan,nan,nan,nan,nan,nan,nan,nan
nan,nan,nan,-0.105521955,-0.14723413,-0.9834568,-0.38290584,0.48547715,-1.3145709,-0.06014522,0.95847267,-1.3101478,0.4385287,0.1363718,-0.9255862,0.19890417,2.016001,-1.2933557,0.0046506287,-0.00038755237,0.0,0.002906643,-0.0013564334,0.0010110063,0.0017439857,0.0,-0.00010110062,0.0011626572,0.00019377618,0.0009099056,nan,nan,nan,nan,nan,nan,nan,nan,nan,nan,nan,nan,nan,nan,nan,nan,nan,nan,nan,nan,nan,nan,nan,nan
nan,nan,nan,-0.10551519,-0.1464665,-0.9835721,-0.38151306,0.48550743,-1.3146024,-0.059539698,0.95823056,-1.3101478,0.43973973,0.1363718,-0.9255862,0.19917667,2.016001,-1.2933557,0.0025190904,0.0019377619,-0.002426415,0.0052319574,0.0,0.0010110063,0.0005813286,0.0,-0.00070770434,-0.0013564334,0.0,0.0,nan,nan,nan,nan,nan,nan,nan,nan,nan,nan,nan,nan,nan,nan,nan,nan,nan,nan,nan,nan,nan,nan,nan,nan
nan,nan,nan,-0.10556659,-0.14567381,-0.9836843,-0.38009003,0.4855377,-1.3145866,-0.058964394,0.9578672,-1.3101792,0.4411023,0.13640209,-0.92560196,0.19947945,2.0159705,-1.2933397,0.0025190904,0.0011626572,-0.0011121068,0.0032941953,-0.0023253143,-0.0012132075,0.0034879714,0.00038755237,-0.0016176099,0.0013564334,-0.0015502095,0.0009099056,nan,nan,nan,nan,nan,nan,nan,nan,nan,nan,nan,nan,nan,nan,nan,nan,nan,nan,nan,nan,nan,nan,nan,nan
nan,nan,nan,-0.10565553,-0.14493084,-0.9837845,-0.37869725,0.48559827,-1.3145866,-0.058177195,0.95753413,-1.3101478,0.44307032,0.13640209,-0.92560196,0.19978222,2.0159404,-1.2933557,0.0027128668,0.00077510474,-0.0009099056,0.0034879714,-0.0011626572,0.0010110063,0.0040693,0.0,-0.0015165093,0.0,-0.0027128668,0.0014154087,nan,nan,nan,nan,nan,nan,nan,nan,nan,nan,nan,nan,nan,nan,nan,nan,nan,nan,nan,nan,nan,nan,nan,nan
nan,nan,nan,-0.10573007,-0.14423066,-0.9838794,-0.37727422,0.4856891,-1.3145709,-0.057389997,0.95720106,-1.3101478,0.44458416,0.13640209,-0.9255705,0.20017582,2.0159404,-1.2933397,0.0038755238,-0.00096888095,0.00050550315,0.0023253143,-0.0032941953,0.0019209118,0.0025190904,0.0,0.00040440247,0.0015502095,0.0005813286,0.00080880494,nan,nan,nan,nan,nan,nan,nan,nan,nan,nan,nan,nan,nan,nan,nan,nan,nan,nan,nan,nan,nan,nan,nan,nan
nan,nan,nan,-0.10576908,-0.1434512,-0.9839892,-0.37603283,0.48577994,-1.3146024,-0.056723855,0.95692855,-1.3101318,0.44591638,0.13643236,-0.9255862,0.20078138,2.0159705,-1.2933397,0.005038181,0.00077510474,-0.0010110063,0.002131538,-0.00096888095,0.0021231133,0.0023253143,0.0019377619,-0.0010110063,0.0019377619,-0.00019377618,0.0,nan,nan,nan,nan,nan,nan,nan,nan,nan,nan,nan,nan,nan,nan,nan,nan,nan,nan,nan,nan,nan,nan,nan,nan
nan,nan,nan,-0.10577253,-0.14262317,-0.98410916,-0.37473089,0.4859919,-1.3146183,-0.055997215,0.95662576,-1.3101792,0.44743028,0.13643236,-0.9255705,0.20165943,2.0159705,-1.293324,0.0063946145,0.00077510474,-0.0010110063,0.0036817477,-0.0005813286,-0.0019209118,0.0005813286,0.0019377619,0.0,0.00077510474,0.0,0.0011121068,nan,nan,nan,nan,nan,nan,nan,nan,nan,nan,nan,nan,nan,nan,nan,nan,nan,nan,nan,nan,nan,nan,nan,nan
nan,nan,nan,-0.105798855,-0.1419168,-0.9842084,-0.37345925,0.48617357,-1.3146498,-0.055331133,0.95632297,-1.3101318,0.44836888,0.13646264,-0.9255862,0.20226498,2.0159404,-1.293324,0.003100419,0.0023253143,-0.0010110063,0.0011626572,-0.0013564334,0.0016176099,-0.00077510474,0.002906643,-0.0010110063,0.00096888095,-0.002131538,0.0,nan,nan,nan,nan,nan,nan,nan,nan,nan,nan,nan,nan,nan,nan,nan,nan,nan,nan,nan,nan,nan,nan,nan,nan
nan,nan,nan,-0.105821006,-0.14145763,-0.9842721,-0.37236926,0.48623413,-1.3146656,-0.054604433,0.9560506,-1.3101318,0.44915608,0.13649292,-0.9255705,0.20253748,2.0159404,-1.2933083,0.0038755238,0.0013564334,-0.0010110063,0.0034879714,-0.0019377619,0.0014154087,0.00019377618,0.0046506287,0.00010110062,-0.00019377618,-0.0005813286,0.0014154087,nan,nan,nan,nan,nan,nan,nan,nan,nan,nan,nan,nan,nan,nan,nan,nan,nan,nan,nan,nan,nan,nan,nan,nan
nan,nan,nan,-0.10590384,-0.14033383,-0.9844241,-0.37046176,0.48635525,-1.3146973,-0.05327227,0.95562667,-1.3101478,0.45130578,0.13643236,-0.9255862,0.20326413,2.01591,-1.293324,0.00077510474,0.0038755238,-0.00060660375,0.0032941953,-0.0005813286,-0.00020220123,0.0015502095,-0.00077510474,-0.0015165093,0.00038755237,-0.0019377619,-0.00060660375,nan,nan,nan,nan,nan,nan,nan,nan,nan,nan,nan,nan,nan,nan,nan,nan,nan,nan,nan,nan,nan,nan,nan,nan
nan,nan,nan,-0.10590384,-0.14033383,-0.9844241,-0.37037092,0.48638552,-1.3146973,-0.05324199,0.9555964,-1.3101478,0.4513966,0.13646264,-0.9255705,0.20329441,2.0159404,-1.2933083,0.0025190904,0.0046506287,-0.00060660375,0.0019377619,0.00096888095,0.00060660375,0.0025190904,0.0019377619,0.0,0.00019377618,0.00096888095,0.00070770434,nan,nan,nan,nan,nan,nan,nan,nan,nan,nan,nan,nan,nan,nan,nan,nan,nan,nan,nan,nan,nan,nan,nan,nan
nan,nan,nan,-0.10600334,-0.13957866,-0.98452073,-0.36937177,0.48650664,-1.3147287,-0.05257585,0.9553239,-1.3101478,0.4524866,0.13649292,-0.9255545,0.2037183,2.0158799,-1.2933083,0.002906643,0.00019377618,-0.0016176099,0.0025190904,-0.0019377619,0.00010110062,0.005038181,0.003100419,-0.00050550315,-0.0015502095,-0.0019377619,0.00050550315,nan,nan,nan,nan,nan,nan,nan,nan,nan,nan,nan,nan,nan,nan,nan,nan,nan,nan,nan,nan,nan,nan,nan,nan
nan,nan,nan,-0.10605445,-0.1388725,-0.9846151,-0.36843318,0.48668832,-1.3147604,-0.051909767,0.95489997,-1.3101478,0.45354632,0.13655342,-0.9255705,0.2041119,2.0158799,-1.2933083,0.00038755237,0.0,0.00060660375,-0.00019377618,-0.0017439857,0.0,0.0034879714,0.004263076,-0.00060660375,-0.00096888095,0.0,-0.00080880494,nan,nan,nan,nan,nan,nan,nan,nan,nan,nan,nan,nan,nan,nan,nan,nan,nan,nan,nan,nan,nan,nan,nan,nan
nan,nan,nan,-0.10609698,-0.13833533,-0.98468614,-0.3675854,0.48680943,-1.3148236,-0.051273905,0.95450634,-1.3101478,0.45439413,0.13655342,-0.9255862,0.20450552,2.0158494,-1.2932925,0.0036817477,-0.00019377618,0.00010110062,0.0027128668,-0.0013564334,0.0,-0.002131538,0.00096888095,-0.0022242137,0.00038755237,-0.0019377619,0.0013143081,nan,nan,nan,nan,nan,nan,nan,nan,nan,nan,nan,nan,nan,nan,nan,nan,nan,nan,nan,nan,nan,nan,nan,nan
nan,nan,nan,-0.1061247,-0.13784806,-0.98475146,-0.3667679,0.48696083,-1.3148711,-0.05066838,0.95405215,-1.3101478,0.4550905,0.1365837,-0.9255388,0.2049294,2.0158494,-1.2932925,0.003100419,0.005038181,-0.0014154087,0.0005813286,-0.0034879714,0.00020220123,0.00096888095,0.0034879714,0.0022242137,0.003100419,-0.0019377619,0.0011121068,nan,nan,nan,nan,nan,nan,nan,nan,nan,nan,nan,nan,nan,nan,nan,nan,nan,nan,nan,nan,nan,nan,nan,nan
nan,nan,nan,-0.1061607,-0.13734768,-0.9848175,-0.36585957,0.4870214,-1.3149025,-0.050093077,0.95362836,-1.3101635,0.45560518,0.13655342,-0.9255705,0.20538357,2.0158494,-1.2932765,0.0023253143,0.0017439857,-0.0010110063,0.004263076,-0.00096888095,0.00030330187,-0.00019377618,-0.0017439857,-0.00070770434,0.00077510474,-0.0017439857,0.00060660375,nan,nan,nan,nan,nan,nan,nan,nan,nan,nan,nan,nan,nan,nan,nan,nan,nan,nan,nan,nan,nan,nan,nan,nan
nan,nan,nan,-0.106110655,-0.13678949,-0.9849006,-0.36476958,0.48711222,-1.3149343,-0.049517833,0.9531136,-1.3101635,0.45608965,0.13664426,-0.9255862,0.20592856,2.0158494,-1.2932925,0.0013564334,0.0044568526,-0.00020220123,0.0046506287,-0.0036817477,0.0,-0.00096888095,0.0036817477,-0.0015165093,0.00096888095,-0.0011626572,0.00050550315,nan,nan,nan,nan,nan,nan,nan,nan,nan,nan,nan,nan,nan,nan,nan,nan,nan,nan,nan,nan,nan,nan,nan,nan
nan,nan,nan,-0.10607758,-0.13631004,-0.9849706,-0.36355847,0.48711222,-1.31495,-0.049093924,0.95275027,-1.3101792,0.4565741,0.13670482,-0.9255705,0.20629188,2.0158494,-1.2933083,0.0034879714,0.003100419,0.00070770434,0.0015502095,-0.00077510474,-0.00010110062,0.0,0.00038755237,0.00020220123,0.0019377619,0.0011626572,-0.0016176099,nan,nan,nan,nan,nan,nan,nan,nan,nan,nan,nan,nan,nan,nan,nan,nan,nan,nan,nan,nan,nan,nan,nan,nan
nan,nan,nan,-0.10612965,-0.13584623,-0.9850291,-0.36231712,0.48705167,-1.3149657,-0.048639797,0.9524172,-1.3101792,0.45702824,0.13676538,-0.9255862,0.2065341,2.0157888,-1.2932925,0.0054257335,0.00019377618,0.0,0.0036817477,-0.0023253143,-0.0011121068,-0.0065883906,0.00019377618,0.00050550315,0.0019377619,-0.0011626572,-0.00030330187,nan,nan,nan,nan,nan,nan,nan,nan,nan,nan,nan,nan,nan,nan,nan,nan,nan,nan,nan,nan,nan,nan,nan,nan
nan,nan,nan,-0.106161885,-0.13533722,-0.9850957,-0.361106,0.48705167,-1.3149817,-0.048306726,0.9520841,-1.3101792,0.45781544,0.13679565,-0.92560196,0.20689744,2.0157888,-1.2932608,0.0040693,0.002131538,-0.0010110063,-0.00038755237,-0.0019377619,0.00010110062,0.0034879714,0.0023253143,-0.0021231133,0.0011626572,0.00077510474,0.0010110063,nan,nan,nan,nan,nan,nan,nan,nan,nan,nan,nan,nan,nan,nan,nan,nan,nan,nan,nan,nan,nan,nan,nan,nan
nan,nan,nan,-0.10617257,-0.13469175,-0.985183,-0.35998574,0.4870214,-1.3149657,-0.047913097,0.95166034,-1.3101792,0.45884493,0.13676538,-0.9255862,0.20738187,2.0157282,-1.2932765,0.0032941953,0.0,0.0010110063,0.00096888095,-0.002906643,0.0010110063,0.0015502095,-0.0011626572,-0.0010110063,-0.0019377619,-0.0013564334,0.0010110063,nan,nan,nan,nan,nan,nan,nan,nan,nan,nan,nan,nan,nan,nan,nan,nan,nan,nan,nan,nan,nan,nan,nan,nan
nan,nan,nan,-0.10620304,-0.13405521,-0.9852665,-0.3588049,0.48705167,-1.3150132,-0.04739841,0.95117587,-1.3101478,0.45981374,0.13682593,-0.9255862,0.20792687,2.0157282,-1.2932608,0.0027128668,0.0011626572,-0.0025275154,0.00077510474,-0.0019377619,0.0028308174,0.0027128668,0.0013564334,-0.00080880494,0.0013564334,0.00096888095,0.0013143081,nan,nan,nan,nan,nan,nan,nan,nan,nan,nan,nan,nan,nan,nan,nan,nan,nan,nan,nan,nan,nan,nan,nan,nan
nan,nan,nan,-0.10619175,-0.13349065,-0.9853444,-0.35765436,0.48705167,-1.3149817,-0.046823107,0.9505703,-1.3101635,0.460601,0.13688649,-0.9255862,0.20841132,2.0156982,-1.2932765,0.0056195096,0.0019377619,0.0,0.0025190904,-0.002906643,0.0016176099,0.00096888095,-0.00038755237,-0.00060660375,0.003100419,0.0019377619,-0.00010110062,nan,nan,nan,nan,nan,nan,nan,nan,nan,nan,nan,nan,nan,nan,nan,nan,nan,nan,nan,nan,nan,nan,nan,nan
nan,nan,nan,-0.106204286,-0.13294739,-0.9854165,-0.3565341,0.48705167,-1.3149817,-0.046217583,0.95002526,-1.310195,0.4615396,0.13694705,-0.9255862,0.20901686,2.0156677,-1.2932608,0.0023253143,0.0027128668,0.0,0.00077510474,-0.00096888095,-0.0009099056,0.00096888095,0.0019377619,-0.0011121068,0.00038755237,0.0,0.002426415,nan,nan,nan,nan,nan,nan,nan,nan,nan,nan,nan,nan,nan,nan,nan,nan,nan,nan,nan,nan,nan,nan,nan,nan
nan,nan,nan,-0.106231205,-0.13224173,-0.9855085,-0.35538355,0.48705167,-1.3149974,-0.045490943,0.9492684,-1.310195,0.46269014,0.13694705,-0.9255705,0.20980409,2.0156677,-1.2932608,0.0034879714,0.002131538,-0.00060660375,0.0017439857,-0.0073634954,-0.00080880494,-0.00077510474,0.003100419,0.00010110062,0.00096888095,-0.0005813286,0.0010110063,nan,nan,nan,nan,nan,nan,nan,nan,nan,nan,nan,nan,nan,nan,nan,nan,nan,nan,nan,nan,nan,nan,nan,nan
nan,nan,nan,-0.10625334,-0.13136941,-0.9856228,-0.35371828,0.48708194,-1.3150132,-0.0448248,0.94860226,-1.310195,0.4638104,0.13694705,-0.9255862,0.21074268,2.0156677,-1.2932608,0.0017439857,0.0,-0.0009099056,0.0015502095,-0.005813286,-0.00030330187,0.002131538,0.0013564334,-0.00080880494,0.00038755237,-0.0015502095,0.00080880494,nan,nan,nan,nan,nan,nan,nan,nan,nan,nan,nan,nan,nan,nan,nan,nan,nan,nan,nan,nan,nan,nan,nan,nan
nan,nan,nan,-0.10628211,-0.13054994,-0.98572856,-0.35211357,0.48711222,-1.3150289,-0.04409816,0.9479967,-1.3101792,0.46468845,0.13703789,-0.92560196,0.21156017,2.0156376,-1.2932451,0.0063946145,0.0023253143,-0.0015165093,-0.00077510474,-0.00077510474,0.00080880494,0.003100419,0.0027128668,-0.0015165093,0.0,-0.0013564334,0.0010110063,nan,nan,nan,nan,nan,nan,nan,nan,nan,nan,nan,nan,nan,nan,nan,nan,nan,nan,nan,nan,nan,nan,nan,nan
nan,nan,nan,-0.10624038,-0.13006021,-0.9857978,-0.35093275,0.48705167,-1.3150289,-0.04340174,0.9474215,-1.310195,0.46538487,0.13706817,-0.9255862,0.21207489,2.0156982,-1.2932608,0.0036817477,-0.002906643,-0.0010110063,0.00096888095,-0.0046506287,0.00040440247,0.0027128668,0.00019377618,0.00040440247,-0.0032941953,0.0011626572,-0.00050550315,nan,nan,nan,nan,nan,nan,nan,nan,nan,nan,nan,nan,nan,nan,nan,nan,nan,nan,nan,nan,nan,nan,nan,nan
nan,nan,nan,-0.106230676,-0.12955956,-0.98586476,-0.34972164,0.48708194,-1.3150132,-0.0426751,0.94690675,-1.310195,0.4661418,0.13709845,-0.92560196,0.21283184,2.0156982,-1.2932608,0.0052319574,0.0017439857,0.00010110062,0.0027128668,-0.0038755238,0.00050550315,0.002131538,0.0013564334,-0.0014154087,-0.0017439857,-0.00038755237,-0.00050550315,nan,nan,nan,nan,nan,nan,nan,nan,nan,nan,nan,nan,nan,nan,nan,nan,nan,nan,nan,nan,nan,nan,nan,nan
nan,nan,nan,-0.10622826,-0.12888625,-0.9859533,-0.3487225,0.48711222,-1.3150289,-0.04197874,0.9462709,-1.310195,0.46714094,0.13706817,-0.92560196,0.21380071,2.0156982,-1.2932451,0.0019377619,0.00077510474,-0.0010110063,-0.0015502095,-0.0034879714,0.0016176099,0.00077510474,-0.00077510474,-0.0014154087,0.0023253143,-0.002906643,0.00070770434,nan,nan,nan,nan,nan,nan,nan,nan,nan,nan,nan,nan,nan,nan,nan,nan,nan,nan,nan,nan,nan,nan,nan,nan
nan,nan,nan,-0.10632823,-0.12794003,-0.98606575,-0.34732974,0.48723334,-1.3150449,-0.04091903,0.9452414,-1.3102267,0.46868506,0.13712873,-0.92560196,0.2148907,2.0157588,-1.2932293,0.0040693,0.0,-0.00070770434,0.0013564334,-0.0046506287,-0.00020220123,-0.00038755237,0.00019377618,-0.0012132075,-0.00077510474,0.0011626572,0.0025275154,nan,nan,nan,nan,nan,nan,nan,nan,nan,nan,nan,nan,nan,nan,nan,nan,nan,nan,nan,nan,nan,nan,nan,nan
nan,nan,nan,-0.10635551,-0.12746644,-0.98612416,-0.3465425,0.48732406,-1.3150606,-0.04043456,0.9446965,-1.3102267,0.46971455,0.137159,-0.9255862,0.21525404,2.0157282,-1.2932451,0.0040693,0.0019377619,-0.0010110063,0.00038755237,-0.0011626572,-0.00020220123,0.0046506287,0.0019377619,0.00050550315,-0.00038755237,-0.0005813286,0.00010110062,nan,nan,nan,nan,nan,nan,nan,nan,nan,nan,nan,nan,nan,nan,nan,nan,nan,nan,nan,nan,nan,nan,nan,nan
nan,nan,nan,-0.106369205,-0.12681451,-0.9862067,-0.34545252,0.48750573,-1.3150606,-0.0397382,0.9441212,-1.3102424,0.47116783,0.13724984,-0.9255862,0.21576875,2.0157282,-1.2932451,0.004263076,0.0046506287,0.00050550315,0.003100419,-0.0019377619,-0.0013143081,0.00077510474,0.00038755237,-0.00050550315,-0.00038755237,0.00077510474,0.0011121068,nan,nan,nan,nan,nan,nan,nan,nan,nan,nan,nan,nan,nan,nan,nan,nan,nan,nan,nan,nan,nan,nan,nan,nan
nan,nan,nan,-0.10639051,-0.12616706,-0.9862875,-0.3443928,0.48765713,-1.3151238,-0.03907206,0.94357616,-1.3102582,0.47213677,0.13724984,-0.9255862,0.21643487,2.0157282,-1.2932451,0.006200838,0.003100419,-0.0023253143,0.0048444048,-0.002906643,0.0,0.002906643,-0.00038755237,-0.00070770434,0.0019377619,-0.00019377618,0.00080880494,nan,nan,nan,nan,nan,nan,nan,nan,nan,nan,nan,nan,nan,nan,nan,nan,nan,nan,nan,nan,nan,nan,nan,nan
nan,nan,nan,-0.10641499,-0.12537861,-0.98638535,-0.34324226,0.48780853,-1.3151712,-0.038375698,0.94291013,-1.3102582,0.47316614,0.13728012,-0.9255545,0.21752486,2.0157282,-1.2932293,0.0038755238,0.0027128668,0.00040440247,0.0015502095,-0.0048444048,0.0010110063,0.00038755237,0.00096888095,0.0019209118,0.0032941953,-0.0019377619,0.0025275154,nan,nan,nan,nan,nan,nan,nan,nan,nan,nan,nan,nan,nan,nan,nan,nan,nan,nan,nan,nan,nan,nan,nan,nan
nan,nan,nan,-0.10635268,-0.12433937,-0.9865236,-0.34163755,0.48808104,-1.3152976,-0.03752794,0.9419715,-1.3102741,0.47480115,0.13724984,-0.9255862,0.2189479,2.0157888,-1.2932608,0.0065883906,0.0056195096,-0.0010110063,0.0044568526,-0.0046506287,-0.00050550315,0.00096888095,-0.00096888095,-0.0012132075,0.0017439857,0.0,-0.00080880494,nan,nan,nan,nan,nan,nan,nan,nan,nan,nan,nan,nan,nan,nan,nan,nan,nan,nan,nan,nan,nan,nan,nan,nan
nan,nan,nan,-0.10634328,-0.12380945,-0.9865913,-0.34082007,0.48817188,-1.315424,-0.036982916,0.9413659,-1.3102741,0.4754975,0.13734068,-0.9255862,0.2194929,2.0157588,-1.2932608,0.0032941953,0.003100419,-0.00050550315,0.0019377619,-0.0027128668,0.0016176099,0.002906643,0.0011626572,-0.0010110063,0.00038755237,-0.0027128668,-0.00040440247,nan,nan,nan,nan,nan,nan,nan,nan,nan,nan,nan,nan,nan,nan,nan,nan,nan,nan,nan,nan,nan,nan,nan,nan
nan,nan,nan,-0.106347136,-0.123150446,-0.98667336,-0.33973008,0.48832327,-1.3155978,-0.036256276,0.94073004,-1.3102899,0.47631505,0.13740118,-0.9256177,0.22034067,2.0157888,-1.2932608,0.005813286,0.0046506287,-0.0010110063,0.0032941953,-0.0023253143,0.00080880494,0.003100419,-0.0011626572,-0.002931918,-0.0011626572,0.00019377618,0.0,nan,nan,nan,nan,nan,nan,nan,nan,nan,nan,nan,nan,nan,nan,nan,nan,nan,nan,nan,nan,nan,nan,nan,nan
nan,nan,nan,-0.10635366,-0.12253947,-0.9867487,-0.33876118,0.48847455,-1.3158345,-0.035680972,0.94030625,-1.3103056,0.4771628,0.13743146,-0.9255862,0.2213701,2.0158494,-1.2932451,0.00019377618,0.003100419,-0.0030330187,0.0011626572,-0.0046506287,0.0,0.00038755237,-0.00077510474,-0.00010110062,0.0019377619,0.002131538,0.00040440247,nan,nan,nan,nan,nan,nan,nan,nan,nan,nan,nan,nan,nan,nan,nan,nan,nan,nan,nan,nan,nan,nan,nan,nan
nan,nan,nan,-0.10638741,-0.12179384,-0.9868374,-0.33745927,0.48865622,-1.31604,-0.03498461,0.9398218,-1.3103213,0.47861615,0.13740118,-0.9255862,0.22236925,2.0158494,-1.2932451,0.0044568526,0.0005813286,0.00030330187,0.0038755238,-0.0027128668,0.00010110062,0.0040693,-0.0027128668,-0.00010110062,0.00096888095,-0.0023253143,0.0009099056,nan,nan,nan,nan,nan,nan,nan,nan,nan,nan,nan,nan,nan,nan,nan,nan,nan,nan,nan,nan,nan,nan,nan,nan
nan,nan,nan,-0.10639127,-0.12089688,-0.98694724,-0.33609676,0.48880762,-1.316277,-0.03422769,0.9392465,-1.3103213,0.4799483,0.13743146,-0.9255862,0.22309592,2.0158494,-1.2932608,0.0069759428,0.00038755237,0.00010110062,0.0036817477,-0.0052319574,0.0010110063,0.005038181,-0.00096888095,-0.0009099056,0.0005813286,-0.0019377619,-0.00050550315,nan,nan,nan,nan,nan,nan,nan,nan,nan,nan,nan,nan,nan,nan,nan,nan,nan,nan,nan,nan,nan,nan,nan,nan
nan,nan,nan,-0.10643347,-0.1199023,-0.987064,-0.33440122,0.48901957,-1.316514,-0.033319376,0.93870157,-1.3103213,0.4814622,0.13755257,-0.9255705,0.2237923,2.0158193,-1.2932451,0.0065883906,-0.0023253143,-0.0016176099,0.0011626572,-0.0019377619,0.0013143081,0.0032941953,0.0023253143,0.00050550315,0.00096888095,-0.002906643,0.0012132075,nan,nan,nan,nan,nan,nan,nan,nan,nan,nan,nan,nan,nan,nan,nan,nan,nan,nan,nan,nan,nan,nan,nan,nan
nan,nan,nan,-0.10646408,-0.11889026,-0.9871831,-0.33270568,0.4892618,-1.3166876,-0.03247156,0.938096,-1.3103213,0.48288527,0.13764341,-0.9255862,0.22488229,2.0158193,-1.2932608,0.007169719,0.00019377618,-0.00030330187,0.0017439857,-0.0054257335,0.0013143081,0.0032941953,0.0048444048,-0.00070770434,0.0027128668,-0.0023253143,0.0,nan,nan,nan,nan,nan,nan,nan,nan,nan,nan,nan,nan,nan,nan,nan,nan,nan,nan,nan,nan,nan,nan,nan,nan
nan,nan,nan,-0.10647335,-0.11800791,-0.987288,-0.3313432,0.48947376,-1.3168774,-0.031623803,0.9376115,-1.3103213,0.48382387,0.13764341,-0.9255862,0.22612368,2.0158494,-1.2932608,0.0065883906,0.0027128668,-0.0021231133,0.0011626572,-0.00019377618,0.0018198112,0.005038181,0.0025190904,0.0,-0.0013564334,0.0,-0.00020220123,nan,nan,nan,nan,nan,nan,nan,nan,nan,nan,nan,nan,nan,nan,nan,nan,nan,nan,nan,nan,nan,nan,nan,nan
nan,nan,nan,-0.10643719,-0.117200226,-0.9873881,-0.33004126,0.48962516,-1.3170352,-0.030897165,0.93700594,-1.3103373,0.48479274,0.13761313,-0.9255862,0.22721367,2.0158799,-1.2932451,0.002906643,0.0015502095,0.0,0.006007062,-0.0013564334,-0.00010110062,0.0034879714,-0.00077510474,0.00040440247,0.0015502095,0.0,0.0009099056,nan,nan,nan,nan,nan,nan,nan,nan,nan,nan,nan,nan,nan,nan,nan,nan,nan,nan,nan,nan,nan,nan,nan,nan
nan,nan,nan,-0.10644572,-0.1165041,-0.98746955,-0.32861823,0.489716,-1.3171933,-0.030140186,0.936582,-1.310353,0.4859433,0.13758285,-0.9255862,0.22815226,2.0158799,-1.2932451,0.005038181,0.00038755237,-0.00040440247,0.0056195096,-0.00077510474,-0.0013143081,0.0027128668,-0.0038755238,0.00020220123,0.0019377619,-0.0013564334,0.0012132075,nan,nan,nan,nan,nan,nan,nan,nan,nan,nan,nan,nan,nan,nan,nan,nan,nan,nan,nan,nan,nan,nan,nan,nan
nan,nan,nan,-0.10650382,-0.11576463,-0.98755026,-0.327286,0.48980683,-1.3173511,-0.029352987,0.9361581,-1.3103373,0.4871544,0.13770397,-0.92560196,0.22903031,2.01591,-1.2932608,0.006007062,-0.00096888095,-0.0014154087,0.005038181,-0.0034879714,0.00060660375,0.0011626572,0.0005813286,-0.0014154087,0.0011626572,0.00096888095,-0.00040440247,nan,nan,nan,nan,nan,nan,nan,nan,nan,nan,nan,nan,nan,nan,nan,nan,nan,nan,nan,nan,nan,nan,nan,nan
nan,nan,nan,-0.10653596,-0.114904016,-0.9876473,-0.32577214,0.48995823,-1.3174775,-0.028596068,0.9357949,-1.3103373,0.4885774,0.13782509,-0.92560196,0.22993864,2.01591,-1.2932451,0.0036817477,-0.00077510474,0.00020220123,0.00077510474,-0.0005813286,0.0,0.0017439857,0.0019377619,-0.0010110063,-0.0013564334,0.00038755237,0.00080880494,nan,nan,nan,nan,nan,nan,nan,nan,nan,nan,nan,nan,nan,nan,nan,nan,nan,nan,nan,nan,nan,nan,nan,nan
nan,nan,nan,-0.10660647,-0.113961324,-0.9877489,-0.32437935,0.49023074,-1.3176513,-0.027869368,0.93528014,-1.3103213,0.49045464,0.13776453,-0.9255705,0.23072585,2.0158799,-1.2932451,0.0054257335,0.0025190904,0.00020220123,0.0036817477,-0.0032941953,0.0012132075,0.0048444048,0.0,0.00070770434,0.0,-0.0019377619,0.00070770434,nan,nan,nan,nan,nan,nan,nan,nan,nan,nan,nan,nan,nan,nan,nan,nan,nan,nan,nan,nan,nan,nan,nan,nan
nan,nan,nan,-0.106518604,-0.11277041,-0.9878951,-0.32277465,0.49062437,-1.3179357,-0.026930774,0.93440205,-1.3103373,0.49208966,0.13779481,-0.9255862,0.23178557,2.0158799,-1.2932451,0.0005813286,0.0038755238,-0.0009099056,0.0044568526,-0.0054257335,-0.00020220123,0.0023253143,0.00038755237,0.0,0.0023253143,0.0,0.0,nan,nan,nan,nan,nan,nan,nan,nan,nan,nan,nan,nan,nan,nan,nan,nan,nan,nan,nan,nan,nan,nan,nan,nan
nan,nan,nan,-0.10657297,-0.1118159,-0.98799765,-0.32132134,0.49089688,-1.3181727,-0.026052738,0.9336452,-1.3103373,0.49348238,0.13788565,-0.9255862,0.23287556,2.0158799,-1.2932451,0.0048444048,0.0017439857,-0.0010110063,0.0036817477,-0.0036817477,0.00010110062,0.0034879714,0.0015502095,0.0,0.00019377618,-0.00019377618,0.00010110062,nan,nan,nan,nan,nan,nan,nan,nan,nan,nan,nan,nan,nan,nan,nan,nan,nan,nan,nan,nan,nan,nan,nan,nan
nan,nan,nan,-0.10662789,-0.11117864,-0.9880637,-0.32047355,0.49107856,-1.318299,-0.025326097,0.933191,-1.3103213,0.49457237,0.1379462,-0.92560196,0.23354167,2.0158799,-1.2932293,0.0038755238,0.0044568526,-0.00070770434,0.002906643,-0.0036817477,0.0014154087,0.00077510474,0.0038755238,-0.0012132075,0.0005813286,-0.0005813286,0.0016176099,nan,nan,nan,nan,nan,nan,nan,nan,nan,nan,nan,nan,nan,nan,nan,nan,nan,nan,nan,nan,nan,nan,nan,nan
nan,nan,nan,-0.10668196,-0.11040292,-0.9881448,-0.31935328,0.49126023,-1.3184886,-0.02450856,0.932646,-1.3103213,0.49584404,0.13791592,-0.9255862,0.23426832,2.0158494,-1.2932451,0.00077510474,-0.0015502095,-0.00050550315,0.0023253143,-0.0015502095,0.0014154087,0.0027128668,-0.0036817477,-0.00030330187,0.0032941953,-0.0023253143,0.00080880494,nan,nan,nan,nan,nan,nan,nan,nan,nan,nan,nan,nan,nan,nan,nan,nan,nan,nan,nan,nan,nan,nan,nan,nan
nan,nan,nan,-0.106763616,-0.10955028,-0.9882309,-0.3181422,0.49153274,-1.3186307,-0.023842478,0.93210095,-1.3103213,0.49769095,0.13797648,-0.9255705,0.234995,2.0158494,-1.2932293,0.006007062,0.0015502095,-0.00030330187,0.00096888095,-0.0032941953,0.0015165093,0.0034879714,0.002906643,0.00010110062,0.0034879714,-0.0019377619,0.0016176099,nan,nan,nan,nan,nan,nan,nan,nan,nan,nan,nan,nan,nan,nan,nan,nan,nan,nan,nan,nan,nan,nan,nan,nan
nan,nan,nan,-0.106802195,-0.10829854,-0.9883647,-0.31674942,0.4918657,-1.3187728,-0.022873605,0.9314349,-1.3103373,0.49987093,0.13800676,-0.9255705,0.2361758,2.0158799,-1.2932451,0.0036817477,-0.0011626572,0.00050550315,0.0048444048,-0.002906643,0.0,0.0015502095,0.0034879714,-0.00030330187,0.0025190904,0.00096888095,0.0,nan,nan,nan,nan,nan,nan,nan,nan,nan,nan,nan,nan,nan,nan,nan,nan,nan,nan,nan,nan,nan,nan,nan,nan
nan,nan,nan,-0.10682008,-0.10702842,-0.9885011,-0.31523556,0.49238044,-1.318994,-0.021813894,0.9307688,-1.3103213,0.50180864,0.1380976,-0.9255705,0.23781079,2.0158799,-1.2932293,0.0038755238,0.0027128668,-0.0013143081,0.0069759428,-0.0015502095,0.0010110063,0.0032941953,0.0048444048,0.00030330187,0.0023253143,-0.00019377618,0.0018198112,nan,nan,nan,nan,nan,nan,nan,nan,nan,nan,nan,nan,nan,nan,nan,nan,nan,nan,nan,nan,nan,nan,nan,nan
nan,nan,nan,-0.10683425,-0.10588988,-0.9886222,-0.31375194,0.49277407,-1.3191993,-0.02084502,0.9300421,-1.3103373,0.5033831,0.13815816,-0.9255705,0.23920356,2.0158799,-1.2932608,0.00096888095,0.0019377619,-0.00040440247,0.00096888095,-0.00077510474,-0.00020220123,0.00096888095,0.0015502095,0.00030330187,0.002906643,0.00019377618,-0.00050550315,nan,nan,nan,nan,nan,nan,nan,nan,nan,nan,nan,nan,nan,nan,nan,nan,nan,nan,nan,nan,nan,nan,nan,nan
nan,nan,nan,-0.10682048,-0.10494236,-0.98872465,-0.31257114,0.49307674,-1.3194206,-0.020057822,0.92940634,-1.3103213,0.5045639,0.13818844,-0.9255862,0.24047522,2.0158799,-1.2932451,0.0025190904,0.00038755237,-0.00080880494,0.00038755237,-0.0038755238,0.0013143081,0.0040693,-0.00077510474,-0.0015165093,0.002906643,-0.0011626572,0.00060660375,nan,nan,nan,nan,nan,nan,nan,nan,nan,nan,nan,nan,nan,nan,nan,nan,nan,nan,nan,nan,nan,nan,nan,nan
nan,nan,nan,-0.10682274,-0.103982024,-0.9888259,-0.3113903,0.49350065,-1.319689,-0.019119168,0.9287705,-1.3103373,0.50632,0.13818844,-0.9255705,0.24189827,2.0159404,-1.2932293,0.0040693,0.0023253143,0.00020220123,0.005038181,-0.0005813286,-0.00050550315,0.0017439857,0.0019377619,0.00020220123,0.003100419,-0.00096888095,0.0015165093,nan,nan,nan,nan,nan,nan,nan,nan,nan,nan,nan,nan,nan,nan,nan,nan,nan,nan,nan,nan,nan,nan,nan,nan
nan,nan,nan,-0.10677087,-0.10296548,-0.98893785,-0.30981588,0.49389428,-1.3200524,-0.018029178,0.92810434,-1.3103213,0.5079853,0.13821872,-0.9255705,0.24301854,2.016001,-1.2932451,0.0046506287,0.0011626572,-0.0014154087,0.0040693,-0.0019377619,0.0014154087,0.0044568526,0.0027128668,0.0,0.00077510474,0.00077510474,-0.00010110062,nan,nan,nan,nan,nan,nan,nan,nan,nan,nan,nan,nan,nan,nan,nan,nan,nan,nan,nan,nan,nan,nan,nan,nan
nan,nan,nan,-0.10675657,-0.1017846,-0.98906165,-0.30805978,0.49425763,-1.3203843,-0.016969467,0.9274685,-1.3103373,0.50971115,0.13833983,-0.9255705,0.24425991,2.0159404,-1.2932451,0.0046506287,0.0038755238,-0.0012132075,0.004263076,-0.0032941953,-0.00050550315,0.0063946145,0.0023253143,0.00010110062,0.0038755238,-0.002906643,0.00040440247,nan,nan,nan,nan,nan,nan,nan,nan,nan,nan,nan,nan,nan,nan,nan,nan,nan,nan,nan,nan,nan,nan,nan,nan
nan,nan,nan,-0.10678438,-0.10056804,-0.98918307,-0.30615228,0.49453014,-1.3207159,-0.015879476,0.9267116,-1.3103373,0.5111644,0.13846095,-0.9255862,0.24571323,2.0159705,-1.2932293,0.0081386,0.00019377618,0.00010110062,0.0052319574,-0.0034879714,-0.00060660375,0.0015502095,0.0046506287,0.00040440247,0.00077510474,-0.0017439857,0.0019209118,nan,nan,nan,nan,nan,nan,nan,nan,nan,nan,nan,nan,nan,nan,nan,nan,nan,nan,nan,nan,nan,nan,nan,nan
nan,nan,nan,-0.10681609,-0.09951998,-0.98928565,-0.30442646,0.49477237,-1.3210161,-0.014819765,0.9258941,-1.3103213,0.51234525,0.1385215,-0.9255862,0.24707572,2.016001,-1.2932608,0.005038181,0.00038755237,-0.002426415,0.0023253143,-0.0025190904,0.00070770434,0.0019377619,-0.0005813286,-0.0011121068,0.002131538,0.0,-0.00050550315,nan,nan,nan,nan,nan,nan,nan,nan,nan,nan,nan,nan,nan,nan,nan,nan,nan,nan,nan,nan,nan,nan,nan,nan
nan,nan,nan,-0.106793694,-0.09847964,-0.98939216,-0.3028823,0.4950146,-1.3212688,-0.013820613,0.92492527,-1.3103213,0.5138289,0.1385215,-0.9255862,0.24834737,2.016001,-1.2932451,0.007169719,0.002906643,-0.0015165093,0.0044568526,-0.0040693,0.0012132075,0.005813286,-0.0013564334,-0.0009099056,0.0019377619,-0.003100419,0.0,nan,nan,nan,nan,nan,nan,nan,nan,nan,nan,nan,nan,nan,nan,nan,nan,nan,nan,nan,nan,nan,nan,nan,nan
nan,nan,nan,-0.10682424,-0.09749872,-0.98948604,-0.3012776,0.495166,-1.3215058,-0.012882018,0.92407745,-1.3103056,0.51531243,0.13855179,-0.9255862,0.24949792,2.0160615,-1.2932293,0.006007062,0.0025190904,0.00010110062,-0.0005813286,-0.0036817477,0.002426415,0.0027128668,0.0019377619,-0.0010110063,0.0034879714,-0.0013564334,0.0015165093,nan,nan,nan,nan,nan,nan,nan,nan,nan,nan,nan,nan,nan,nan,nan,nan,nan,nan,nan,nan,nan,nan,nan,nan
nan,nan,nan,-0.106831305,-0.09642079,-0.9895909,-0.29964262,0.49525684,-1.3217585,-0.012034262,0.92319936,-1.3103373,0.5168566,0.13870318,-0.9255862,0.24998236,2.0160615,-1.2932451,0.0038755238,-0.0036817477,-0.00040440247,0.0032941953,-0.0027128668,-0.00040440247,0.002131538,0.0013564334,-0.00070770434,-0.0005813286,-0.0019377619,-0.00050550315,nan,nan,nan,nan,nan,nan,nan,nan,nan,nan,nan,nan,nan,nan,nan,nan,nan,nan,nan,nan,nan,nan,nan,nan
nan,nan,nan,-0.10689561,-0.09537201,-0.98968554,-0.29779568,0.49543852,-1.3220112,-0.011186505,0.92220026,-1.3103213,0.5187036,0.13882424,-0.9255705,0.2505879,2.016001,-1.2932451,0.002906643,0.0,-0.0018198112,0.002131538,-0.0032941953,0.0010110063,0.0034879714,0.0034879714,0.00040440247,0.0005813286,-0.002906643,0.0010110063,nan,nan,nan,nan,nan,nan,nan,nan,nan,nan,nan,nan,nan,nan,nan,nan,nan,nan,nan,nan,nan,nan,nan,nan
